date,equity,benchmarkequity
2022-01-03,100000.0,100000.0
2022-01-04,100000.0,99959.02272606005
2022-01-05,100000.0,98044.3946868775
2022-01-06,100000.0,97912.34754064101
2022-01-07,100000.0,97573.1351936006
2022-01-10,100000.0,97445.64570957242
2022-01-11,100000.0,98299.37365493384
2022-01-12,100000.0,98593.05801348179
2022-01-13,100000.0,97233.92284656019
2022-01-14,100000.0,97263.51986029098
2022-01-18,100000.0,95558.3358530165
2022-01-19,100000.0,94554.35095555279
2022-01-20,100000.0,93513.94644635743
2022-01-21,100000.0,91676.72224050228
2022-01-24,100000.0,92059.1906925868
2022-01-25,100000.0,90941.37540240823
2022-01-26,100000.0,90736.48208505264
2022-01-27,100000.0,90276.60979964072
2022-01-28,100000.0,92489.47291192373
2022-01-31,100000.0,94180.99088022909
2022-02-01,100000.0,94795.67777995163
2022-02-02,100000.0,95699.484428358
2022-02-03,100000.0,93475.24105586582
2022-02-04,100000.0,93914.62470430777
2022-02-07,100000.0,93605.00937099814
2022-02-08,100000.0,94363.11672951053
2022-02-09,100000.0,95747.29819561042
2022-02-10,100000.0,94064.88165641007
2022-02-11,100000.0,92188.95900771912
2022-02-14,100000.0,91888.44510351452
2022-02-15,100000.0,93363.68949425513
2022-02-16,100000.0,93475.24105586582
2022-02-17,100000.0,91487.75989790837
2022-02-18,100000.0,90902.67695957242
2022-02-22,100000.0,89907.80043886953
2022-02-23,100000.0,88289.12864168327
2022-02-24,100000.0,89645.98497750072
2022-02-25,100000.0,91603.86912172737
2022-02-28,100000.0,91373.92950519352
2022-03-01,100000.0,90003.41407806275
2022-03-02,100000.0,91656.2336035323
2022-03-03,100000.0,91196.35437046457
2022-03-04,100000.0,90458.73564892217
2022-03-07,100000.0,87788.27213467559
2022-03-08,100000.0,87125.78536301224
2022-03-09,100000.0,89447.92120580179
2022-03-10,100000.0,89049.5148312998
2022-03-11,100000.0,87913.48973525541
2022-03-14,100000.0,87271.48465290623
2022-03-15,100000.0,89186.11269208879
2022-03-16,100000.0,91180.4233957029
2022-03-17,100000.0,92295.95985477732
2022-03-18,100000.0,93315.88267465851
2022-03-21,100000.0,93320.43338921102
2022-03-22,100000.0,94404.10095110629
2022-03-23,100000.0,93188.38624297453
2022-03-24,100000.0,94256.11588245233
2022-03-25,100000.0,94734.20492138588
2022-03-28,100000.0,95387.59026394422
2022-03-29,100000.0,96594.19659531517
2022-03-30,100000.0,95993.16878690595
2022-03-31,100000.0,94517.93134382114
2022-04-01,100000.0,94779.73985753415
2022-04-04,100000.0,95583.3821521948
2022-04-05,100000.0,94401.82212000214
2022-04-06,100000.0,93445.64404213503
2022-04-07,100000.0,93916.90353541193
2022-04-08,100000.0,93689.24274998221
2022-04-11,100000.0,92066.02023824345
2022-04-12,100000.0,91729.0867223072
2022-04-13,100000.0,92764.94051695005
2022-04-14,100000.0,91638.01685001067
2022-04-18,100000.0,91653.95477242814
2022-04-19,100000.0,93117.81195530378
2022-04-20,100000.0,93047.23766763305
2022-04-21,100000.0,91667.61386374147
2022-04-22,100000.0,89165.62405511881
2022-04-25,100000.0,89652.81452315737
2022-04-26,100000.0,87089.35880362478
2022-04-27,100000.0,87314.74075795035
2022-04-28,100000.0,89502.56451871087
2022-04-29,100000.0,86215.1422212934
2022-05-02,100000.0,86756.96905458524
2022-05-03,100000.0,87132.6149086689
2022-05-04,100000.0,89775.75329263305
2022-05-05,100000.0,86622.6500249004
2022-05-06,100000.0,86078.54436050441
2022-05-09,100000.0,83301.07999919963
2022-05-10,100000.0,83515.08169331602
2022-05-11,100000.0,82169.60561770774
2022-05-12,100000.0,82105.86087569366
2022-05-13,100000.0,84043.25638295035
2022-05-16,100000.0,83742.74247874573
2022-05-17,100000.0,85418.32947228942
2022-05-18,100000.0,82035.28658802291
2022-05-19,100000.0,81486.62326141862
2022-05-20,100000.0,81507.11189838858
2022-05-23,100000.0,83052.93057679995
2022-05-24,100000.0,82454.18159949488
2022-05-25,100000.0,83141.72161799231
2022-05-26,100000.0,84794.53419580606
2022-05-27,100000.0,86920.88509800086
2022-05-31,100000.0,86438.2453445148
2022-06-01,100000.0,85714.28571428571
2022-06-02,100000.0,87342.05894057697
2022-06-03,100000.0,85928.2874084021
2022-06-06,100000.0,86162.77773948848
2022-06-07,100000.0,87005.12542464072
2022-06-08,100000.0,86053.49806132613
2022-06-09,100000.0,84029.59729163702
2022-06-10,100000.0,81564.02709474602
2022-06-13,100000.0,78420.03220377419
2022-06-14,100000.0,78224.24726317942
2022-06-15,100000.0,79344.33443680634
2022-06-16,100000.0,76737.62261222965
2022-06-17,100000.0,76937.96521503273
2022-06-21,100000.0,78822.99624048448
2022-06-22,100000.0,78656.80136596471
2022-06-23,100000.0,79483.21112869949
2022-06-24,100000.0,81957.8827546955
2022-06-27,100000.0,81650.53930483424
2022-06-28,100000.0,79886.16821775399
2022-06-29,100000.0,79599.3203525185
2022-06-30,100000.0,78970.97436148264
2022-07-01,100000.0,79781.44620179995
2022-07-05,100000.0,79922.59477714144
2022-07-06,100000.0,80211.72147348107
2022-07-07,100000.0,81388.73079112123
2022-07-08,100000.0,81340.92397152462
2022-07-11,100000.0,80421.17245304496
2022-07-12,100000.0,79678.99606929425
2022-07-13,100000.0,79307.9078774189
2022-07-14,100000.0,79098.4638455108
2022-07-15,100000.0,80594.1968732214
2022-07-18,100000.0,79927.14549169394
2022-07-19,100000.0,82096.75249893284
2022-07-20,100000.0,82622.65530511881
2022-07-21,100000.0,83458.1664969586
2022-07-22,100000.0,82697.78030734207
2022-07-25,100000.0,82779.73485522196
2022-07-26,100000.0,81787.13716562322
2022-07-27,100000.0,83929.42599023548
2022-07-28,100000.0,84990.32608405664
2022-07-29,100000.0,86235.63085826338
2022-08-01,100982.33175923076,85976.09422799872
2022-08-02,100982.33175923076,85420.60135573776
2022-08-03,100982.33175923077,86754.69717113688
2022-08-04,103327.4532872785,86686.39476691448
2022-08-05,100860.53059867513,86506.5477487372
2022-08-08,99716.51437474575,86429.14391540979
2022-08-09,97013.08259344994,86087.65273726522
2022-08-10,101497.21149778528,87890.72226718128
2022-08-11,100192.75505090592,87890.72226718128
2022-08-12,103495.10402214961,89395.56367165268
2022-08-15,104457.62527849566,89778.0321237372
2022-08-16,103884.28079505701,89935.11862149616
2022-08-17,102722.30571246173,89320.43172177362
2022-08-18,102889.84759361763,89595.89932679995
2022-08-19,100092.84741715253,88359.70292935401
2022-08-22,97137.95767624462,86497.43937197638
2022-08-23,97137.95767624462,86292.5460546208
2022-08-24,97309.35126548934,86554.3545683338
2022-08-25,99823.38769764469,87815.59726495802
2022-08-26,95075.39647687114,84805.92140367103
2022-08-29,94377.37131585942,84245.87086920177
2022-08-30,93606.64236592439,83330.67701293042
2022-08-31,92181.5182946451,82675.01283926793
2022-09-01,92944.98019410786,82929.99180732427
2022-09-02,92719.57958739859,82060.33288720119
2022-09-06,91701.63223723717,81784.85833451907
2022-09-07,94151.97070915015,83250.99434849886
2022-09-08,94399.19465674332,83795.10696055065
2022-09-09,96907.70281663508,85088.21855435401
2022-09-12,96907.70281663508,86023.90104759534
2022-09-13,96907.70281663508,82272.05575021343
2022-09-14,96907.70281663508,82579.3992000747
2022-09-15,96907.70281663508,81657.3688504909
2022-09-16,96907.70281663508,81015.36376814172
2022-09-19,96907.70281663508,81636.88021352091
2022-09-20,96907.70281663508,80717.12869504126
2022-09-21,96907.70281663508,79296.52761720974
2022-09-22,96907.70281663508,78627.20435223392
2022-09-23,96907.70281663508,77320.43366711725
2022-09-26,96907.70281663508,76571.42773770988
2022-09-27,96907.70281663508,76355.15416014513
2022-09-28,96907.70281663508,77513.94672426366
2022-09-29,96907.70281663508,75897.55375818156
2022-09-30,96907.70281663508,74741.03307751138
2022-10-03,96907.70281663508,76717.13397525967
2022-10-04,96907.70281663508,79046.09936370589
2022-10-05,96907.70281663508,78909.5015029169
2022-10-06,96907.70281663508,78078.54102562963
2022-10-07,96907.70281663508,75886.16655031659
2022-10-10,96907.70281663508,75319.29341784648
2022-10-11,96907.70281663508,74822.9945730471
2022-10-12,96907.70281663508,74590.78307306489
2022-10-13,96907.70281663508,76544.10955508324
2022-10-14,96907.70281663508,74820.71574194294
2022-10-17,96907.70281663508,76721.68468981217
2022-10-18,96907.70281663508,77625.49828587436
2022-10-19,96907.70281663508,77088.21521947923
2022-10-20,96907.70281663508,76455.31851389086
2022-10-21,96907.70281663508,78292.54271974602
2022-10-24,96907.70281663508,79246.44196650897
2022-10-25,96907.70281663508,80535.00284575982
2022-10-26,96907.70281663508,79933.9750373506
2022-10-27,96907.70281663508,79505.97859677362
2022-10-28,96907.70281663508,81361.41260849459
2022-10-31,96907.70281663508,80808.1985673378
2022-11-01,96907.70281663508,80482.6383639549
2022-11-02,96907.70281663508,78429.14058053501
2022-11-03,96907.70281663508,77593.62244103942
2022-11-04,96907.70281663508,78729.65448473961
2022-11-07,96907.70281663508,79485.48995980364
2022-11-08,96907.70281663508,79918.04406258893
2022-11-09,96907.70281663508,78285.71317408935
2022-11-10,96907.70281663508,82570.29082331389
2022-11-11,101056.35040438973,83360.27402666121
2022-11-14,101972.57698941293,82690.9507616854
2022-11-15,105019.47997849835,83373.93311797453
2022-11-16,101584.06039274539,82741.03641238617
2022-11-17,100758.70971310238,82501.9953667473
2022-11-18,99741.3821335526,82866.24706531019
2022-11-21,99186.93131945543,82574.84153786639
2022-11-22,102813.93894095536,83674.44702217914
2022-11-23,104595.32021197479,84198.06404960515
2022-11-25,103253.5216596761,84188.95567284434
2022-11-28,100900.07438236353,82857.14563620518
2022-11-29,100540.18374776913,82711.43939865538
2022-11-30,107454.54543817102,85256.68531232214
2022-12-01,108056.5439287481,85268.07252018711
2022-12-02,107074.97857126717,85145.13375071144
2022-12-05,105561.55606028221,83628.91208603088
2022-12-06,101378.5271308482,82420.03387121158
2022-12-07,101381.76862075331,82260.66854234846
2022-12-08,104195.75201374278,82909.50317035429
2022-12-09,104731.02030514345,82303.92464739257
2022-12-12,103166.09382560194,83478.65513392857
2022-12-13,103166.09382560194,84095.62086475527
2022-12-14,102348.56566410008,83587.93481209093
2022-12-15,102348.56566410008,81532.15819756688
2022-12-16,102348.56566410008,80560.0421972823
2022-12-19,102348.56566410008,79865.67958078401
2022-12-20,102348.56566410008,79606.14989817515
2022-12-21,102348.56566410008,80796.81135947282
2022-12-22,102348.56566410008,79660.78626342842
2022-12-23,102348.56566410008,80106.99945752704
2022-12-27,102348.56566410008,79788.2757474566
2022-12-28,102348.56566410008,78809.33714917117
2022-12-29,102348.56566410008,80207.17075892857
2022-12-30,102348.56566410008,79986.33951915552
2023-01-03,102348.56566410008,79678.99606929425
2023-01-04,102348.56566410008,80252.70569507683
2023-01-05,102348.56566410008,79376.2102816413
2023-01-06,102348.56566410008,81181.55864266149
2023-01-09,101130.65160816649,81122.36461519991
2023-01-10,103852.67616333251,81700.62495553501
2023-01-11,103775.36176342849,82743.31524349033
2023-01-12,106728.61947576332,83052.93057679995
2023-01-13,106937.29036856418,83376.21194907869
2023-01-17,105685.24251698557,83248.72246505051
2023-01-18,104789.37774077686,81896.41684378557
2023-01-19,104345.29412240675,81306.77624324131
2023-01-20,107547.53443933533,82802.5023232961
2023-01-23,111150.83282599026,83811.04488296813
2023-01-24,110806.77803242496,83722.25384177576
2023-01-25,111130.6590889401,83751.85085550655
2023-01-26,114912.27698136312,84646.55607480792
2023-01-27,119221.30424656802,84887.87595155094
2023-01-30,114684.52868747593,83826.97585772979
2023-01-31,116966.90185372054,85017.64426668327
2023-02-01,121387.01914844287,85948.77604537208
2023-02-02,130217.8001807724,87180.42172826552
2023-02-03,126571.4493660572,86249.28994957669
2023-02-06,126126.61564093785,85750.71227367317
2023-02-07,129084.53457277225,86857.14035598676
2023-02-08,126255.51469472014,85905.51994032797
2023-02-09,125666.35604222449,85170.17310223392
2023-02-10,122176.02189067088,85377.34525069366
2023-02-13,124186.95489779314,86363.12034229154
2023-02-14,128130.91294460167,86331.2444974566
2023-02-15,127684.2371840822,86620.37814145205
2023-02-16,122908.08509607619,85416.05064118525
2023-02-17,122384.02003844311,85195.2194014122
2023-02-21,118962.35102309077,83503.70143310686
2023-02-22,119671.77636689346,83398.972469497
2023-02-23,120350.32862449135,83817.87442862478
2023-02-24,118304.7044814226,82920.89037821926
2023-02-27,120624.89556669598,83207.73824345475
2023-02-28,121049.85993310313,82893.56524793683
2023-03-01,119228.06126101881,82590.77946028387
2023-03-02,118234.72047813503,83207.73824345475
2023-03-03,123314.65458067993,84525.8961364364
2023-03-06,121597.65127731622,84628.34626894208
2023-03-07,120238.15334351566,83319.29675272126
2023-03-08,124802.68881083775,83449.05812019778
2023-03-09,124802.68881083775,81921.45619530806
2023-03-10,124802.68881083775,80746.72570877205
2023-03-13,124802.68881083775,80610.12784798307
2023-03-14,124802.68881083775,81948.7743779347
2023-03-15,124802.68881083775,81443.3671563745
2023-03-16,124802.68881083775,82836.6500515794
2023-03-17,123763.34877715196,81930.56457206886
2023-03-20,123763.34877715196,82670.46212471543
2023-03-21,124762.7532327789,83751.85085550655
2023-03-22,124800.73699936914,82363.11867485415
2023-03-23,124800.73699936914,82558.91056310473
2023-03-24,124800.73699936915,82768.3545950128
2023-03-27,122768.16236042294,82904.95245580179
2023-03-28,121429.96818766698,82759.246218252
2023-03-29,121429.96818766698,83936.25553589215
2023-03-30,122719.09280679695,84437.11204289983
2023-03-31,124336.67652454179,85616.39324398834
2023-04-03,124326.72623505602,85955.60559102874
2023-04-04,123777.33731853873,85470.68700643853
2023-04-05,121479.50771064505,85263.5148579788
2023-04-06,124231.4456892519,85589.0750613617
2023-04-10,124014.9480092413,85682.40986945077
2023-04-11,122672.64623176063,85693.79707731574
2023-04-12,120957.5278764157,85352.30589917117
2023-04-13,124001.35561106626,86458.73398148478
2023-04-14,123861.06497608846,86281.15884675583
2023-04-17,123861.06497608847,86574.84320530378
2023-04-18,123317.59458382656,86634.03723276536
2023-04-19,122090.52966288572,86629.47957055706
2023-04-20,122090.52966288572,86140.01027141434
2023-04-21,123067.5934519063,86190.09592211511
2023-04-24,123067.5934519063,86303.92631482997
2023-04-25,123067.5934519063,84940.24043335587
2023-04-26,123067.5934519063,84562.32269582385
2023-04-27,123067.5934519063,86240.18157281588
2023-04-28,123966.46236051945,86977.80029435828
2023-05-01,125427.00177910483,86918.6132145525
2023-05-02,123415.16286839965,85944.22533081958
2023-05-03,122286.50190473582,85345.47635351452
2023-05-04,120493.76384358428,84721.68802468697
2023-05-05,120115.7474636175,86276.60813220333
2023-05-08,120115.7474636175,86324.41495179995
2023-05-09,120115.7474636175,85951.05487647624
2023-05-10,120115.7474636175,86326.6937829041
2023-05-11,120766.4610865241,86206.03384453259
2023-05-12,120766.4610865241,86089.92462071357
2023-05-15,120766.4610865241,86388.15969381403
2023-05-16,120766.4610865241,85816.7358467914
2023-05-17,122855.91612390502,86841.2093812251
2023-05-18,125851.03409670472,87690.3796643782
2023-05-19,124493.5771054758,87551.50992014086
2023-05-22,125895.38274848179,87599.31673973748
2023-05-23,124458.32149707149,86620.37814145205
2023-05-24,123899.88196351743,85971.54351344622
2023-05-25,127352.7530995318,86720.54944285359
2023-05-26,133752.5590043001,87847.46616213716
2023-05-30,134780.8239955677,87874.7843447638
2023-05-31,132427.23898174945,87396.70225348606
2023-06-01,134456.556904778,88234.49227643
2023-06-02,135206.61478644758,89529.88270133751
2023-06-05,135460.77238798147,89356.85828116107
2023-06-06,136314.04199926616,89541.26296154667
2023-06-07,134611.42611285183,89247.57860299872
2023-06-08,138356.35209754438,89782.5828382897
2023-06-09,141284.30386204144,89932.839790392
2023-06-12,145439.3579873317,90759.24955312678
2023-06-13,147209.91168131508,91357.99853043184
2023-06-14,150616.13446365192,91428.57281810259
2023-06-15,149749.96763576733,92601.02447353443
2023-06-16,147902.66027886668,92259.53329538988
2023-06-20,150782.91657552667,91833.80873826124
2023-06-21,146911.765209507,91330.6803478052
2023-06-22,147501.81500857318,91663.06314918897
2023-06-23,145850.9570725348,90975.52313069152
2023-06-26,141393.4223405022,90599.88422426366
2023-06-27,144739.84087186144,91603.86912172737
2023-06-28,148680.55435197975,91644.84639566734
2023-06-29,149407.95863470464,91635.74496656233
2023-06-30,151860.73781336902,92721.68441190595
2023-07-03,162227.38915269,92899.25954663489
2023-07-05,163810.2694792397,92692.08739817515
2023-07-06,160808.36930903498,91936.25192311112
2023-07-07,159593.6621468097,91722.25717665054
2023-07-10,158918.07171668683,91968.12776794608
2023-07-11,160102.6392943233,92557.76836849033
2023-07-12,163714.34054757876,93286.28566092772
2023-07-13,168649.4991631416,94046.67185054425
2023-07-14,166508.49581057506,93971.5399006652
2023-07-17,167442.46794627042,94299.37198749644
2023-07-18,168672.77216953458,95014.23018862052
2023-07-19,168497.942672952,95219.1235059761
2023-07-20,161376.93300127948,94597.6070605969
2023-07-21,161376.93300127948,94608.99426846187
2023-07-24,161376.93300127948,95009.6725264122
2023-07-25,161376.93300127948,95289.69779364685
2023-07-26,159476.5323722612,95312.46526172098
2023-07-27,159476.5323722612,94665.9094648193
2023-07-28,162400.2634533405,95587.9328667473
2023-07-31,161288.2644726168,95772.33754713289
2023-08-01,161257.18745324458,95476.3813051366
2023-08-02,157101.71092020874,94153.67269760245
2023-08-03,157101.71092020874,93887.30652168114
2023-08-04,157101.71092020874,93427.43423626921
2023-08-07,157101.71092020877,94269.77497376566
2023-08-08,155765.5598847102,93862.26717015865
2023-08-09,153723.5487737187,93238.4718936753
2023-08-10,153723.5487737187,93293.11520658438
2023-08-11,153723.5487737187,93206.60299649616
2023-08-14,153723.5487737187,93732.49885502632
2023-08-15,153723.5487737187,92657.93966989186
2023-08-16,153723.5487737187,91972.67848249858
2023-08-17,153723.5487737187,91228.23021529951
2023-08-18,153723.5487737187,91312.46359428357
2023-08-21,153723.5487737187,91915.76328614115
2023-08-22,153723.5487737187,91658.50548698065
2023-08-23,153723.5487737187,92646.5594096827
2023-08-24,153723.5487737187,91414.91372678927
2023-08-25,153723.5487737187,92020.492249751
2023-08-28,153723.5487737187,92626.06382505692
2023-08-29,153723.5487737187,93941.94983459021
2023-08-30,153723.5487737187,94333.51971577974
2023-08-31,154004.66468289238,94212.85977740823
2023-09-01,151391.24820193692,94413.2023802113
2023-09-05,151391.24820193692,94001.13691439599
2023-09-06,151391.24820193692,93352.30228639016
2023-09-07,151391.24820193692,93074.55585025967
2023-09-08,151391.24820193692,93202.05228194366
2023-09-11,151391.24820193695,93814.45340290623
2023-09-12,149204.29361993686,93311.3250124502
2023-09-13,151313.8246072726,93420.60469061256
2023-09-14,153931.06896391726,94228.79769982569
2023-09-15,153020.16669162526,93054.0672132897
2023-09-18,147990.55223149675,93156.5173457954
2023-09-19,148664.34282503455,92969.83383430564
2023-09-20,146504.99819605798,92100.16796652674
2023-09-21,142699.34996647394,90590.78279515865
2023-09-22,142699.34996647394,90372.22343883396
2023-09-25,142699.34996647394,90747.8623452618
2023-09-26,142699.34996647394,89416.05230862265
2023-09-27,142699.34996647394,89436.54094559263
2023-09-28,142699.34996647394,89616.39491142573
2023-09-29,142699.34996647394,89402.39321730933
2023-10-02,142699.34996647394,89395.56367165268
2023-10-03,142699.34996647394,88193.51500249004
2023-10-04,142699.34996647394,88842.34268284007
2023-10-05,142699.34996647394,88767.21768061681
2023-10-06,142699.34996647394,89825.8389433338
2023-10-09,142699.34996647394,90424.58792063888
2023-10-10,142699.34996647394,90891.28975170746
2023-10-11,142699.34996647394,91276.03703489613
2023-10-12,142699.34996647394,90727.37370829184
2023-10-13,142699.34996647394,90249.29161701408
2023-10-16,142699.34996647394,91194.08248701622
2023-10-17,142699.34996647394,91196.35437046457
2023-10-18,142699.34996647394,89976.09589543611
2023-10-19,142699.34996647394,89213.43087471543
2023-10-20,142699.34996647394,88102.44513019352
2023-10-23,142699.34996647394,87947.6374635387
2023-10-24,142699.34996647394,88605.58046830536
2023-10-25,142699.34996647394,87355.7180318903
2023-10-26,142699.34996647394,86283.43767785998
2023-10-27,142699.34996647394,85900.96922577547
2023-10-30,142699.34996647394,86934.54418931417
2023-10-31,142699.34996647394,87460.44699550014
2023-11-01,142699.34996647394,88423.44767136809
2023-11-02,142699.34996647394,90103.58537946429
2023-11-03,142699.34996647394,90936.82468785573
2023-11-06,142699.34996647394,91112.12099148051
2023-11-07,142699.34996647394,91369.37879064101
2023-11-08,142699.34996647394,91444.51074052007
2023-11-09,142699.34996647394,90754.69883857427
2023-11-10,142699.34996647394,92170.7422541975
2023-11-13,141421.3726544609,92077.40744610842
2023-11-14,142748.1752979493,93846.32924774117
2023-11-15,142153.63137078704,94051.22256509676
2023-11-16,143670.17537147747,94183.26971133324
2023-11-17,143680.98317025317,94322.13945557058
2023-11-20,145783.3572025209,95032.43999448634
2023-11-21,144108.16369074126,94784.29057208665
2023-11-22,145334.0529887795,95194.08415445361
2023-11-24,145037.59996069633,95246.44168860273
2023-11-27,144722.04000000583,95080.25376173876
2023-11-28,144483.7950496038,95173.58856982783
2023-11-29,144411.1642682744,95112.1226589179
2023-11-30,142299.48960353527,95480.9320196891
2023-12-01,141560.67193704634,96040.97560650256
2023-12-04,138304.97506636436,95558.3358530165
2023-12-05,138304.97506636436,95528.73883928571
2023-12-06,138304.97506636436,95130.33246478373
2023-12-07,138304.97506636436,95874.78767963858
2023-12-08,138891.6189834841,96282.3024309014
2023-12-11,140692.93684034477,96655.6625062251
2023-12-12,141574.67502337793,97136.0303762628
2023-12-13,143019.38458226027,98458.73898379695
2023-12-14,144024.52799446083,98747.8656801366
2023-12-15,146131.77381900692,98597.60872803429
2023-12-18,147118.10316635523,99155.3804313994
2023-12-19,147297.606817775,99758.68012325697
2023-12-20,142975.7275261524,97914.62637174517
2023-12-21,146383.98453046987,98868.52561850811
2023-12-22,145878.67200647132,99098.46523504198
2023-12-26,148493.6906161023,99510.53070085729
2023-12-27,149481.85758773546,99692.65655013874
2023-12-28,150594.96204418794,99708.5944725562
2023-12-29,149505.22857471654,99442.22829663489
2024-01-02,143004.9628841044,98807.05970759818
2024-01-03,139557.8466594639,98073.99170060828
2024-01-04,139283.02038014738,97764.36941964286
2024-01-05,140616.74513373326,97889.58702022268
2024-01-08,145214.2338207631,99289.69946108424
2024-01-09,147391.6373429108,99048.37958434121
2024-01-10,148175.01493379264,99701.76492689954
2024-01-11,148325.46177185234,99667.61719861625
2024-01-12,149131.2576688345,99713.1451871087
2024-01-16,150024.30672494217,99373.9328400683
2024-01-17,150305.5988083674,98820.71879891149
2024-01-18,152880.0264213329,99699.4860957954
2024-01-19,161448.92944409704,100919.75151847965
2024-01-22,158895.0405747459,101149.6841873577
2024-01-23,159298.95212985738,101450.19809156233
2024-01-24,165900.83499688123,101534.43147054639
2024-01-25,167039.09339085547,102105.86226522482
2024-01-26,166650.05285361654,102044.39635431489
2024-01-29,168880.83573868131,102786.56579040979
2024-01-30,166679.3646126748,102713.7196192907
2024-01-31,163852.35783744985,101040.41145685117
2024-02-01,166264.1577708954,102369.94961004198
2024-02-02,176563.30243104335,103421.74132710231
2024-02-05,175929.71532742798,103043.8235895703
2024-02-06,172765.21828919597,103364.82613074488
2024-02-07,176650.63835217452,104214.00336155378
2024-02-08,176573.1618773144,104284.57764922453
2024-02-09,178751.7620878526,104876.49708087294
2024-02-12,178015.72756289056,104828.68331362052
2024-02-13,176625.6348660629,103351.16703943156
2024-02-14,180864.1189730668,104334.6632999253
2024-02-15,181798.1817164162,105040.41312428856
2024-02-16,179763.57602210596,104503.13005789343
2024-02-20,176060.32109107263,103929.42737976665
2024-02-21,173744.6285982206,104034.14939572068
2024-02-22,186994.9256936335,106219.69432537706
2024-02-23,187092.01324236876,106267.50114497368
2024-02-26,186922.81898244075,105878.2031472325
2024-02-27,187480.6547566154,106073.98808782727
2024-02-28,185666.96673200716,105910.07204441165
2024-02-29,188559.17014866165,106301.64887325697
2024-03-01,196143.47075127187,107326.12240769067
2024-03-04,197691.0096674367,107198.63292366249
2024-03-05,195410.63649250614,106124.07373852804
2024-03-06,201113.83470931172,106686.39615644564
2024-03-07,207154.92335506194,107742.74553571429
2024-03-08,197245.19499811536,107089.36019315595
2024-03-11,191031.79273875558,107000.56915196357
2024-03-12,199950.954906716,108145.70262476878
2024-03-13,194945.54729478923,107981.78658135315
2024-03-14,187958.85275382572,107745.01741916263
2024-03-15,187732.44843471484,107002.84798306772
2024-03-18,189040.08853954548,107672.17124804354
2024-03-19,191035.2533159837,108275.4709399011
2024-03-20,193095.78557914722,109220.26180990324
2024-03-21,195344.35179903248,109584.52045612194
2024-03-22,201441.12489872493,109090.49349477091
2024-03-25,202949.15588216446,108808.19634408793
2024-03-26,197786.68260325454,108503.13172533082
2024-03-27,192897.8676350456,109450.20142643711
2024-03-28,193049.12336511188,109436.54233512378
2024-04-01,193063.92144704526,109293.11492867814
2024-04-02,191920.72598266168,108578.25672755406
2024-04-03,192363.27686120974,108676.14919785145
2024-04-04,186966.7500653622,107337.50961555564
2024-04-05,189389.13418519264,108478.08542615254
2024-04-08,192278.41264461554,108521.34153119664
2024-04-09,194429.67087371828,108655.66056088147
2024-04-10,193864.252221189,107603.86884382114
2024-04-11,197883.70634033595,108380.19295585515
2024-04-12,195819.08224369632,106902.6766816662
2024-04-15,192291.66306621968,105545.81339819294
2024-04-16,192291.66306621968,105356.85800325483
2024-04-17,192291.66306621968,104721.68246656233
2024-04-18,192291.66306621968,104482.64142092345
2024-04-19,192291.66306621968,103608.42483859207
2024-04-22,192291.66306621968,104507.68077244594
2024-04-23,192291.66306621968,105825.83866542758
2024-04-24,192291.66306621968,105748.43483210017
2024-04-25,192291.66306621968,105311.32306710657
2024-04-26,192291.6630662197,106365.39361527105
2024-04-29,185870.38170604676,106736.48180714641
2024-04-30,175657.5163317623,105049.51455339357
2024-05-01,175657.5163317623,104708.023375249
2024-05-02,175657.5163317623,105684.69009008608
2024-05-03,176304.61986720952,106996.01843741107
2024-05-06,176304.61986720952,108075.12833709804
2024-05-07,176304.61986720952,108229.93600375285
2024-05-08,176304.61986720952,108234.49366596116
2024-05-09,176304.61986720952,108856.00316368455
2024-05-10,176304.61986720952,108990.32219336939
2024-05-13,176304.61986720952,108997.15173902604
2024-05-14,176304.61986720952,109513.94616845119
2024-05-15,176585.78474161876,110848.0350361945
2024-05-16,176494.3907935596,110636.31217318228
2024-05-17,176292.7202145732,110800.2282165979
2024-05-20,177529.6113999647,110909.50789476025
2024-05-21,180538.2382117355,111207.7429678607
2024-05-22,177985.61801026014,110884.46159558196
2024-05-23,178423.4571978599,110060.33066395133
2024-05-24,181450.98280087035,110809.3365933587
2024-05-28,185886.577393517,110898.12068689527
2024-05-29,186202.5707814367,110117.24586030877
2024-05-30,182781.55744845432,109377.3483076622
2024-05-31,182265.0155358709,110328.968723321
2024-06-03,183442.6774838446,110449.62866169252
2024-06-04,185711.98542617972,110583.94769137735
2024-06-05,195190.7755985591,111906.65629891149
2024-06-06,192914.96131116262,111881.61694738902
2024-06-07,192741.33401431044,111735.91070983921
2024-06-10,189180.81217610504,112102.44818716207
2024-06-11,187827.54993844795,112357.42715521841
2024-06-12,193816.75877741788,113293.11659611553
2024-06-13,197757.04429618744,113507.11134257613
2024-06-14,200551.68172896665,113598.18121487265
2024-06-17,204989.59964646617,114499.71597983068
2024-06-18,205664.13486197806,114804.7805985878
2024-06-20,199203.39120764058,114486.05688851736
2024-06-21,191680.63152668322,114235.62863501352
2024-06-24,181475.0561198502,113928.28518515224
2024-06-25,185395.83626308822,114401.8235095333
2024-06-26,187217.18730517064,114529.31299356147
2024-06-27,186602.76068041503,114706.8881282904
2024-06-28,186486.52961295252,113859.98972858566
2024-07-01,191112.25597708728,114121.79824229867
2024-07-02,195763.31635253248,114861.69579494522
2024-07-03,199901.98757335768,115380.76210781872
2024-07-05,202049.4673287388,116070.57400976452
2024-07-08,203293.51736278436,116182.12557137522
2024-07-09,205575.28381138926,116309.6220030592
2024-07-10,207543.75377851079,117429.70917668611
2024-07-11,199409.8094100902,116423.45239577405
2024-07-12,201049.2389492957,117142.85436379482
2024-07-15,202104.251030209,117498.0046332527
2024-07-16,202375.30787647536,118165.04906712436
2024-07-17,191682.1689216028,116514.51532041476
2024-07-18,192239.6252303135,115638.01990697923
2024-07-19,184580.5087232643,114866.24650949772
2024-07-22,194078.62324584622,116059.19374955536
2024-07-23,190120.05158247796,115865.68069240893
2024-07-24,166669.5186866066,113213.43393168398
2024-07-25,169956.7560451179,112642.00313700555
2024-07-26,169609.51456931222,113905.51771707811
2024-07-29,179100.8482967757,113989.75804371799
2024-07-30,171785.56978565356,113393.28094986126
2024-07-31,171785.56978565356,115180.41950501566
2024-08-01,171785.56978565356,113609.56147508182
2024-08-02,171785.56978565356,111533.2962235878
2024-08-05,171785.56978565356,108184.40801526039
2024-08-06,171785.56978565356,109263.51791494736
2024-08-07,171785.56978565356,108505.40360877918
2024-08-08,171785.56978565356,111036.99737878842
2024-08-09,171785.56978565356,111512.80758661781
2024-08-12,171785.56978565356,111569.72278297524
2024-08-13,171785.56978565356,113422.87796359207
2024-08-14,171785.56978565356,113784.8577787066
2024-08-15,175198.16176339495,115738.19120838077
2024-08-16,171999.2755688548,115981.78991622795
2024-08-19,172599.79768593895,117097.31942764655
2024-08-20,172599.79768593895,116903.81331815595
2024-08-21,172599.79768593895,117313.59995286711
2024-08-22,168887.34823078918,116364.25836831247
2024-08-23,172111.77166056342,117623.21528617672
2024-08-26,168234.02212853765,117334.09553749289
2024-08-27,169135.12946651742,117491.18203525186
2024-08-28,166504.9808311769,116819.57993917189
2024-08-29,166504.9808311769,116837.79669269352
2024-08-30,168616.42358093295,117937.38828169466
2024-09-03,157158.40995740777,115551.50769689101
2024-09-04,158165.51448409646,115264.65288399972
2024-09-05,159082.3011740273,114980.07690221258
2024-09-06,153217.8450378216,113065.45581068583
2024-09-09,153217.8450378216,114338.07876751921
2024-09-10,153217.8450378216,114809.3313131403
2024-09-11,154532.36476774054,115984.06179967629
2024-09-12,154532.36476774054,116981.22409913916
2024-09-13,154851.90319899505,117602.73359686256
2024-09-16,154851.90319899505,117780.30178393569
2024-09-17,154851.90319899505,117834.95204450058
2024-09-18,154851.90319899505,117452.46969710445
2024-09-19,154851.90319899505,119501.41676597182
2024-09-20,154851.90319899505,119266.93338254126
2024-09-23,162412.51081268786,119560.61079343341
2024-09-24,165158.77918837016,119904.38080268214
2024-09-25,165434.12925850344,119660.78209483494
2024-09-26,163953.42306227604,120136.59925032014
2024-09-27,162254.18817833313,119608.42456068583
2024-09-30,162346.35235897359,120129.76275700769
2024-10-01,159095.38553039788,119007.3967522766
2024-10-02,156937.3465808343,119027.8923369024
2024-10-03,158304.4894419395,118802.51038257683
2024-10-04,162904.7498277936,119897.55820468128
2024-10-07,161538.09371339518,118818.4344096827
2024-10-08,165161.59771158447,119943.07924551793
2024-10-09,165077.34434319177,120762.66641025186
2024-10-10,163578.88676491714,120560.04497634462
2024-10-11,162922.5454532384,121277.18200857285
2024-10-14,163435.2858487978,122269.7796981716
2024-10-15,158626.85594609252,121338.64097182697
2024-10-16,163543.3181286569,121848.59890793967
2024-10-17,164986.78376035485,121866.8156614613
2024-10-18,166263.14179512422,122335.79632363403
2024-10-21,173073.79410932437,122146.84787635173
2024-10-22,172930.70772959397,122062.60060205606
2024-10-23,168125.76690336026,120949.34992174161
2024-10-24,169139.51619557015,121222.53174800797
2024-10-25,170487.10279478104,121174.73187606716
2024-10-28,169270.7962364137,121552.64266594336
2024-10-29,170141.35761379614,121746.16267074559
2024-10-30,167863.6874548055,121379.61824576693
2024-10-31,160015.99141740683,118991.45882985914
2024-11-01,160015.99141740683,119508.25325928429
2024-11-04,160015.99141740683,119248.71662901963
2024-11-05,160015.99141740683,120682.97679816448
2024-11-06,160015.99141740683,123688.10194489898
2024-11-07,163460.0706343545,124651.11651607855
2024-11-08,165522.985673745,125202.05172613119
2024-11-11,172331.2135797403,125304.50185863688
2024-11-12,170413.82475776324,124928.85600455322
2024-11-13,171686.88879869465,124992.6076942231
2024-11-14,168184.49595843977,124198.05988101166
2024-11-15,166644.11611626315,122595.33295389869
2024-11-18,175913.5594901619,123103.01205890723
2024-11-19,179646.10614735333,123551.5110317658
2024-11-20,179917.4803282718,123597.04596791406
2024-11-21,180682.43442862527,124220.83429674161
2024-11-22,184115.8718658731,124637.44352945361
2024-11-25,177202.86563942887,125038.12873505976
2024-11-26,177826.22178038867,125739.32784487052
2024-11-27,176919.4725032249,125338.64263926438
2024-11-29,181102.23564817267,125998.86447513517
2024-12-02,184730.80156278925,126354.01474459306
2024-12-03,183734.65023200453,126383.61175832385
2024-12-04,186324.71645269333,127180.42450732783
2024-12-05,189999.84573318157,126968.70164431559
2024-12-06,196767.96783940768,127221.40178126779
2024-12-09,194695.04245423316,126558.90111429284
2024-12-10,197427.96466370617,126199.20707793825
2024-12-11,202666.43556825555,127155.38515580536
2024-12-12,200443.61383707216,126499.72098214286
2024-12-13,202904.00920509925,126490.60565772624
2024-12-16,220444.85887626398,126986.9045025256
2024-12-17,219388.67503532974,126454.18604599459
2024-12-18,207582.26472503511,122741.0391914485
2024-12-19,204197.82105240095,122695.50425530023
2024-12-20,203130.37578272802,124084.22948829681
2024-12-23,206989.89254423886,124573.70573509534
2024-12-24,212852.4383172259,125855.43706868953
2024-12-26,212753.4530848108,125853.15823758538
2024-12-27,207869.6145659162,124548.66638357285
2024-12-30,203290.27505914008,123162.20608636881
2024-12-31,199324.54108474343,122665.90724156944
2025-01-02,195370.1136170014,122358.57073936398
2025-01-03,196823.2553055315,123938.53714605862
2025-01-06,198601.543166417,124660.21794518355
2025-01-07,193278.3902266447,123257.81972556203
2025-01-08,192807.8979991887,123424.02154773762
2025-01-10,189756.62186439292,121545.82006794252
2025-01-13,190581.4857962927,121702.90656570149
2025-01-14,190082.4101593494,121857.71423235629
2025-01-15,192873.87007053962,124086.50831940096
2025-01-16,192873.87007053962,123902.10363901536
2025-01-17,192873.87007053962,125090.50016452049
2025-01-21,192873.87007053962,126228.80409166904
2025-01-22,192873.87007053962,126945.92722858566
2025-01-23,192722.5535067217,127649.40516950058
2025-01-24,192722.5535067217,127264.65788631189
2025-01-27,192722.5535067217,125493.45030591918
2025-01-28,192722.5535067217,126545.24202297951
2025-01-29,193333.697566865,125989.74915071855
2025-01-30,196307.3109063036,126647.6921554852
2025-01-31,196924.00525125014,125971.54629250854
2025-02-03,199266.25427845068,125145.13652977376
2025-02-04,201832.73096027397,125976.09005940524
2025-02-05,203561.03947011527,126492.88448883039
2025-02-06,205044.56596972904,126948.20605968981
2025-02-07,205233.9941751964,125714.28849334804
2025-02-10,207017.28250832116,126613.5513748577
2025-02-11,205416.99427245028,126727.38176757257
2025-02-12,208152.87405379576,126308.4798084448
2025-02-13,210251.99295620417,127642.56867618811
2025-02-14,212908.99930485873,127647.12633839641
2025-02-18,207710.59442505316,128015.93569916762
2025-02-19,206626.37418115677,128325.55103247723
2025-02-20,203473.4294093136,127785.99608263375
2025-02-21,200183.7990713438,125611.83836084235
2025-02-24,200183.7990713438,125017.64704574559
2025-02-25,200135.6669080693,124396.1236527106
2025-02-26,200135.6669080693,124473.5344336938
2025-02-27,200135.6669080693,122474.66606787137
2025-02-28,200135.6669080693,124377.92079450058
2025-03-03,200135.6669080693,122235.6250222325
2025-03-04,200135.6669080693,120762.66641025186
2025-03-05,200135.6669080693,122117.25086262095
2025-03-06,200135.6669080693,119902.10197157797
2025-03-07,200135.6669080693,120548.66471613546
2025-03-10,200135.6669080693,117361.41372011953
2025-03-11,200135.6669080693,116398.40609659576
2025-03-12,200135.6669080693,116963.00734561753
2025-03-13,200135.6669080693,115435.398473072
2025-03-14,200135.6669080693,117805.35503076977
2025-03-17,200135.6669080693,118704.60401696785
2025-03-18,200135.6669080693,117452.46969710445
2025-03-19,200135.6669080693,118686.40115875783
2025-03-20,200135.6669080693,118413.20543717986
2025-03-21,200135.6669080693,118442.80245091065
2025-03-24,200135.6669080693,120521.34653350883
2025-03-25,200135.6669080693,120808.20134640012
2025-03-26,200135.6669080693,119398.98052877774
2025-03-27,200135.6669080693,118659.08297613119
2025-03-28,200135.6669080693,116289.12641843341
2025-03-31,200135.6669080693,116997.14812624503
2025-04-01,200135.6669080693,117427.43034558196
2025-04-02,200135.6669080693,118135.45205339357
2025-04-03,200135.6669080693,112500.85456166406
2025-04-04,200135.6669080693,105980.64633208238
2025-04-07,200135.6669080693,105534.43313798378
2025-04-08,200135.6669080693,103981.78491391576
2025-04-09,200135.6669080693,113625.49939749928
2025-04-10,200135.6669080693,109746.15766843341
2025-04-11,200135.6669080693,111678.99551348179
2025-04-14,200135.6669080693,112801.36846586867
2025-04-15,200135.6669080693,112484.91663924658
2025-04-16,200135.6669080693,110012.52384435473
2025-04-17,200135.6669080693,110165.05267990538
2025-04-21,200135.6669080693,107540.12410180706
2025-04-22,200135.6669080693,110253.84372109776
2025-04-23,200135.6669080693,112025.04435383466
2025-04-24,200135.6669080693,114379.05604145916
2025-04-25,200135.6669080693,115221.3967789556
2025-04-28,200135.6669080693,115291.97801428215
2025-04-29,200135.6669080693,115990.89134533296
2025-04-30,200135.6669080693,116047.80654169038
2025-05-01,200135.6669080693,116869.65864221685
2025-05-02,200135.6669080693,118545.25258341634
2025-05-05,200135.6669080693,117926.00802148548
2025-05-06,200135.6669080693,116922.03007167758
2025-05-07,200135.6669080693,117450.20476131189
2025-05-08,200135.6669080693,118233.35841900256
2025-05-09,200135.6669080693,118076.27192124359
2025-05-12,200135.6669080693,122007.96423680279
2025-05-13,207718.23729252367,122809.33464801508
2025-05-14,211969.56516069616,122961.86348356574
2025-05-15,209335.35210825485,123565.17012307911
2025-05-16,210223.27771495428,124361.9828720831
2025-05-19,208833.12667966887,124489.47235611128
2025-05-20,208206.6428370335,124047.80987656517
2025-05-21,205313.9078862046,121973.8234561753
2025-05-22,206136.87496100442,122030.73865253273
2025-05-23,204094.3692515027,121206.6077209021
2025-05-27,211406.1051566065,123697.21726931559
2025-05-28,210240.21178811174,122991.46049729653
2025-05-29,212378.40141223243,123464.99882167758
2025-05-30,209047.23401214054,123337.5093376494
2025-06-02,213412.4978171287,124054.63247456602
2025-06-03,216927.5883868707,124758.11041548093
2025-06-04,218157.47680393426,124678.43469870518
2025-06-05,209881.49481179207,124095.62364381758
2025-06-06,210644.69815454003,125363.68199078685
2025-06-09,212833.31239302963,125498.0079681275
2025-06-10,214933.52066977526,126212.86616925156
2025-06-11,215020.5865971641,125864.53849779454
2025-06-12,213040.10695236502,126340.35565327974
2025-06-13,206969.86570469473,124933.41366676152
2025-06-16,206969.86570469473,126140.01305047667
2025-06-17,204750.98552382377,125065.4469176864
2025-06-18,204256.59069038462,125040.40756616392
2025-06-20,206569.16470632568,124694.35872581105
2025-06-23,208706.04784144013,125978.36889050939
2025-06-24,219873.93250925065,127362.55035660928
2025-06-25,224144.21288557368,127426.28815096756
2025-06-26,227045.1895257127,128434.8376582954
2025-06-27,228515.02223119207,129072.28507843625
2025-06-30,229876.69449012645,129318.1626173876
2025-07-01,222091.3770203319,129258.96858992601
2025-07-02,226899.17577422166,129832.66432039699
2025-07-03,227912.42254509145,130955.03032512806
2025-07-07,224581.61320194908,129905.51743917189
2025-07-08,228321.1066864528,129819.00522908366
2025-07-09,231707.8329450082,130588.49979546102
2025-07-10,234807.10614075552,130970.96824754553
2025-07-11,236138.2483126949,130499.70875426863
2025-07-14,235386.03512290685,130756.96655342914
2025-07-15,247607.45582223957,130190.09342095902
2025-07-16,250264.49428044207,130618.0968091918
2025-07-17,252888.6886549094,131401.25046688248
2025-07-18,249897.92037252896,131342.05643942088
2025-07-21,250822.99872772084,131576.55371816305
2025-07-22,246657.68654832925,131576.55371816305
2025-07-23,250119.8190788224,132694.36206068582
2025-07-24,254230.16695538326,132785.43193298235
2025-07-25,256827.872664103,133313.60662261667
2025-07-28,261865.82212523528,133281.73077778172
2025-07-29,263768.72336029756,132935.68193742886
2025-07-30,267024.8628603962,132774.0516727732
2025-07-31,261792.80080526252,132275.47399686967
2025-08-01,255350.4369624497,130096.75861286995
2025-08-04,262829.8132191871,132075.1313940666
2025-08-05,260594.27704757714,131439.94890971828
2025-08-06,256210.45800143096,132416.62257221117
2025-08-07,261897.1249363137,132336.93296012378
2025-08-08,264609.890653881,133350.02623434833
2025-08-11,263825.6991713244,133076.83051277034
2025-08-12,267932.97608498693,134497.4454859135
2025-08-13,269466.5257660967,134966.42614808623
2025-08-14,269097.99056287564,134968.69108387877
2025-08-15,268063.45153170126,134677.2925040908
2025-08-18,265167.9322740841,134629.47873683835
2025-08-19,250826.88044045155,133894.1388464001
2025-08-20,250826.88044045155,133541.26740804638
2025-08-21,250826.88044045155,133015.37154951622
2025-08-22,250826.88044045155,135050.6595270703
2025-08-25,250826.88044045155,134479.22873239187
2025-08-26,250826.88044045155,135016.50485113118
2025-08-27,250826.88044045155,135326.1201844408
2025-08-28,253056.98822618971,135804.21617103016
2025-08-29,252918.68167820462,135021.0625133395
2025-09-02,250292.05392346682,134026.1859926366
2025-09-03,259761.76400686943,134711.43328471828
2025-09-04,261391.56634320883,135820.15409344764
2025-09-05,262862.06545833393,135449.0659015723
2025-09-08,266553.38567865966,135799.65850882186
2025-09-09,266242.3213594965,136129.76942675727
2025-09-10,278998.1673853217,136523.61813905093
2025-09-11,275939.0971362827,137636.88271467702
2025-09-12,276275.5190187638,137607.2857009462
2025-09-15,284727.80268977047,138324.42273317443
2025-09-16,286182.904344643,138142.2829885814
2025-09-17,282895.0497449577,137982.93155502988
2025-09-18,281623.58588713745,138631.7592353799
2025-09-19,284591.5486112542,139278.3219799374
2025-09-22,283913.86411007197,139956.7466740182
2025-09-23,282295.7967239581,139223.6717193725
2025-09-24,283323.8396046567,138759.2487194081
2025-09-25,280443.7277131279,138096.76194774473
2025-09-26,282732.2599061894,138909.49872385457
2025-09-29,282197.4733152134,138902.67612585373
2025-09-30,282722.64287147246,139414.91289307058
2025-10-01,286559.55860675033,139913.4905689741
2025-10-02,281375.4336913444,140068.2982356289
2025-10-03,279483.5058712801,140079.67849583807
2025-10-06,285472.2190957317,140557.77448242743
2025-10-07,284669.1707829124,140056.91797541975
2025-10-08,302675.53112163924,140869.6686468412
2025-10-09,299251.5494138312,140489.46513054924
2025-10-10,283052.9837129554,136712.58048164484
2025-10-13,285035.01879545016,138784.28807093058
2025-10-14,287212.48799361126,138588.5031303358
2025-10-15,313952.9333242054,139198.63236785002
2025-10-16,308690.19746553584,138278.88779702617
2025-10-17,306761.94210931135,139046.10353229937
2025-10-20,316508.09029165225,140505.4030529667
2025-10-21,313212.62371657626,140487.20019475668
2025-10-22,303051.59847171814,139776.88576052932
2025-10-23,309316.54876258224,140566.87591153244
2025-10-24,332681.7255399948,141730.21919020347
2025-10-27,341471.66177506093,143426.29482071713
2025-10-28,343423.8583137218,143811.0421039058
2025-10-29,353229.3967319348,143870.2361313674
2025-10-30,348313.3177347035,142342.62725882186
2025-10-31,346668.5811047233,142752.413893533
2025-11-03,353918.1085083449,143032.44610842344
2025-11-04,343605.78845897503,141375.0689207456
2025-11-05,349652.4922448236,141800.79347787422
2025-11-06,344917.32645160746,140293.68018995447
2025-11-07,337818.13048317464,140441.66525860844
2025-11-10,347334.4271858863,142622.6455784007
2025-11-11,345073.25408330484,142950.47766523194
2025-11-12,340257.89644793933,143021.05195290266
2025-11-13,330864.0564277032,140692.08656445646
2025-11-14,328451.3018538819,140655.6669527248
2025-11-17,325921.2035783583,139337.50211208736
2025-11-18,325083.4843588335,138190.0967558338
2025-11-19,334740.27385964605,138690.9532628415
2025-11-20,330937.5512686725,136587.36982872084
2025-11-21,330937.55126867245,137946.49804798662
2025-11-24,351623.3932577104,139997.72394795818
2025-11-25,356933.85339265,141299.93697086655
2025-11-26,353120.9709516322,142276.6106333594
2025-11-28,353372.2565090418,143064.3080579468
2025-12-01,347592.26338012813,142406.37894849174
2025-12-02,348597.63394719927,142647.69882523478
2025-12-03,352772.0713302025,143146.27650113832
2025-12-04,350575.83022453194,143266.929491854
2025-12-05,354564.2555870515,143535.56755122368
2025-12-08,346315.16188357014,143109.84299409506
2025-12-09,350391.7176150123,142993.73377027604
2025-12-10,356095.0524682327,143918.0360033082
2025-12-11,350460.92113267025,144270.92133697352
2025-12-12,310810.7201673111,142713.7154506972
2025-12-15,315753.89010243095,142506.55024989328
2025-12-16,319699.844055192,142108.14387539128
2025-12-17,305085.46349052346,140546.38032690666
2025-12-18,315498.88005225663,141607.2873683836
2025-12-19,313449.27331266395,142870.80194845618
2025-12-22,316526.7103310982,143364.82196215139
2025-12-23,316333.46160208475,144034.1452271272
2025-12-24,316230.2645359488,144514.5200448207
2025-12-26,309645.1362789359,144528.17913613404
2025-12-29,299613.7208789781,144018.20730470974
2025-12-30,299613.7208789781,143817.86470190666
2025-12-31,299613.7208789781,142772.9094781588
