date,crypto_total,crypto_pnl_daily,crypto_pnl_cum,crypto_benchmark
2022-01-01,"$100,000.00",$0.00,$0.00,"$100,000.00"
2022-01-02,"$100,000.00",$0.00,$0.00,"$99,283.67"
2022-01-03,"$100,000.00",$0.00,$0.00,"$97,423.41"
2022-01-04,"$100,000.00",$0.00,$0.00,"$96,247.94"
2022-01-05,"$100,000.00",$0.00,$0.00,"$91,364.89"
2022-01-06,"$100,000.00",$0.00,$0.00,"$90,509.15"
2022-01-07,"$100,000.00",$0.00,$0.00,"$87,147.58"
2022-01-08,"$100,000.00",$0.00,$0.00,"$87,516.74"
2022-01-09,"$100,000.00",$0.00,$0.00,"$87,889.29"
2022-01-10,"$100,000.00",$0.00,$0.00,"$87,699.85"
2022-01-11,"$100,000.00",$0.00,$0.00,"$89,617.76"
2022-01-12,"$100,000.00",$0.00,$0.00,"$92,161.96"
2022-01-13,"$100,000.00",$0.00,$0.00,"$89,315.20"
2022-01-14,"$100,000.00",$0.00,$0.00,"$90,380.75"
2022-01-15,"$100,000.00",$0.00,$0.00,"$90,543.69"
2022-01-16,"$100,000.00",$0.00,$0.00,"$90,410.49"
2022-01-17,"$100,000.00",$0.00,$0.00,"$88,600.07"
2022-01-18,"$100,000.00",$0.00,$0.00,"$88,862.37"
2022-01-19,"$100,000.00",$0.00,$0.00,"$87,538.52"
2022-01-20,"$100,000.00",$0.00,$0.00,"$85,307.48"
2022-01-21,"$100,000.00",$0.00,$0.00,"$76,451.57"
2022-01-22,"$100,000.00",$0.00,$0.00,"$73,458.99"
2022-01-23,"$100,000.00",$0.00,$0.00,"$76,073.03"
2022-01-24,"$100,000.00",$0.00,$0.00,"$76,864.71"
2022-01-25,"$100,000.00",$0.00,$0.00,"$77,493.13"
2022-01-26,"$100,000.00",$0.00,$0.00,"$77,279.48"
2022-01-27,"$100,000.00",$0.00,$0.00,"$77,879.46"
2022-01-28,"$100,000.00",$0.00,$0.00,"$79,234.34"
2022-01-29,"$100,000.00",$0.00,$0.00,"$79,976.37"
2022-01-30,"$100,000.00",$0.00,$0.00,"$79,513.81"
2022-01-31,"$100,000.00",$0.00,$0.00,"$80,699.72"
2022-02-01,"$100,000.00",$0.00,$0.00,"$81,245.26"
2022-02-02,"$100,000.00",$0.00,$0.00,"$77,490.99"
2022-02-03,"$100,000.00",$0.00,$0.00,"$77,913.79"
2022-02-04,"$100,000.00",$0.00,$0.00,"$87,027.99"
2022-02-05,"$100,000.00",$0.00,$0.00,"$86,902.78"
2022-02-06,"$100,000.00",$0.00,$0.00,"$88,939.54"
2022-02-07,"$100,000.00",$0.00,$0.00,"$91,933.77"
2022-02-08,"$100,000.00",$0.00,$0.00,"$92,517.08"
2022-02-09,"$100,000.00",$0.00,$0.00,"$92,979.16"
2022-02-10,"$100,000.00",$0.00,$0.00,"$91,356.73"
2022-02-11,"$100,000.00",$0.00,$0.00,"$88,930.12"
2022-02-12,"$100,000.00",$0.00,$0.00,"$88,587.32"
2022-02-13,"$100,000.00",$0.00,$0.00,"$88,488.86"
2022-02-14,"$100,000.00",$0.00,$0.00,"$89,305.44"
2022-02-15,"$100,000.00",$0.00,$0.00,"$93,474.91"
2022-02-16,"$100,000.00",$0.00,$0.00,"$92,188.71"
2022-02-17,"$100,000.00",$0.00,$0.00,"$85,008.85"
2022-02-18,"$100,000.00",$0.00,$0.00,"$83,945.59"
2022-02-19,"$100,000.00",$0.00,$0.00,"$84,136.80"
2022-02-20,"$100,000.00",$0.00,$0.00,"$80,591.21"
2022-02-21,"$100,000.00",$0.00,$0.00,"$77,747.45"
2022-02-22,"$100,000.00",$0.00,$0.00,"$80,286.40"
2022-02-23,"$100,000.00",$0.00,$0.00,"$78,211.50"
2022-02-24,"$100,000.00",$0.00,$0.00,"$80,384.09"
2022-02-25,"$100,000.00",$0.00,$0.00,"$82,232.84"
2022-02-26,"$100,000.00",$0.00,$0.00,"$82,004.11"
2022-02-27,"$100,000.00",$0.00,$0.00,"$79,078.02"
2022-02-28,"$100,000.00",$0.00,$0.00,"$90,576.90"
2022-03-01,"$100,000.00",$0.00,$0.00,"$93,012.37"
2022-03-02,"$100,000.00",$0.00,$0.00,"$92,109.57"
2022-03-03,"$100,000.00",$0.00,$0.00,"$89,022.07"
2022-03-04,"$100,000.00",$0.00,$0.00,"$82,072.18"
2022-03-05,"$100,000.00",$0.00,$0.00,"$82,623.65"
2022-03-06,"$100,000.00",$0.00,$0.00,"$80,567.31"
2022-03-07,"$100,000.00",$0.00,$0.00,"$79,816.70"
2022-03-08,"$100,000.00",$0.00,$0.00,"$81,232.67"
2022-03-09,"$100,000.00",$0.00,$0.00,"$88,038.86"
2022-03-10,"$100,000.00",$0.00,$0.00,"$82,700.98"
2022-03-11,"$100,000.00",$0.00,$0.00,"$81,353.67"
2022-03-12,"$100,000.00",$0.00,$0.00,"$81,582.33"
2022-03-13,"$100,000.00",$0.00,$0.00,"$79,371.34"
2022-03-14,"$100,000.00",$0.00,$0.00,"$83,181.81"
2022-03-15,"$100,000.00",$0.00,$0.00,"$82,494.05"
2022-03-16,"$100,000.00",$0.00,$0.00,"$86,279.47"
2022-03-17,"$100,000.00",$0.00,$0.00,"$85,875.69"
2022-03-18,"$100,000.00",$0.00,$0.00,"$87,657.69"
2022-03-19,"$100,000.00",$0.00,$0.00,"$88,474.47"
2022-03-20,"$100,000.00",$0.00,$0.00,"$86,497.34"
2022-03-21,"$100,000.00",$0.00,$0.00,"$86,141.21"
2022-03-22,"$100,000.00",$0.00,$0.00,"$88,827.09"
2022-03-23,"$100,000.00",$0.00,$0.00,"$89,947.21"
2022-03-24,"$100,000.00",$0.00,$0.00,"$92,186.77"
2022-03-25,"$100,000.00",$0.00,$0.00,"$92,999.99"
2022-03-26,"$100,000.00",$0.00,$0.00,"$93,318.94"
2022-03-27,"$100,000.00",$0.00,$0.00,"$98,183.31"
2022-03-28,"$100,000.00",$0.00,$0.00,"$98,828.17"
2022-03-29,"$100,000.00",$0.00,$0.00,"$99,536.39"
2022-03-30,"$100,000.00",$0.00,$0.00,"$98,691.15"
2022-03-31,"$100,000.00",$0.00,$0.00,"$95,495.32"
2022-04-01,"$100,000.00",$0.00,$0.00,"$97,053.34"
2022-04-02,"$100,000.00",$0.00,$0.00,"$96,187.91"
2022-04-03,"$100,000.00",$0.00,$0.00,"$97,413.86"
2022-04-04,"$100,000.00",$0.00,$0.00,"$97,768.49"
2022-04-05,"$100,000.00",$0.00,$0.00,"$95,531.64"
2022-04-06,"$100,000.00",$0.00,$0.00,"$90,605.21"
2022-04-07,"$100,000.00",$0.00,$0.00,"$91,228.26"
2022-04-08,"$100,000.00",$0.00,$0.00,"$88,677.90"
2022-04-09,"$100,000.00",$0.00,$0.00,"$89,714.82"
2022-04-10,"$100,000.00",$0.00,$0.00,"$88,510.16"
2022-04-11,"$90,725.39","$-9,274.61","$-9,274.61","$82,878.05"
2022-04-12,"$90,725.39",$0.00,"$-9,274.61","$84,147.34"
2022-04-13,"$90,725.39",$0.00,"$-9,274.61","$86,327.28"
2022-04-14,"$90,725.39",$0.00,"$-9,274.61","$83,745.41"
2022-04-15,"$90,725.39",$0.00,"$-9,274.61","$85,041.26"
2022-04-16,"$90,725.39",$0.00,"$-9,274.61","$84,770.78"
2022-04-17,"$90,725.39",$0.00,"$-9,274.61","$83,287.08"
2022-04-18,"$90,725.39",$0.00,"$-9,274.61","$85,613.22"
2022-04-19,"$90,725.39",$0.00,"$-9,274.61","$87,031.92"
2022-04-20,"$90,725.39",$0.00,"$-9,274.61","$86,762.73"
2022-04-21,"$90,725.39",$0.00,"$-9,274.61","$84,986.52"
2022-04-22,"$90,725.39",$0.00,"$-9,274.61","$83,336.08"
2022-04-23,"$90,725.39",$0.00,"$-9,274.61","$82,804.30"
2022-04-24,"$90,725.39",$0.00,"$-9,274.61","$82,767.73"
2022-04-25,"$90,725.39",$0.00,"$-9,274.61","$84,841.71"
2022-04-26,"$90,725.39",$0.00,"$-9,274.61","$79,932.92"
2022-04-27,"$90,725.39",$0.00,"$-9,274.61","$82,289.25"
2022-04-28,"$90,725.39",$0.00,"$-9,274.61","$83,406.35"
2022-04-29,"$90,725.39",$0.00,"$-9,274.61","$80,965.41"
2022-04-30,"$90,725.39",$0.00,"$-9,274.61","$79,088.69"
2022-05-01,"$90,725.39",$0.00,"$-9,274.61","$80,670.30"
2022-05-02,"$90,725.39",$0.00,"$-9,274.61","$80,796.61"
2022-05-03,"$90,725.39",$0.00,"$-9,274.61","$79,163.30"
2022-05-04,"$90,725.39",$0.00,"$-9,274.61","$83,248.11"
2022-05-05,"$90,725.39",$0.00,"$-9,274.61","$76,698.65"
2022-05-06,"$90,725.39",$0.00,"$-9,274.61","$75,578.38"
2022-05-07,"$90,725.39",$0.00,"$-9,274.61","$74,448.16"
2022-05-08,"$90,725.39",$0.00,"$-9,274.61","$71,422.82"
2022-05-09,"$90,725.39",$0.00,"$-9,274.61","$63,533.19"
2022-05-10,"$90,725.39",$0.00,"$-9,274.61","$65,055.53"
2022-05-11,"$90,725.39",$0.00,"$-9,274.61","$60,680.00"
2022-05-12,"$90,725.39",$0.00,"$-9,274.61","$60,913.60"
2022-05-13,"$90,725.39",$0.00,"$-9,274.61","$61,407.13"
2022-05-14,"$90,725.39",$0.00,"$-9,274.61","$63,122.83"
2022-05-15,"$90,725.39",$0.00,"$-9,274.61","$65,647.32"
2022-05-16,"$90,725.39",$0.00,"$-9,274.61","$62,623.01"
2022-05-17,"$90,725.39",$0.00,"$-9,274.61","$63,803.50"
2022-05-18,"$90,725.39",$0.00,"$-9,274.61","$60,226.86"
2022-05-19,"$90,725.39",$0.00,"$-9,274.61","$63,569.64"
2022-05-20,"$90,725.39",$0.00,"$-9,274.61","$61,234.41"
2022-05-21,"$90,725.39",$0.00,"$-9,274.61","$61,719.84"
2022-05-22,"$90,725.39",$0.00,"$-9,274.61","$63,589.33"
2022-05-23,"$90,725.39",$0.00,"$-9,274.61","$61,020.87"
2022-05-24,"$90,725.39",$0.00,"$-9,274.61","$62,188.23"
2022-05-25,"$90,725.39",$0.00,"$-9,274.61","$61,992.74"
2022-05-26,"$90,725.39",$0.00,"$-9,274.61","$61,373.83"
2022-05-27,"$90,725.39",$0.00,"$-9,274.61","$60,032.48"
2022-05-28,"$90,725.39",$0.00,"$-9,274.61","$60,425.30"
2022-05-29,"$90,725.39",$0.00,"$-9,274.61","$61,748.64"
2022-05-30,"$90,725.39",$0.00,"$-9,274.61","$66,530.74"
2022-05-31,"$90,725.39",$0.00,"$-9,274.61","$66,668.98"
2022-06-01,"$90,725.39",$0.00,"$-9,274.61","$62,489.14"
2022-06-02,"$90,725.39",$0.00,"$-9,274.61","$63,890.80"
2022-06-03,"$90,725.39",$0.00,"$-9,274.61","$62,290.58"
2022-06-04,"$90,725.39",$0.00,"$-9,274.61","$62,560.09"
2022-06-05,"$90,725.39",$0.00,"$-9,274.61","$62,714.74"
2022-06-06,"$90,725.39",$0.00,"$-9,274.61","$65,784.80"
2022-06-07,"$90,725.39",$0.00,"$-9,274.61","$65,333.53"
2022-06-08,"$90,725.39",$0.00,"$-9,274.61","$63,359.98"
2022-06-09,"$90,725.39",$0.00,"$-9,274.61","$63,145.34"
2022-06-10,"$90,725.39",$0.00,"$-9,274.61","$60,989.20"
2022-06-11,"$90,725.39",$0.00,"$-9,274.61","$59,473.07"
2022-06-12,"$90,725.39",$0.00,"$-9,274.61","$56,121.70"
2022-06-13,"$90,725.39",$0.00,"$-9,274.61","$47,156.41"
2022-06-14,"$90,725.39",$0.00,"$-9,274.61","$46,568.00"
2022-06-15,"$90,725.39",$0.00,"$-9,274.61","$47,335.60"
2022-06-16,"$90,725.39",$0.00,"$-9,274.61","$42,740.64"
2022-06-17,"$90,725.39",$0.00,"$-9,274.61","$42,929.02"
2022-06-18,"$90,725.39",$0.00,"$-9,274.61","$39,880.30"
2022-06-19,"$90,725.39",$0.00,"$-9,274.61","$43,100.54"
2022-06-20,"$90,725.39",$0.00,"$-9,274.61","$43,197.56"
2022-06-21,"$90,725.39",$0.00,"$-9,274.61","$43,430.45"
2022-06-22,"$90,725.39",$0.00,"$-9,274.61","$41,913.12"
2022-06-23,"$90,725.39",$0.00,"$-9,274.61","$44,217.42"
2022-06-24,"$90,725.39",$0.00,"$-9,274.61","$44,523.12"
2022-06-25,"$90,725.39",$0.00,"$-9,274.61","$45,090.74"
2022-06-26,"$90,725.39",$0.00,"$-9,274.61","$44,094.57"
2022-06-27,"$90,725.39",$0.00,"$-9,274.61","$43,482.63"
2022-06-28,"$90,725.39",$0.00,"$-9,274.61","$42,528.81"
2022-06-29,"$90,725.39",$0.00,"$-9,274.61","$42,158.46"
2022-06-30,"$90,725.39",$0.00,"$-9,274.61","$41,488.88"
2022-07-01,"$90,725.39",$0.00,"$-9,274.61","$40,408.17"
2022-07-02,"$90,725.39",$0.00,"$-9,274.61","$40,351.31"
2022-07-03,"$90,725.39",$0.00,"$-9,274.61","$40,466.27"
2022-07-04,"$90,725.39",$0.00,"$-9,274.61","$42,425.28"
2022-07-05,"$90,725.39",$0.00,"$-9,274.61","$42,338.99"
2022-07-06,"$90,725.39",$0.00,"$-9,274.61","$43,090.00"
2022-07-07,"$90,725.39",$0.00,"$-9,274.61","$45,374.36"
2022-07-08,"$90,725.39",$0.00,"$-9,274.61","$45,570.50"
2022-07-09,"$90,725.39",$0.00,"$-9,274.61","$45,279.20"
2022-07-10,"$90,725.39",$0.00,"$-9,274.61","$43,744.69"
2022-07-11,"$90,725.39",$0.00,"$-9,274.61","$41,878.57"
2022-07-12,"$90,725.39",$0.00,"$-9,274.61","$40,522.55"
2022-07-13,"$90,725.39",$0.00,"$-9,274.61","$42,385.04"
2022-07-14,"$90,725.39",$0.00,"$-9,274.61","$43,135.45"
2022-07-15,"$90,725.39",$0.00,"$-9,274.61","$43,694.11"
2022-07-16,"$90,725.39",$0.00,"$-9,274.61","$44,436.43"
2022-07-17,"$90,725.39",$0.00,"$-9,274.61","$43,574.61"
2022-07-18,"$90,725.39",$0.00,"$-9,274.61","$47,152.85"
2022-07-19,"$90,725.39",$0.00,"$-9,274.61","$49,048.01"
2022-07-20,"$90,725.39",$0.00,"$-9,274.61","$48,717.31"
2022-07-21,"$90,725.39",$0.00,"$-9,274.61","$48,576.59"
2022-07-22,"$90,725.39",$0.00,"$-9,274.61","$47,633.67"
2022-07-23,"$90,725.39",$0.00,"$-9,274.61","$47,110.46"
2022-07-24,"$90,725.39",$0.00,"$-9,274.61","$47,411.77"
2022-07-25,"$90,725.39",$0.00,"$-9,274.61","$44,795.83"
2022-07-26,"$90,725.39",$0.00,"$-9,274.61","$44,540.10"
2022-07-27,"$90,725.39",$0.00,"$-9,274.61","$48,085.72"
2022-07-28,"$90,725.39",$0.00,"$-9,274.61","$50,001.01"
2022-07-29,"$90,725.39",$0.00,"$-9,274.61","$49,918.69"
2022-07-30,"$90,725.39",$0.00,"$-9,274.61","$49,607.44"
2022-07-31,"$90,725.39",$0.00,"$-9,274.61","$48,937.84"
2022-08-01,"$90,725.39",$0.00,"$-9,274.61","$48,890.24"
2022-08-02,"$90,725.39",$0.00,"$-9,274.61","$48,185.48"
2022-08-03,"$90,725.39",$0.00,"$-9,274.61","$47,909.49"
2022-08-04,"$90,725.39",$0.00,"$-9,274.61","$47,457.47"
2022-08-05,"$90,725.39",$0.00,"$-9,274.61","$48,838.06"
2022-08-06,"$90,725.39",$0.00,"$-9,274.61","$48,150.17"
2022-08-07,"$90,725.39",$0.00,"$-9,274.61","$48,600.21"
2022-08-08,"$90,725.39",$0.00,"$-9,274.61","$49,928.87"
2022-08-09,"$90,725.39",$0.00,"$-9,274.61","$48,575.94"
2022-08-10,"$90,725.39",$0.00,"$-9,274.61","$50,218.59"
2022-08-11,"$90,725.39",$0.00,"$-9,274.61","$50,239.32"
2022-08-12,"$90,725.39",$0.00,"$-9,274.61","$51,173.10"
2022-08-13,"$90,725.39",$0.00,"$-9,274.61","$51,217.66"
2022-08-14,"$90,725.39",$0.00,"$-9,274.61","$50,998.03"
2022-08-15,"$90,725.39",$0.00,"$-9,274.61","$50,615.61"
2022-08-16,"$90,725.39",$0.00,"$-9,274.61","$50,083.64"
2022-08-17,"$90,725.39",$0.00,"$-9,274.61","$48,935.96"
2022-08-18,"$90,725.39",$0.00,"$-9,274.61","$48,677.48"
2022-08-19,"$90,725.39",$0.00,"$-9,274.61","$43,780.56"
2022-08-20,"$90,725.39",$0.00,"$-9,274.61","$44,385.56"
2022-08-21,"$90,725.39",$0.00,"$-9,274.61","$45,157.39"
2022-08-22,"$90,725.39",$0.00,"$-9,274.61","$44,873.85"
2022-08-23,"$90,725.39",$0.00,"$-9,274.61","$45,144.74"
2022-08-24,"$90,725.39",$0.00,"$-9,274.61","$44,865.69"
2022-08-25,"$90,725.39",$0.00,"$-9,274.61","$45,297.44"
2022-08-26,"$90,725.39",$0.00,"$-9,274.61","$42,485.58"
2022-08-27,"$90,725.39",$0.00,"$-9,274.61","$42,027.84"
2022-08-28,"$90,725.39",$0.00,"$-9,274.61","$41,136.77"
2022-08-29,"$90,725.39",$0.00,"$-9,274.61","$42,565.21"
2022-08-30,"$90,725.39",$0.00,"$-9,274.61","$41,514.22"
2022-08-31,"$90,725.39",$0.00,"$-9,274.61","$42,044.67"
2022-09-01,"$90,725.39",$0.00,"$-9,274.61","$42,206.93"
2022-09-02,"$90,725.39",$0.00,"$-9,274.61","$41,876.93"
2022-09-03,"$90,725.39",$0.00,"$-9,274.61","$41,588.20"
2022-09-04,"$90,725.39",$0.00,"$-9,274.61","$41,912.45"
2022-09-05,"$90,725.39",$0.00,"$-9,274.61","$41,546.86"
2022-09-06,"$90,725.39",$0.00,"$-9,274.61","$39,502.89"
2022-09-07,"$90,725.39",$0.00,"$-9,274.61","$40,452.11"
2022-09-08,"$90,725.39",$0.00,"$-9,274.61","$40,534.97"
2022-09-09,"$90,725.39",$0.00,"$-9,274.61","$44,836.61"
2022-09-10,"$90,725.39",$0.00,"$-9,274.61","$45,464.43"
2022-09-11,"$90,725.39",$0.00,"$-9,274.61","$45,650.47"
2022-09-12,"$90,725.39",$0.00,"$-9,274.61","$46,911.19"
2022-09-13,"$82,613.65","$-8,111.73","$-17,386.35","$42,562.52"
2022-09-14,"$82,613.65",$0.00,"$-17,386.35","$42,445.89"
2022-09-15,"$82,613.65",$0.00,"$-17,386.35","$41,313.75"
2022-09-16,"$82,613.65",$0.00,"$-17,386.35","$41,463.42"
2022-09-17,"$82,613.65",$0.00,"$-17,386.35","$42,207.85"
2022-09-18,"$82,613.65",$0.00,"$-17,386.35","$40,723.01"
2022-09-19,"$82,613.65",$0.00,"$-17,386.35","$40,984.35"
2022-09-20,"$82,613.65",$0.00,"$-17,386.35","$39,614.28"
2022-09-21,"$82,613.65",$0.00,"$-17,386.35","$38,894.19"
2022-09-22,"$82,613.65",$0.00,"$-17,386.35","$40,710.52"
2022-09-23,"$82,613.65",$0.00,"$-17,386.35","$40,467.45"
2022-09-24,"$82,613.65",$0.00,"$-17,386.35","$39,711.21"
2022-09-25,"$82,613.65",$0.00,"$-17,386.35","$39,428.30"
2022-09-26,"$82,613.65",$0.00,"$-17,386.35","$40,310.25"
2022-09-27,"$82,613.65",$0.00,"$-17,386.35","$40,075.12"
2022-09-28,"$82,613.65",$0.00,"$-17,386.35","$40,738.14"
2022-09-29,"$82,613.65",$0.00,"$-17,386.35","$41,045.00"
2022-09-30,"$82,613.65",$0.00,"$-17,386.35","$40,748.77"
2022-10-01,"$82,613.65",$0.00,"$-17,386.35","$40,497.77"
2022-10-02,"$82,613.65",$0.00,"$-17,386.35","$39,935.79"
2022-10-03,"$82,613.65",$0.00,"$-17,386.35","$41,150.96"
2022-10-04,"$82,613.65",$0.00,"$-17,386.35","$42,646.68"
2022-10-05,"$82,613.65",$0.00,"$-17,386.35","$42,277.34"
2022-10-06,"$82,613.65",$0.00,"$-17,386.35","$41,846.88"
2022-10-07,"$82,613.65",$0.00,"$-17,386.35","$40,990.05"
2022-10-08,"$82,613.65",$0.00,"$-17,386.35","$40,716.85"
2022-10-09,"$82,613.65",$0.00,"$-17,386.35","$40,779.46"
2022-10-10,"$82,613.65",$0.00,"$-17,386.35","$40,140.00"
2022-10-11,"$82,613.65",$0.00,"$-17,386.35","$39,951.12"
2022-10-12,"$82,613.65",$0.00,"$-17,386.35","$40,173.47"
2022-10-13,"$82,613.65",$0.00,"$-17,386.35","$40,646.26"
2022-10-14,"$82,613.65",$0.00,"$-17,386.35","$40,232.62"
2022-10-15,"$82,613.65",$0.00,"$-17,386.35","$39,985.13"
2022-10-16,"$82,613.65",$0.00,"$-17,386.35","$40,405.50"
2022-10-17,"$82,613.65",$0.00,"$-17,386.35","$40,998.25"
2022-10-18,"$82,613.65",$0.00,"$-17,386.35","$40,544.58"
2022-10-19,"$82,613.65",$0.00,"$-17,386.35","$40,135.91"
2022-10-20,"$82,613.65",$0.00,"$-17,386.35","$39,955.99"
2022-10-21,"$82,613.65",$0.00,"$-17,386.35","$40,204.97"
2022-10-22,"$82,613.65",$0.00,"$-17,386.35","$40,279.88"
2022-10-23,"$82,613.65",$0.00,"$-17,386.35","$41,032.32"
2022-10-24,"$82,613.65",$0.00,"$-17,386.35","$40,567.97"
2022-10-25,"$82,613.65",$0.00,"$-17,386.35","$42,141.33"
2022-10-26,"$82,613.65",$0.00,"$-17,386.35","$43,555.94"
2022-10-27,"$82,613.65",$0.00,"$-17,386.35","$42,539.72"
2022-10-28,"$82,613.65",$0.00,"$-17,386.35","$43,188.78"
2022-10-29,"$82,613.65",$0.00,"$-17,386.35","$43,656.67"
2022-10-30,"$82,613.65",$0.00,"$-17,386.35","$43,273.19"
2022-10-31,"$82,613.65",$0.00,"$-17,386.35","$42,979.96"
2022-11-01,"$82,613.65",$0.00,"$-17,386.35","$42,957.94"
2022-11-02,"$82,613.65",$0.00,"$-17,386.35","$42,274.80"
2022-11-03,"$82,613.65",$0.00,"$-17,386.35","$42,380.67"
2022-11-04,"$82,613.65",$0.00,"$-17,386.35","$44,346.08"
2022-11-05,"$81,613.96",$-999.69,"$-18,386.04","$44,630.14"
2022-11-06,"$78,141.61","$-3,472.36","$-21,858.39","$43,883.17"
2022-11-07,"$79,626.71","$1,485.10","$-20,373.29","$43,204.43"
2022-11-08,"$66,675.01","$-12,951.70","$-33,324.99","$38,881.34"
2022-11-09,"$60,762.75","$-5,912.25","$-39,237.25","$33,302.25"
2022-11-10,"$60,762.75",$0.00,"$-39,237.25","$36,879.74"
2022-11-11,"$60,762.75",$0.00,"$-39,237.25","$35,721.18"
2022-11-12,"$60,762.75",$0.00,"$-39,237.25","$35,228.16"
2022-11-13,"$60,762.75",$0.00,"$-39,237.25","$34,293.27"
2022-11-14,"$60,762.75",$0.00,"$-39,237.25","$34,848.63"
2022-11-15,"$60,762.75",$0.00,"$-39,237.25","$35,407.30"
2022-11-16,"$60,762.75",$0.00,"$-39,237.25","$34,956.08"
2022-11-17,"$60,762.75",$0.00,"$-39,237.25","$34,993.99"
2022-11-18,"$60,762.75",$0.00,"$-39,237.25","$35,015.50"
2022-11-19,"$60,762.75",$0.00,"$-39,237.25","$35,044.38"
2022-11-20,"$60,762.75",$0.00,"$-39,237.25","$34,164.23"
2022-11-21,"$60,762.75",$0.00,"$-39,237.25","$33,106.18"
2022-11-22,"$60,762.75",$0.00,"$-39,237.25","$33,950.20"
2022-11-23,"$60,762.75",$0.00,"$-39,237.25","$34,832.92"
2022-11-24,"$60,762.75",$0.00,"$-39,237.25","$34,819.83"
2022-11-25,"$60,762.75",$0.00,"$-39,237.25","$34,646.56"
2022-11-26,"$60,762.75",$0.00,"$-39,237.25","$34,525.86"
2022-11-27,"$60,762.75",$0.00,"$-39,237.25","$34,484.64"
2022-11-28,"$60,762.75",$0.00,"$-39,237.25","$34,007.98"
2022-11-29,"$60,762.75",$0.00,"$-39,237.25","$34,485.39"
2022-11-30,"$60,762.75",$0.00,"$-39,237.25","$36,002.76"
2022-12-01,"$60,762.75",$0.00,"$-39,237.25","$35,580.35"
2022-12-02,"$60,762.75",$0.00,"$-39,237.25","$35,835.19"
2022-12-03,"$60,762.75",$0.00,"$-39,237.25","$35,456.84"
2022-12-04,"$60,762.75",$0.00,"$-39,237.25","$35,922.90"
2022-12-05,"$60,762.75",$0.00,"$-39,237.25","$35,596.48"
2022-12-06,"$60,762.75",$0.00,"$-39,237.25","$35,836.96"
2022-12-07,"$60,762.75",$0.00,"$-39,237.25","$35,330.79"
2022-12-08,"$60,762.75",$0.00,"$-39,237.25","$36,138.87"
2022-12-09,"$60,762.75",$0.00,"$-39,237.25","$35,928.49"
2022-12-10,"$60,762.75",$0.00,"$-39,237.25","$35,919.21"
2022-12-11,"$60,762.75",$0.00,"$-39,237.25","$35,867.76"
2022-12-12,"$60,762.75",$0.00,"$-39,237.25","$36,082.17"
2022-12-13,"$60,762.75",$0.00,"$-39,237.25","$37,287.71"
2022-12-14,"$60,762.75",$0.00,"$-39,237.25","$37,359.70"
2022-12-15,"$60,762.75",$0.00,"$-39,237.25","$36,414.40"
2022-12-16,"$60,762.75",$0.00,"$-39,237.25","$34,910.04"
2022-12-17,"$60,762.75",$0.00,"$-39,237.25","$35,219.57"
2022-12-18,"$60,762.75",$0.00,"$-39,237.25","$35,141.74"
2022-12-19,"$60,762.75",$0.00,"$-39,237.25","$34,474.27"
2022-12-20,"$60,762.75",$0.00,"$-39,237.25","$35,452.79"
2022-12-21,"$60,762.75",$0.00,"$-39,237.25","$35,266.64"
2022-12-22,"$60,762.75",$0.00,"$-39,237.25","$35,293.49"
2022-12-23,"$60,762.75",$0.00,"$-39,237.25","$35,223.48"
2022-12-24,"$60,762.75",$0.00,"$-39,237.25","$35,330.01"
2022-12-25,"$60,762.75",$0.00,"$-39,237.25","$35,317.91"
2022-12-26,"$60,762.75",$0.00,"$-39,237.25","$35,481.10"
2022-12-27,"$60,762.75",$0.00,"$-39,237.25","$35,056.18"
2022-12-28,"$60,762.75",$0.00,"$-39,237.25","$34,711.01"
2022-12-29,"$60,762.75",$0.00,"$-39,237.25","$34,899.25"
2022-12-30,"$60,762.75",$0.00,"$-39,237.25","$34,815.89"
2022-12-31,"$60,762.75",$0.00,"$-39,237.25","$34,700.36"
2023-01-01,"$60,762.75",$0.00,"$-39,237.25","$34,863.06"
2023-01-02,"$60,762.75",$0.00,"$-39,237.25","$34,995.99"
2023-01-03,"$60,762.75",$0.00,"$-39,237.25","$34,977.92"
2023-01-04,"$60,762.75",$0.00,"$-39,237.25","$35,362.48"
2023-01-05,"$60,762.75",$0.00,"$-39,237.25","$35,306.90"
2023-01-06,"$60,762.75",$0.00,"$-39,237.25","$35,548.55"
2023-01-07,"$60,762.75",$0.00,"$-39,237.25","$35,555.07"
2023-01-08,"$60,762.75",$0.00,"$-39,237.25","$35,840.40"
2023-01-09,"$60,762.75",$0.00,"$-39,237.25","$36,061.45"
2023-01-10,"$60,762.75",$0.00,"$-39,237.25","$36,585.15"
2023-01-11,"$60,762.75",$0.00,"$-39,237.25","$37,609.76"
2023-01-12,"$61,997.71","$1,234.96","$-38,002.29","$39,569.82"
2023-01-13,"$66,370.21","$4,372.49","$-33,629.79","$41,750.69"
2023-01-14,"$73,357.73","$6,987.52","$-26,642.27","$43,987.63"
2023-01-15,"$73,162.69",$-195.04,"$-26,837.31","$43,787.37"
2023-01-16,"$73,543.93",$381.24,"$-26,456.07","$44,393.05"
2023-01-17,"$72,665.30",$-878.63,"$-27,334.70","$44,376.04"
2023-01-18,"$68,295.76","$-4,369.54","$-31,704.24","$43,384.70"
2023-01-19,"$70,557.93","$2,262.17","$-29,442.07","$44,219.34"
2023-01-20,"$79,691.32","$9,133.39","$-20,308.68","$47,553.09"
2023-01-21,"$78,875.58",$-815.74,"$-21,124.42","$47,765.04"
2023-01-22,"$79,259.79",$384.21,"$-20,740.21","$47,645.07"
2023-01-23,"$79,742.37",$482.58,"$-20,257.63","$48,093.87"
2023-01-24,"$75,224.13","$-4,518.24","$-24,775.87","$47,469.03"
2023-01-25,"$81,104.69","$5,880.56","$-18,895.31","$48,478.52"
2023-01-26,"$80,279.57",$-825.11,"$-19,720.43","$48,300.10"
2023-01-27,"$84,495.10","$4,215.52","$-15,504.90","$48,396.46"
2023-01-28,"$82,426.68","$-2,068.42","$-17,573.32","$48,296.56"
2023-01-29,"$86,783.29","$4,356.61","$-13,216.71","$49,855.64"
2023-01-30,"$80,120.61","$-6,662.68","$-19,879.39","$47,896.13"
2023-01-31,"$80,970.41",$849.81,"$-19,029.59","$48,523.44"
2023-02-01,"$87,692.62","$6,722.21","$-12,307.38","$49,749.12"
2023-02-02,"$87,759.27",$66.65,"$-12,240.73","$49,220.88"
2023-02-03,"$91,265.81","$3,506.54","$-8,734.19","$49,173.60"
2023-02-04,"$90,043.44","$-1,222.36","$-9,956.56","$48,927.25"
2023-02-05,"$87,419.83","$-2,623.61","$-12,580.17","$48,138.39"
2023-02-06,"$85,786.34","$-1,633.49","$-14,213.66","$47,728.31"
2023-02-07,"$90,324.62","$4,538.28","$-9,675.38","$48,785.59"
2023-02-08,"$88,216.13","$-2,108.49","$-11,783.87","$48,104.28"
2023-02-09,"$80,405.32","$-7,810.81","$-19,594.68","$45,754.87"
2023-02-10,"$80,710.22",$304.90,"$-19,289.78","$45,402.87"
2023-02-11,"$81,983.52","$1,273.30","$-18,016.48","$45,863.57"
2023-02-12,"$81,522.00",$-461.52,"$-18,478.00","$45,690.21"
2023-02-13,"$78,181.69","$-3,340.31","$-21,818.31","$45,731.93"
2023-02-14,"$84,358.52","$6,176.83","$-15,641.48","$46,597.38"
2023-02-15,"$89,055.53","$4,697.01","$-10,944.47","$50,973.93"
2023-02-16,"$89,743.90",$688.37,"$-10,256.10","$49,538.80"
2023-02-17,"$97,646.62","$7,902.72","$-2,353.38","$51,514.45"
2023-02-18,"$96,152.43","$-1,494.19","$-3,847.57","$51,673.15"
2023-02-19,"$92,491.73","$-3,660.71","$-7,508.27","$51,015.45"
2023-02-20,"$92,771.68",$279.95,"$-7,228.32","$52,067.12"
2023-02-21,"$88,400.20","$-4,371.48","$-11,599.80","$51,243.42"
2023-02-22,"$88,963.75",$563.55,"$-11,036.25","$50,724.39"
2023-02-23,"$86,267.48","$-2,696.27","$-13,732.52","$50,218.27"
2023-02-24,"$86,267.48",$0.00,"$-13,732.52","$48,646.84"
2023-02-25,"$86,267.48",$0.00,"$-13,732.52","$48,599.13"
2023-02-26,"$86,267.48",$0.00,"$-13,732.52","$49,408.24"
2023-02-27,"$86,267.48",$0.00,"$-13,732.52","$49,327.83"
2023-02-28,"$86,267.48",$0.00,"$-13,732.52","$48,540.37"
2023-03-01,"$86,267.48",$0.00,"$-13,732.52","$49,587.19"
2023-03-02,"$84,848.69","$-1,418.79","$-15,151.31","$49,228.43"
2023-03-03,"$79,240.46","$-5,608.23","$-20,759.54","$46,894.89"
2023-03-04,"$79,240.46",$0.00,"$-20,759.54","$46,875.33"
2023-03-05,"$79,240.46",$0.00,"$-20,759.54","$47,047.63"
2023-03-06,"$79,240.46",$0.00,"$-20,759.54","$47,035.56"
2023-03-07,"$79,240.46",$0.00,"$-20,759.54","$46,595.21"
2023-03-08,"$79,240.46",$0.00,"$-20,759.54","$45,543.16"
2023-03-09,"$79,240.46",$0.00,"$-20,759.54","$42,701.58"
2023-03-10,"$79,240.46",$0.00,"$-20,759.54","$42,332.97"
2023-03-11,"$79,240.46",$0.00,"$-20,759.54","$43,266.49"
2023-03-12,"$79,240.46",$0.00,"$-20,759.54","$46,478.15"
2023-03-13,"$79,240.46",$0.00,"$-20,759.54","$50,742.61"
2023-03-14,"$79,240.46",$0.00,"$-20,759.54","$51,892.91"
2023-03-15,"$79,240.46",$0.00,"$-20,759.54","$51,116.78"
2023-03-16,"$79,240.46",$0.00,"$-20,759.54","$52,536.09"
2023-03-17,"$79,240.46",$0.00,"$-20,759.54","$57,508.41"
2023-03-18,"$77,649.81","$-1,590.66","$-22,350.19","$56,547.87"
2023-03-19,"$77,649.81",$0.00,"$-22,350.19","$58,797.55"
2023-03-20,"$76,690.89",$-958.92,"$-23,309.11","$58,228.33"
2023-03-21,"$77,129.08",$438.19,"$-22,870.92","$59,085.13"
2023-03-22,"$75,595.26","$-1,533.82","$-24,404.74","$57,264.13"
2023-03-23,"$79,592.14","$3,996.88","$-20,407.86","$59,416.79"
2023-03-24,"$77,566.12","$-2,026.02","$-22,433.88","$57,653.85"
2023-03-25,"$78,508.60",$942.48,"$-21,491.40","$57,656.84"
2023-03-26,"$79,787.99","$1,279.40","$-20,212.01","$58,704.55"
2023-03-27,"$79,312.89",$-475.10,"$-20,687.11","$56,912.78"
2023-03-28,"$85,136.83","$5,823.94","$-14,863.17","$57,181.70"
2023-03-29,"$87,420.47","$2,283.64","$-12,579.53","$59,447.13"
2023-03-30,"$86,322.73","$-1,097.74","$-13,677.27","$58,786.82"
2023-03-31,"$89,121.22","$2,798.50","$-10,878.78","$59,719.83"
2023-04-01,"$87,892.39","$-1,228.83","$-12,107.61","$59,578.39"
2023-04-02,"$86,199.75","$-1,692.64","$-13,800.25","$59,134.40"
2023-04-03,"$85,001.01","$-1,198.74","$-14,998.99","$58,276.53"
2023-04-04,"$85,287.67",$286.67,"$-14,712.33","$59,068.93"
2023-04-05,"$85,428.82",$141.14,"$-14,571.18","$59,089.68"
2023-04-06,"$83,247.21","$-2,181.61","$-16,752.79","$58,809.01"
2023-04-07,"$82,513.59",$-733.62,"$-17,486.41","$58,560.97"
2023-04-08,"$81,871.27",$-642.32,"$-18,128.73","$58,606.97"
2023-04-09,"$82,352.77",$481.51,"$-17,647.23","$59,414.86"
2023-04-10,"$84,064.65","$1,711.87","$-15,935.35","$62,182.77"
2023-04-11,"$83,670.22",$-394.43,"$-16,329.78","$63,403.40"
2023-04-12,"$82,943.30",$-726.91,"$-17,056.70","$63,202.07"
2023-04-13,"$84,179.32","$1,236.02","$-15,820.68","$63,747.32"
2023-04-14,"$86,220.71","$2,041.39","$-13,779.29","$63,928.99"
2023-04-15,"$86,624.74",$404.04,"$-13,375.26","$63,578.37"
2023-04-16,"$87,072.68",$447.94,"$-12,927.32","$63,571.78"
2023-04-17,"$85,175.10","$-1,897.58","$-14,824.90","$61,746.72"
2023-04-18,"$87,393.93","$2,218.83","$-12,606.07","$63,744.15"
2023-04-19,"$80,453.08","$-6,940.85","$-19,546.92","$60,441.62"
2023-04-20,"$77,575.49","$-2,877.59","$-22,424.51","$59,232.28"
2023-04-21,"$77,575.49",$0.00,"$-22,424.51","$57,200.11"
2023-04-22,"$77,575.49",$0.00,"$-22,424.51","$58,333.74"
2023-04-23,"$77,575.49",$0.00,"$-22,424.51","$57,859.57"
2023-04-24,"$77,575.49",$0.00,"$-22,424.51","$57,721.07"
2023-04-25,"$77,575.49",$0.00,"$-22,424.51","$59,361.48"
2023-04-26,"$77,575.49",$0.00,"$-22,424.51","$59,602.85"
2023-04-27,"$77,575.49",$0.00,"$-22,424.51","$61,807.00"
2023-04-28,"$77,575.49",$0.00,"$-22,424.51","$61,526.99"
2023-04-29,"$77,081.91",$-493.57,"$-22,918.09","$61,334.54"
2023-04-30,"$75,586.30","$-1,495.62","$-24,413.70","$61,377.15"
2023-05-01,"$75,586.30",$0.00,"$-24,413.70","$58,908.46"
2023-05-02,"$75,586.30",$0.00,"$-24,413.70","$60,143.54"
2023-05-03,"$75,586.30",$0.00,"$-24,413.70","$60,826.69"
2023-05-04,"$75,586.30",$0.00,"$-24,413.70","$60,494.11"
2023-05-05,"$75,586.30",$0.00,"$-24,413.70","$61,934.07"
2023-05-06,"$75,586.30",$0.00,"$-24,413.70","$60,613.45"
2023-05-07,"$75,586.30",$0.00,"$-24,413.70","$59,670.54"
2023-05-08,"$75,586.30",$0.00,"$-24,413.70","$58,075.33"
2023-05-09,"$75,586.30",$0.00,"$-24,413.70","$58,000.89"
2023-05-10,"$75,586.30",$0.00,"$-24,413.70","$57,923.26"
2023-05-11,"$75,586.30",$0.00,"$-24,413.70","$56,621.08"
2023-05-12,"$75,586.30",$0.00,"$-24,413.70","$56,210.49"
2023-05-13,"$75,586.30",$0.00,"$-24,413.70","$56,166.64"
2023-05-14,"$75,586.30",$0.00,"$-24,413.70","$56,473.98"
2023-05-15,"$75,586.30",$0.00,"$-24,413.70","$57,023.51"
2023-05-16,"$75,586.30",$0.00,"$-24,413.70","$56,696.28"
2023-05-17,"$75,586.30",$0.00,"$-24,413.70","$57,455.72"
2023-05-18,"$75,586.30",$0.00,"$-24,413.70","$56,267.57"
2023-05-19,"$75,586.30",$0.00,"$-24,413.70","$56,389.03"
2023-05-20,"$75,586.30",$0.00,"$-24,413.70","$56,891.17"
2023-05-21,"$75,586.30",$0.00,"$-24,413.70","$56,103.20"
2023-05-22,"$75,586.30",$0.00,"$-24,413.70","$56,307.55"
2023-05-23,"$75,586.30",$0.00,"$-24,413.70","$57,092.78"
2023-05-24,"$75,586.30",$0.00,"$-24,413.70","$55,224.53"
2023-05-25,"$75,586.30",$0.00,"$-24,413.70","$55,521.02"
2023-05-26,"$75,586.30",$0.00,"$-24,413.70","$56,030.78"
2023-05-27,"$75,586.30",$0.00,"$-24,413.70","$56,343.36"
2023-05-28,"$75,586.30",$0.00,"$-24,413.70","$58,896.04"
2023-05-29,"$77,542.45","$1,956.15","$-22,457.55","$58,183.56"
2023-05-30,"$81,602.60","$4,060.16","$-18,397.40","$58,092.27"
2023-05-31,"$80,991.23",$-611.37,"$-19,008.77","$57,080.05"
2023-06-01,"$79,407.92","$-1,583.30","$-20,592.08","$56,241.91"
2023-06-02,"$82,213.98","$2,806.05","$-17,786.02","$57,142.82"
2023-06-03,"$81,336.11",$-877.87,"$-18,663.89","$56,776.97"
2023-06-04,"$84,016.75","$2,680.64","$-15,983.25","$56,869.11"
2023-06-05,"$79,799.83","$-4,216.92","$-20,200.17","$54,019.33"
2023-06-06,"$83,091.85","$3,292.02","$-16,908.15","$57,120.16"
2023-06-07,"$81,257.72","$-1,834.12","$-18,742.28","$55,247.97"
2023-06-08,"$82,088.57",$830.84,"$-17,911.43","$55,588.15"
2023-06-09,"$84,345.95","$2,257.38","$-15,654.05","$55,529.77"
2023-06-10,"$79,439.28","$-4,906.68","$-20,560.72","$54,210.46"
2023-06-11,"$79,439.28",$0.00,"$-20,560.72","$54,396.94"
2023-06-12,"$79,439.28",$0.00,"$-20,560.72","$54,317.95"
2023-06-13,"$79,439.28",$0.00,"$-20,560.72","$54,351.98"
2023-06-14,"$79,439.28",$0.00,"$-20,560.72","$52,686.84"
2023-06-15,"$79,439.28",$0.00,"$-20,560.72","$53,634.10"
2023-06-16,"$79,439.28",$0.00,"$-20,560.72","$55,209.11"
2023-06-17,"$79,439.28",$0.00,"$-20,560.72","$55,593.31"
2023-06-18,"$79,439.28",$0.00,"$-20,560.72","$55,227.45"
2023-06-19,"$79,439.28",$0.00,"$-20,560.72","$56,307.03"
2023-06-20,"$79,439.28",$0.00,"$-20,560.72","$59,403.19"
2023-06-21,"$79,439.28",$0.00,"$-20,560.72","$62,967.72"
2023-06-22,"$79,439.28",$0.00,"$-20,560.72","$62,726.53"
2023-06-23,"$79,439.28",$0.00,"$-20,560.72","$64,368.88"
2023-06-24,"$79,439.28",$0.00,"$-20,560.72","$64,061.10"
2023-06-25,"$79,439.28",$0.00,"$-20,560.72","$63,917.59"
2023-06-26,"$79,439.28",$0.00,"$-20,560.72","$63,479.04"
2023-06-27,"$79,439.28",$0.00,"$-20,560.72","$64,353.57"
2023-06-28,"$79,439.28",$0.00,"$-20,560.72","$63,091.33"
2023-06-29,"$79,439.28",$0.00,"$-20,560.72","$63,844.38"
2023-06-30,"$79,439.28",$0.00,"$-20,560.72","$63,911.28"
2023-07-01,"$79,813.74",$374.46,"$-20,186.26","$64,147.88"
2023-07-02,"$80,434.26",$620.52,"$-19,565.74","$64,212.24"
2023-07-03,"$81,049.82",$615.56,"$-18,950.18","$65,335.55"
2023-07-04,"$79,400.17","$-1,649.65","$-20,599.83","$64,541.08"
2023-07-05,"$77,503.35","$-1,896.82","$-22,496.65","$63,988.69"
2023-07-06,"$76,096.42","$-1,406.93","$-23,903.58","$62,720.35"
2023-07-07,"$79,474.02","$3,377.60","$-20,525.98","$63,628.21"
2023-07-08,"$80,147.19",$673.16,"$-19,852.81","$63,523.94"
2023-07-09,"$79,661.44",$-485.75,"$-20,338.56","$63,269.56"
2023-07-10,"$80,767.70","$1,106.26","$-19,232.30","$63,779.63"
2023-07-11,"$81,643.51",$875.82,"$-18,356.49","$64,212.62"
2023-07-12,"$80,979.50",$-664.02,"$-19,020.50","$63,731.76"
2023-07-13,"$94,482.26","$13,502.76","$-5,517.74","$66,005.77"
2023-07-14,"$92,163.75","$-2,318.50","$-7,836.25","$63,611.02"
2023-07-15,"$92,244.63",$80.88,"$-7,755.37","$63,530.79"
2023-07-16,"$90,858.07","$-1,386.56","$-9,141.93","$63,432.91"
2023-07-17,"$90,165.90",$-692.17,"$-9,834.10","$63,216.41"
2023-07-18,"$88,100.51","$-2,065.39","$-11,899.49","$62,609.68"
2023-07-19,"$91,369.56","$3,269.05","$-8,630.44","$62,729.97"
2023-07-20,"$94,086.21","$2,716.66","$-5,913.79","$62,474.33"
2023-07-21,"$92,832.54","$-1,253.68","$-7,167.46","$62,719.11"
2023-07-22,"$90,797.50","$-2,035.04","$-9,202.50","$62,431.94"
2023-07-23,"$91,412.03",$614.54,"$-8,587.97","$63,087.75"
2023-07-24,"$87,097.19","$-4,314.84","$-12,902.81","$61,184.45"
2023-07-25,"$85,822.08","$-1,275.11","$-14,177.92","$61,290.30"
2023-07-26,"$88,107.96","$2,285.88","$-11,892.04","$61,557.84"
2023-07-27,"$88,308.79",$200.84,"$-11,691.21","$61,255.28"
2023-07-28,"$87,258.28","$-1,050.51","$-12,741.72","$61,482.92"
2023-07-29,"$88,724.12","$1,465.84","$-11,275.88","$61,561.92"
2023-07-30,"$88,109.22",$-614.90,"$-11,890.78","$61,390.79"
2023-07-31,"$87,385.91",$-723.32,"$-12,614.09","$61,296.01"
2023-08-01,"$88,531.59","$1,145.69","$-11,468.41","$62,230.48"
2023-08-02,"$85,732.04","$-2,799.56","$-14,267.96","$61,132.12"
2023-08-03,"$89,680.25","$3,948.22","$-10,319.75","$61,188.15"
2023-08-04,"$88,267.65","$-1,412.60","$-11,732.35","$60,968.83"
2023-08-05,"$88,424.61",$156.96,"$-11,575.39","$60,901.80"
2023-08-06,"$89,052.43",$627.82,"$-10,947.57","$60,901.23"
2023-08-07,"$94,075.01","$5,022.57","$-5,924.99","$61,192.13"
2023-08-08,"$87,901.42","$-6,173.58","$-12,098.58","$62,418.71"
2023-08-09,"$87,901.42",$0.00,"$-12,098.58","$61,990.92"
2023-08-10,"$87,901.42",$0.00,"$-12,098.58","$61,714.32"
2023-08-11,"$87,901.42",$0.00,"$-12,098.58","$61,647.47"
2023-08-12,"$87,901.42",$0.00,"$-12,098.58","$61,685.74"
2023-08-13,"$87,901.42",$0.00,"$-12,098.58","$61,406.73"
2023-08-14,"$87,901.42",$0.00,"$-12,098.58","$61,669.97"
2023-08-15,"$87,901.42",$0.00,"$-12,098.58","$61,170.68"
2023-08-16,"$87,901.42",$0.00,"$-12,098.58","$60,188.09"
2023-08-17,"$87,901.42",$0.00,"$-12,098.58","$55,915.98"
2023-08-18,"$87,901.42",$0.00,"$-12,098.58","$54,626.33"
2023-08-19,"$87,901.42",$0.00,"$-12,098.58","$54,724.15"
2023-08-20,"$87,901.42",$0.00,"$-12,098.58","$54,919.97"
2023-08-21,"$87,901.42",$0.00,"$-12,098.58","$54,782.74"
2023-08-22,"$87,901.42",$0.00,"$-12,098.58","$54,588.79"
2023-08-23,"$87,901.42",$0.00,"$-12,098.58","$55,427.57"
2023-08-24,"$87,901.42",$0.00,"$-12,098.58","$54,862.91"
2023-08-25,"$87,901.42",$0.00,"$-12,098.58","$54,622.37"
2023-08-26,"$87,901.42",$0.00,"$-12,098.58","$54,540.16"
2023-08-27,"$87,901.42",$0.00,"$-12,098.58","$54,710.50"
2023-08-28,"$87,901.42",$0.00,"$-12,098.58","$54,745.01"
2023-08-29,"$87,901.42",$0.00,"$-12,098.58","$58,144.78"
2023-08-30,"$87,901.42",$0.00,"$-12,098.58","$57,242.80"
2023-08-31,"$87,901.42",$0.00,"$-12,098.58","$54,378.71"
2023-09-01,"$87,901.42",$0.00,"$-12,098.58","$54,104.53"
2023-09-02,"$87,901.42",$0.00,"$-12,098.58","$54,247.28"
2023-09-03,"$87,901.42",$0.00,"$-12,098.58","$54,458.59"
2023-09-04,"$87,901.42",$0.00,"$-12,098.58","$54,129.04"
2023-09-05,"$87,901.42",$0.00,"$-12,098.58","$54,061.03"
2023-09-06,"$87,901.42",$0.00,"$-12,098.58","$54,004.94"
2023-09-07,"$87,901.42",$0.00,"$-12,098.58","$55,026.10"
2023-09-08,"$87,901.42",$0.00,"$-12,098.58","$54,324.57"
2023-09-09,"$87,901.42",$0.00,"$-12,098.58","$54,303.65"
2023-09-10,"$87,901.42",$0.00,"$-12,098.58","$54,170.59"
2023-09-11,"$87,901.42",$0.00,"$-12,098.58","$52,766.48"
2023-09-12,"$87,901.42",$0.00,"$-12,098.58","$54,172.93"
2023-09-13,"$87,901.42",$0.00,"$-12,098.58","$55,001.21"
2023-09-14,"$87,901.42",$0.00,"$-12,098.58","$55,654.12"
2023-09-15,"$87,901.42",$0.00,"$-12,098.58","$55,798.85"
2023-09-16,"$87,901.42",$0.00,"$-12,098.58","$55,714.11"
2023-09-17,"$87,901.42",$0.00,"$-12,098.58","$55,642.61"
2023-09-18,"$87,901.42",$0.00,"$-12,098.58","$56,104.15"
2023-09-19,"$87,901.42",$0.00,"$-12,098.58","$57,062.14"
2023-09-20,"$87,901.42",$0.00,"$-12,098.58","$56,896.25"
2023-09-21,"$87,901.42",$0.00,"$-12,098.58","$55,712.75"
2023-09-22,"$87,901.42",$0.00,"$-12,098.58","$55,737.78"
2023-09-23,"$87,901.42",$0.00,"$-12,098.58","$55,737.40"
2023-09-24,"$87,901.42",$0.00,"$-12,098.58","$55,060.98"
2023-09-25,"$87,901.42",$0.00,"$-12,098.58","$55,148.33"
2023-09-26,"$87,901.42",$0.00,"$-12,098.58","$54,977.99"
2023-09-27,"$87,901.42",$0.00,"$-12,098.58","$55,262.06"
2023-09-28,"$87,901.42",$0.00,"$-12,098.58","$56,664.61"
2023-09-29,"$87,901.42",$0.00,"$-12,098.58","$56,434.30"
2023-09-30,"$87,901.42",$0.00,"$-12,098.58","$56,552.15"
2023-10-01,"$87,901.42",$0.00,"$-12,098.58","$58,682.37"
2023-10-02,"$87,901.42",$0.00,"$-12,098.58","$57,732.49"
2023-10-03,"$87,901.42",$0.00,"$-12,098.58","$57,521.10"
2023-10-04,"$87,901.42",$0.00,"$-12,098.58","$58,295.77"
2023-10-05,"$87,901.42",$0.00,"$-12,098.58","$57,491.60"
2023-10-06,"$87,901.42",$0.00,"$-12,098.58","$58,604.46"
2023-10-07,"$87,901.42",$0.00,"$-12,098.58","$58,651.10"
2023-10-08,"$87,901.42",$0.00,"$-12,098.58","$58,580.33"
2023-10-09,"$87,901.42",$0.00,"$-12,098.58","$57,843.41"
2023-10-10,"$87,901.42",$0.00,"$-12,098.58","$57,439.40"
2023-10-11,"$87,901.42",$0.00,"$-12,098.58","$56,353.78"
2023-10-12,"$87,901.42",$0.00,"$-12,098.58","$56,109.43"
2023-10-13,"$87,901.42",$0.00,"$-12,098.58","$56,330.83"
2023-10-14,"$87,901.42",$0.00,"$-12,098.58","$56,329.42"
2023-10-15,"$87,901.42",$0.00,"$-12,098.58","$56,954.22"
2023-10-16,"$87,901.42",$0.00,"$-12,098.58","$59,805.77"
2023-10-17,"$87,828.75",$-72.67,"$-12,171.25","$59,588.27"
2023-10-18,"$85,957.12","$-1,871.63","$-14,042.88","$59,404.98"
2023-10-19,"$91,498.62","$5,541.50","$-8,501.38","$60,225.89"
2023-10-20,"$99,205.35","$7,706.72",$-794.65,"$62,245.61"
2023-10-21,"$107,609.35","$8,404.00","$7,609.35","$62,739.38"
2023-10-22,"$107,113.88",$-495.47,"$7,113.88","$62,897.68"
2023-10-23,"$113,549.33","$6,435.46","$13,549.33","$69,382.36"
2023-10-24,"$110,915.11","$-2,634.22","$10,915.11","$71,092.04"
2023-10-25,"$116,496.50","$5,581.39","$16,496.50","$72,352.96"
2023-10-26,"$117,349.32",$852.81,"$17,349.32","$71,627.03"
2023-10-27,"$114,354.60","$-2,994.72","$14,354.60","$71,109.39"
2023-10-28,"$114,275.92",$-78.68,"$14,275.92","$71,486.38"
2023-10-29,"$116,454.21","$2,178.29","$16,454.21","$72,427.74"
2023-10-30,"$118,901.02","$2,446.82","$18,901.02","$72,352.00"
2023-10-31,"$120,010.76","$1,109.73","$20,010.76","$72,698.89"
2023-11-01,"$125,795.81","$5,785.05","$25,795.81","$74,312.48"
2023-11-02,"$122,668.47","$-3,127.34","$22,668.47","$73,266.05"
2023-11-03,"$124,582.06","$1,913.59","$24,582.06","$72,834.23"
2023-11-04,"$126,842.07","$2,260.01","$26,842.07","$73,567.92"
2023-11-05,"$129,570.13","$2,728.06","$29,570.13","$73,499.05"
2023-11-06,"$137,008.70","$7,438.57","$37,008.70","$73,473.92"
2023-11-07,"$135,072.33","$-1,936.38","$35,072.33","$74,325.71"
2023-11-08,"$141,616.60","$6,544.27","$41,616.60","$74,769.68"
2023-11-09,"$145,633.62","$4,017.02","$45,633.62","$76,946.06"
2023-11-10,"$155,369.01","$9,735.39","$55,369.01","$78,247.98"
2023-11-11,"$159,663.79","$4,294.78","$59,663.79","$77,879.08"
2023-11-12,"$166,564.61","$6,900.82","$66,564.61","$77,703.91"
2023-11-13,"$152,505.57","$-14,059.04","$52,505.57","$76,546.02"
2023-11-14,"$157,741.90","$5,236.34","$57,741.90","$74,522.99"
2023-11-15,"$172,305.53","$14,563.62","$72,305.53","$79,436.18"
2023-11-16,"$163,697.98","$-8,607.54","$63,697.98","$75,817.12"
2023-11-17,"$161,801.11","$-1,896.87","$61,801.11","$76,743.82"
2023-11-18,"$162,957.38","$1,156.26","$62,957.38","$76,720.80"
2023-11-19,"$169,722.57","$6,765.19","$69,722.57","$78,400.18"
2023-11-20,"$161,285.93","$-8,436.64","$61,285.93","$78,589.77"
2023-11-21,"$147,891.74","$-13,394.18","$47,891.74","$75,102.13"
2023-11-22,"$160,546.12","$12,654.37","$60,546.12","$78,496.21"
2023-11-23,"$162,341.22","$1,795.10","$62,341.22","$78,196.93"
2023-11-24,"$162,587.96",$246.74,"$62,587.96","$79,100.03"
2023-11-25,"$165,464.58","$2,876.62","$65,464.58","$79,260.47"
2023-11-26,"$164,297.71","$-1,166.87","$64,297.71","$78,594.31"
2023-11-27,"$157,429.89","$-6,867.82","$57,429.89","$78,122.58"
2023-11-28,"$160,920.18","$3,490.28","$60,920.18","$79,332.39"
2023-11-29,"$162,341.33","$1,421.16","$62,341.33","$79,389.86"
2023-11-30,"$163,365.48","$1,024.14","$63,365.48","$79,084.23"
2023-12-01,"$165,605.56","$2,240.08","$65,605.56","$81,130.92"
2023-12-02,"$168,393.41","$2,787.85","$68,393.41","$82,782.49"
2023-12-03,"$166,740.02","$-1,653.39","$66,740.02","$83,835.32"
2023-12-04,"$171,098.06","$4,358.04","$71,098.06","$88,032.93"
2023-12-05,"$176,986.88","$5,888.82","$76,986.88","$92,437.82"
2023-12-06,"$180,872.44","$3,885.57","$80,872.44","$91,736.99"
2023-12-07,"$184,692.57","$3,820.13","$84,692.57","$90,785.40"
2023-12-08,"$200,658.49","$15,965.92","$100,658.49","$92,618.06"
2023-12-09,"$200,700.91",$42.42,"$100,700.91","$91,694.08"
2023-12-10,"$211,384.60","$10,683.69","$111,384.60","$91,806.72"
2023-12-11,"$205,875.95","$-5,508.65","$105,875.95","$86,488.97"
2023-12-12,"$207,197.12","$1,321.17","$107,197.12","$86,921.77"
2023-12-13,"$215,846.27","$8,649.16","$115,846.27","$89,942.56"
2023-12-14,"$218,865.74","$3,019.46","$118,865.74","$90,221.95"
2023-12-15,"$209,156.53","$-9,709.20","$109,156.53","$87,927.37"
2023-12-16,"$216,511.11","$7,354.58","$116,511.11","$88,578.19"
2023-12-17,"$207,513.58","$-8,997.54","$107,513.58","$86,742.35"
2023-12-18,"$214,338.79","$6,825.21","$114,338.79","$89,382.24"
2023-12-19,"$206,842.87","$-7,495.91","$106,842.87","$88,641.96"
2023-12-20,"$220,190.23","$13,347.36","$120,190.23","$91,539.46"
2023-12-21,"$239,724.50","$19,534.27","$139,724.50","$91,994.31"
2023-12-22,"$257,950.69","$18,226.19","$157,950.69","$92,264.30"
2023-12-23,"$265,094.97","$7,144.29","$165,094.97","$91,722.51"
2023-12-24,"$265,670.38",$575.40,"$165,670.38","$90,205.48"
2023-12-25,"$270,632.50","$4,962.12","$170,632.50","$91,457.45"
2023-12-26,"$268,983.56","$-1,648.94","$168,983.56","$89,165.96"
2023-12-27,"$278,499.70","$9,516.14","$178,499.70","$91,100.35"
2023-12-28,"$265,461.34","$-13,038.36","$165,461.34","$89,391.29"
2023-12-29,"$270,943.73","$5,482.39","$170,943.73","$88,283.11"
2023-12-30,"$262,676.56","$-8,267.17","$162,676.56","$88,403.69"
2023-12-31,"$263,587.14",$910.58,"$163,587.14","$88,630.77"
2024-01-01,"$276,355.47","$12,768.33","$176,355.47","$92,619.59"
2024-01-02,"$267,448.36","$-8,907.11","$167,448.36","$94,277.57"
2024-01-03,"$256,017.84","$-11,430.52","$156,017.84","$89,853.30"
2024-01-04,"$269,501.80","$13,483.96","$169,501.80","$92,645.99"
2024-01-05,"$257,037.20","$-12,464.61","$157,037.20","$92,609.86"
2024-01-06,"$243,653.73","$-13,383.46","$143,653.73","$92,246.04"
2024-01-07,"$237,233.90","$-6,419.84","$137,233.90","$92,149.37"
2024-01-08,"$251,092.54","$13,858.64","$151,092.54","$98,497.89"
2024-01-09,"$257,194.02","$6,101.48","$157,194.02","$96,755.74"
2024-01-10,"$267,639.26","$10,445.24","$167,639.26","$97,779.19"
2024-01-11,"$271,621.45","$3,982.19","$171,621.45","$97,235.66"
2024-01-12,"$263,736.12","$-7,885.33","$163,736.12","$89,863.77"
2024-01-13,"$256,505.06","$-7,231.06","$156,505.06","$89,841.15"
2024-01-14,"$250,131.49","$-6,373.57","$150,131.49","$87,647.44"
2024-01-15,"$265,014.10","$14,882.61","$165,014.10","$89,148.27"
2024-01-16,"$272,912.87","$7,898.77","$172,912.87","$90,496.60"
2024-01-17,"$272,912.87",$0.00,"$172,912.87","$89,632.02"
2024-01-18,"$272,912.87",$0.00,"$172,912.87","$86,527.19"
2024-01-19,"$272,912.87",$0.00,"$172,912.87","$87,274.46"
2024-01-20,"$272,912.87",$0.00,"$172,912.87","$87,373.39"
2024-01-21,"$272,912.87",$0.00,"$172,912.87","$87,122.17"
2024-01-22,"$272,912.87",$0.00,"$172,912.87","$82,847.57"
2024-01-23,"$272,912.87",$0.00,"$172,912.87","$83,556.75"
2024-01-24,"$272,912.87",$0.00,"$172,912.87","$84,042.26"
2024-01-25,"$272,912.87",$0.00,"$172,912.87","$83,741.83"
2024-01-26,"$272,912.87",$0.00,"$172,912.87","$87,690.64"
2024-01-27,"$272,912.87",$0.00,"$172,912.87","$88,326.42"
2024-01-28,"$272,912.87",$0.00,"$172,912.87","$88,149.30"
2024-01-29,"$272,912.87",$0.00,"$172,912.87","$90,776.14"
2024-01-30,"$272,912.87",$0.00,"$172,912.87","$90,072.30"
2024-01-31,"$272,912.87",$0.00,"$172,912.87","$89,296.40"
2024-02-01,"$272,912.87",$0.00,"$172,912.87","$90,330.58"
2024-02-02,"$282,940.63","$10,027.76","$182,940.63","$90,561.43"
2024-02-03,"$280,242.89","$-2,697.74","$180,242.89","$90,155.43"
2024-02-04,"$288,098.83","$7,855.93","$188,098.83","$89,298.44"
2024-02-05,"$304,143.98","$16,045.15","$204,143.98","$89,455.90"
2024-02-06,"$290,225.48","$-13,918.49","$190,225.48","$90,349.24"
2024-02-07,"$298,636.89","$8,411.40","$198,636.89","$92,936.01"
2024-02-08,"$289,035.19","$-9,601.70","$189,035.19","$94,998.10"
2024-02-09,"$293,129.80","$4,094.61","$193,129.80","$98,868.42"
2024-02-10,"$298,269.32","$5,139.52","$198,269.32","$100,177.12"
2024-02-11,"$301,233.38","$2,964.06","$201,233.38","$101,273.11"
2024-02-12,"$310,176.99","$8,943.60","$210,176.99","$104,763.18"
2024-02-13,"$303,801.07","$-6,375.92","$203,801.07","$104,310.69"
2024-02-14,"$315,599.59","$11,798.53","$215,599.59","$108,681.40"
2024-02-15,"$313,478.26","$-2,121.33","$213,478.26","$108,915.97"
2024-02-16,"$305,355.96","$-8,122.31","$205,355.96","$109,380.77"
2024-02-17,"$305,408.04",$52.08,"$205,408.04","$108,338.12"
2024-02-18,"$317,064.06","$11,656.03","$217,064.06","$109,301.81"
2024-02-19,"$321,386.73","$4,322.66","$221,386.73","$108,581.68"
2024-02-20,"$323,595.84","$2,209.11","$223,595.84","$109,642.21"
2024-02-21,"$308,690.97","$-14,904.87","$208,690.97","$108,707.58"
2024-02-22,"$308,647.31",$-43.66,"$208,647.31","$107,587.34"
2024-02-23,"$303,636.93","$-5,010.38","$203,636.93","$106,385.70"
2024-02-24,"$310,795.00","$7,158.07","$210,795.00","$108,145.42"
2024-02-25,"$317,713.24","$6,918.24","$217,713.24","$108,485.42"
2024-02-26,"$326,908.42","$9,195.19","$226,908.42","$114,334.34"
2024-02-27,"$325,686.16","$-1,222.27","$225,686.16","$119,708.93"
2024-02-28,"$343,282.60","$17,596.45","$243,282.60","$131,073.53"
2024-02-29,"$342,961.20",$-321.40,"$242,961.20","$128,333.98"
2024-03-01,"$367,961.32","$25,000.11","$267,961.32","$130,938.99"
2024-03-02,"$376,984.34","$9,023.03","$276,984.34","$130,077.57"
2024-03-03,"$383,424.92","$6,440.58","$283,424.92","$132,462.98"
2024-03-04,"$409,749.87","$26,324.95","$309,749.87","$143,289.96"
2024-03-05,"$374,137.70","$-35,612.17","$274,137.70","$133,792.12"
2024-03-06,"$393,703.44","$19,565.74","$293,703.44","$138,627.01"
2024-03-07,"$406,606.82","$12,903.38","$306,606.82","$140,343.80"
2024-03-08,"$409,824.49","$3,217.67","$309,824.49","$143,226.38"
2024-03-09,"$421,384.95","$11,560.46","$321,384.95","$143,643.24"
2024-03-10,"$420,861.56",$-523.40,"$320,861.56","$144,735.59"
2024-03-11,"$433,256.14","$12,394.58","$333,256.14","$151,244.97"
2024-03-12,"$424,483.52","$-8,772.62","$324,483.52","$149,897.39"
2024-03-13,"$446,296.99","$21,813.47","$346,296.99","$153,257.26"
2024-03-14,"$449,361.52","$3,064.53","$349,361.52","$149,719.79"
2024-03-15,"$454,747.38","$5,385.85","$354,747.38","$145,540.81"
2024-03-16,"$421,372.48","$-33,374.89","$321,372.48","$136,966.83"
2024-03-17,"$447,436.54","$26,064.06","$347,436.54","$143,416.22"
2024-03-18,"$436,335.73","$-11,100.81","$336,335.73","$141,650.47"
2024-03-19,"$389,950.48","$-46,385.25","$289,950.48","$129,832.07"
2024-03-20,"$435,816.21","$45,865.73","$335,816.21","$142,416.04"
2024-03-21,"$424,398.43","$-11,417.78","$324,398.43","$137,336.48"
2024-03-22,"$419,515.35","$-4,883.08","$319,515.35","$133,745.07"
2024-03-23,"$417,019.73","$-2,495.62","$317,019.73","$134,339.45"
2024-03-24,"$435,800.66","$18,780.93","$335,800.66","$140,991.12"
2024-03-25,"$450,153.47","$14,352.81","$350,153.47","$146,704.74"
2024-03-26,"$450,438.88",$285.41,"$350,438.88","$146,765.60"
2024-03-27,"$448,553.40","$-1,885.48","$348,553.40","$145,648.95"
2024-03-28,"$470,702.30","$22,148.90","$370,702.30","$148,353.29"
2024-03-29,"$471,383.87",$681.58,"$371,383.87","$146,566.37"
2024-03-30,"$462,124.81","$-9,259.07","$362,124.81","$146,047.31"
2024-03-31,"$482,753.98","$20,629.17","$382,753.98","$149,587.79"
2024-04-01,"$456,464.60","$-26,289.38","$356,464.60","$146,166.51"
2024-04-02,"$418,774.85","$-37,689.76","$318,774.85","$137,243.34"
2024-04-03,"$426,855.78","$8,080.94","$326,855.78","$138,362.81"
2024-04-04,"$426,855.78",$0.00,"$326,855.78","$143,664.13"
2024-04-05,"$420,328.43","$-6,527.35","$320,328.43","$142,256.61"
2024-04-06,"$440,453.67","$20,125.24","$340,453.67","$144,476.23"
2024-04-07,"$471,202.68","$30,749.01","$371,202.68","$145,454.37"
2024-04-08,"$479,952.17","$8,749.49","$379,952.17","$150,212.09"
2024-04-09,"$459,629.16","$-20,323.01","$359,629.16","$144,985.61"
2024-04-10,"$485,109.27","$25,480.11","$385,109.27","$148,023.91"
2024-04-11,"$475,922.75","$-9,186.52","$375,922.75","$146,918.21"
2024-04-12,"$427,858.23","$-48,064.51","$327,858.23","$140,910.80"
2024-04-13,"$427,858.23",$0.00,"$327,858.23","$133,834.64"
2024-04-14,"$427,858.23",$0.00,"$327,858.23","$137,855.15"
2024-04-15,"$427,858.23",$0.00,"$327,858.23","$133,005.77"
2024-04-16,"$427,858.23",$0.00,"$327,858.23","$133,814.49"
2024-04-17,"$427,858.23",$0.00,"$327,858.23","$128,498.19"
2024-04-18,"$427,858.23",$0.00,"$327,858.23","$133,187.25"
2024-04-19,"$427,858.23",$0.00,"$327,858.23","$133,880.98"
2024-04-20,"$427,858.23",$0.00,"$327,858.23","$136,294.37"
2024-04-21,"$427,858.23",$0.00,"$327,858.23","$136,152.20"
2024-04-22,"$427,858.23",$0.00,"$327,858.23","$140,159.67"
2024-04-23,"$427,858.23",$0.00,"$327,858.23","$139,257.10"
2024-04-24,"$427,858.23",$0.00,"$327,858.23","$134,789.67"
2024-04-25,"$427,858.23",$0.00,"$327,858.23","$135,219.16"
2024-04-26,"$427,858.23",$0.00,"$327,858.23","$133,695.92"
2024-04-27,"$427,858.23",$0.00,"$327,858.23","$132,990.94"
2024-04-28,"$427,858.23",$0.00,"$327,858.23","$132,349.44"
2024-04-29,"$427,858.23",$0.00,"$327,858.23","$133,875.84"
2024-04-30,"$427,858.23",$0.00,"$327,858.23","$127,156.44"
2024-05-01,"$427,858.23",$0.00,"$327,858.23","$122,159.58"
2024-05-02,"$427,858.23",$0.00,"$327,858.23","$123,982.78"
2024-05-03,"$427,858.23",$0.00,"$327,858.23","$131,880.98"
2024-05-04,"$427,994.50",$136.27,"$327,994.50","$133,981.43"
2024-05-05,"$431,094.57","$3,100.06","$331,094.57","$134,274.30"
2024-05-06,"$411,331.80","$-19,762.77","$311,331.80","$132,451.61"
2024-05-07,"$397,371.13","$-13,960.67","$297,371.13","$130,717.10"
2024-05-08,"$383,110.63","$-14,260.49","$283,110.63","$128,312.08"
2024-05-09,"$393,842.19","$10,731.55","$293,842.19","$132,216.77"
2024-05-10,"$373,951.60","$-19,890.58","$273,951.60","$127,483.42"
2024-05-11,"$373,951.60",$0.00,"$273,951.60","$127,485.37"
2024-05-12,"$373,951.60",$0.00,"$273,951.60","$128,858.26"
2024-05-13,"$373,951.60",$0.00,"$273,951.60","$131,905.33"
2024-05-14,"$373,951.60",$0.00,"$273,951.60","$129,077.17"
2024-05-15,"$373,951.60",$0.00,"$273,951.60","$138,963.98"
2024-05-16,"$373,951.60",$0.00,"$273,951.60","$136,791.66"
2024-05-17,"$397,343.93","$23,392.33","$297,343.93","$140,608.84"
2024-05-18,"$400,836.95","$3,493.02","$300,836.95","$140,375.93"
2024-05-19,"$400,748.79",$-88.16,"$300,748.79","$138,986.78"
2024-05-20,"$429,014.62","$28,265.83","$329,014.62","$149,828.00"
2024-05-21,"$426,109.02","$-2,905.61","$326,109.02","$147,077.42"
2024-05-22,"$417,944.05","$-8,164.96","$317,944.05","$144,950.63"
2024-05-23,"$413,487.47","$-4,456.58","$313,487.47","$142,449.37"
2024-05-24,"$410,291.96","$-3,195.51","$310,291.96","$143,700.32"
2024-05-25,"$413,121.75","$2,829.79","$313,121.75","$145,251.78"
2024-05-26,"$408,750.96","$-4,370.78","$308,750.96","$143,683.53"
2024-05-27,"$433,273.10","$24,522.14","$333,273.10","$145,521.48"
2024-05-28,"$429,248.39","$-4,024.71","$329,248.39","$143,218.25"
2024-05-29,"$425,710.60","$-3,537.79","$325,710.60","$141,712.33"
2024-05-30,"$419,849.06","$-5,861.55","$319,849.06","$143,362.47"
2024-05-31,"$422,021.39","$2,172.34","$322,021.39","$141,530.56"
2024-06-01,"$424,868.40","$2,847.01","$324,868.40","$141,982.52"
2024-06-02,"$418,146.15","$-6,722.25","$318,146.15","$142,076.18"
2024-06-03,"$415,178.44","$-2,967.72","$315,178.44","$144,284.71"
2024-06-04,"$430,233.22","$15,054.78","$330,233.22","$147,981.72"
2024-06-05,"$435,265.43","$5,032.20","$335,265.43","$149,061.80"
2024-06-06,"$431,861.37","$-3,404.05","$331,861.37","$148,378.89"
2024-06-07,"$416,027.50","$-15,833.87","$316,027.50","$145,412.50"
2024-06-08,"$415,814.41",$-213.10,"$315,814.41","$145,335.30"
2024-06-09,"$414,248.59","$-1,565.82","$314,248.59","$146,052.94"
2024-06-10,"$384,913.89","$-29,334.70","$284,913.89","$145,768.35"
2024-06-11,"$384,913.89",$0.00,"$284,913.89","$141,196.33"
2024-06-12,"$384,913.89",$0.00,"$284,913.89","$143,102.85"
2024-06-13,"$384,913.89",$0.00,"$284,913.89","$139,989.22"
2024-06-14,"$384,913.89",$0.00,"$284,913.89","$138,426.31"
2024-06-15,"$384,913.89",$0.00,"$284,913.89","$138,803.57"
2024-06-16,"$384,913.89",$0.00,"$284,913.89","$139,743.14"
2024-06-17,"$384,913.89",$0.00,"$284,913.89","$139,431.20"
2024-06-18,"$384,913.89",$0.00,"$284,913.89","$136,601.17"
2024-06-19,"$384,913.89",$0.00,"$284,913.89","$136,222.77"
2024-06-20,"$384,913.89",$0.00,"$284,913.89","$135,946.72"
2024-06-21,"$384,913.89",$0.00,"$284,913.89","$134,410.74"
2024-06-22,"$384,913.89",$0.00,"$284,913.89","$134,738.67"
2024-06-23,"$384,913.89",$0.00,"$284,913.89","$132,491.13"
2024-06-24,"$384,913.89",$0.00,"$284,913.89","$126,402.69"
2024-06-25,"$384,913.89",$0.00,"$284,913.89","$129,605.31"
2024-06-26,"$384,913.89",$0.00,"$284,913.89","$127,522.21"
2024-06-27,"$384,913.89",$0.00,"$284,913.89","$129,186.24"
2024-06-28,"$384,913.89",$0.00,"$284,913.89","$126,492.28"
2024-06-29,"$384,913.89",$0.00,"$284,913.89","$127,681.80"
2024-06-30,"$384,913.89",$0.00,"$284,913.89","$131,437.37"
2024-07-01,"$384,913.89",$0.00,"$284,913.89","$131,801.60"
2024-07-02,"$384,913.89",$0.00,"$284,913.89","$130,075.83"
2024-07-03,"$384,913.89",$0.00,"$284,913.89","$126,185.67"
2024-07-04,"$384,913.89",$0.00,"$284,913.89","$119,483.14"
2024-07-05,"$384,913.89",$0.00,"$284,913.89","$118,821.90"
2024-07-06,"$384,913.89",$0.00,"$284,913.89","$122,263.44"
2024-07-07,"$384,913.89",$0.00,"$284,913.89","$117,116.47"
2024-07-08,"$384,913.89",$0.00,"$284,913.89","$118,911.49"
2024-07-09,"$384,913.89",$0.00,"$284,913.89","$121,646.27"
2024-07-10,"$384,913.89",$0.00,"$284,913.89","$121,086.93"
2024-07-11,"$384,913.89",$0.00,"$284,913.89","$120,253.19"
2024-07-12,"$384,913.89",$0.00,"$284,913.89","$121,416.09"
2024-07-13,"$384,913.89",$0.00,"$284,913.89","$124,210.34"
2024-07-14,"$384,913.89",$0.00,"$284,913.89","$127,472.96"
2024-07-15,"$384,913.89",$0.00,"$284,913.89","$136,033.74"
2024-07-16,"$394,025.82","$9,111.94","$294,025.82","$136,509.75"
2024-07-17,"$399,768.27","$5,742.44","$299,768.27","$134,458.12"
2024-07-18,"$386,297.59","$-13,470.68","$286,297.59","$134,154.63"
2024-07-19,"$399,892.99","$13,595.41","$299,892.99","$139,892.25"
2024-07-20,"$405,705.17","$5,812.18","$305,705.17","$140,843.23"
2024-07-21,"$418,207.44","$12,502.27","$318,207.44","$142,921.11"
2024-07-22,"$410,422.96","$-7,784.48","$310,422.96","$141,727.34"
2024-07-23,"$394,789.73","$-15,633.23","$294,789.73","$138,251.37"
2024-07-24,"$394,113.27",$-676.47,"$294,113.27","$137,086.40"
2024-07-25,"$382,833.71","$-11,279.56","$282,833.71","$137,935.88"
2024-07-26,"$396,993.52","$14,159.82","$296,993.52","$142,412.67"
2024-07-27,"$395,214.87","$-1,778.65","$295,214.87","$142,205.64"
2024-07-28,"$391,696.52","$-3,518.35","$291,696.52","$143,133.63"
2024-07-29,"$386,899.51","$-4,797.01","$286,899.51","$140,122.42"
2024-07-30,"$389,384.48","$2,484.97","$289,384.48","$138,824.58"
2024-07-31,"$379,887.99","$-9,496.49","$279,887.99","$135,507.59"
2024-08-01,"$368,269.60","$-11,618.39","$268,269.60","$137,055.71"
2024-08-02,"$342,634.47","$-25,635.13","$242,634.47","$128,788.37"
2024-08-03,"$342,634.47",$0.00,"$242,634.47","$127,247.12"
2024-08-04,"$342,634.47",$0.00,"$242,634.47","$121,872.22"
2024-08-05,"$342,634.47",$0.00,"$242,634.47","$113,220.94"
2024-08-06,"$342,634.47",$0.00,"$242,634.47","$117,504.85"
2024-08-07,"$342,634.47",$0.00,"$242,634.47","$115,393.46"
2024-08-08,"$342,634.47",$0.00,"$242,634.47","$129,407.13"
2024-08-09,"$342,634.47",$0.00,"$242,634.47","$127,666.56"
2024-08-10,"$342,634.47",$0.00,"$242,634.47","$127,804.33"
2024-08-11,"$342,634.47",$0.00,"$242,634.47","$123,135.69"
2024-08-12,"$342,634.47",$0.00,"$242,634.47","$124,467.36"
2024-08-13,"$342,634.47",$0.00,"$242,634.47","$127,099.22"
2024-08-14,"$342,634.47",$0.00,"$242,634.47","$123,172.98"
2024-08-15,"$342,634.47",$0.00,"$242,634.47","$120,704.44"
2024-08-16,"$342,634.47",$0.00,"$242,634.47","$123,501.87"
2024-08-17,"$342,634.47",$0.00,"$242,634.47","$124,728.35"
2024-08-18,"$342,634.47",$0.00,"$242,634.47","$122,641.80"
2024-08-19,"$342,634.47",$0.00,"$242,634.47","$124,758.71"
2024-08-20,"$342,634.47",$0.00,"$242,634.47","$123,750.76"
2024-08-21,"$342,634.47",$0.00,"$242,634.47","$128,285.34"
2024-08-22,"$342,634.47",$0.00,"$242,634.47","$126,621.83"
2024-08-23,"$342,634.47",$-0.00,"$242,634.47","$134,406.88"
2024-08-24,"$347,877.30","$5,242.83","$247,877.30","$134,584.36"
2024-08-25,"$338,179.70","$-9,697.59","$238,179.70","$134,908.46"
2024-08-26,"$325,487.70","$-12,692.00","$225,487.70","$131,861.74"
2024-08-27,"$305,891.81","$-19,595.89","$205,891.81","$124,781.11"
2024-08-28,"$302,868.56","$-3,023.25","$202,868.56","$123,781.86"
2024-08-29,"$298,762.05","$-4,106.51","$198,762.05","$124,537.95"
2024-08-30,"$302,636.05","$3,874.00","$202,636.05","$123,974.48"
2024-08-31,"$298,615.76","$-4,020.29","$198,615.76","$123,660.81"
2024-09-01,"$298,615.76",$0.00,"$198,615.76","$120,212.46"
2024-09-02,"$298,615.76",$0.00,"$198,615.76","$123,959.81"
2024-09-03,"$298,615.76",$0.00,"$198,615.76","$120,433.76"
2024-09-04,"$298,615.76",$0.00,"$198,615.76","$121,567.23"
2024-09-05,"$298,615.76",$0.00,"$198,615.76","$117,769.43"
2024-09-06,"$298,615.76",$0.00,"$198,615.76","$113,131.39"
2024-09-07,"$298,615.76",$0.00,"$198,615.76","$113,531.78"
2024-09-08,"$298,615.76",$0.00,"$198,615.76","$115,003.63"
2024-09-09,"$298,615.76",$0.00,"$198,615.76","$119,570.87"
2024-09-10,"$298,615.76",$0.00,"$198,615.76","$120,890.26"
2024-09-11,"$298,615.76",$0.00,"$198,615.76","$120,249.54"
2024-09-12,"$298,615.76",$0.00,"$198,615.76","$121,893.26"
2024-09-13,"$298,615.76",$0.00,"$198,615.76","$127,018.98"
2024-09-14,"$298,615.76",$0.00,"$198,615.76","$125,831.69"
2024-09-15,"$298,615.76",$0.00,"$198,615.76","$124,107.34"
2024-09-16,"$298,615.76",$0.00,"$198,615.76","$122,030.61"
2024-09-17,"$298,615.76",$0.00,"$198,615.76","$126,467.96"
2024-09-18,"$298,615.76",$0.00,"$198,615.76","$129,280.35"
2024-09-19,"$298,615.76",$0.00,"$198,615.76","$131,987.13"
2024-09-20,"$309,815.53","$11,199.77","$209,815.53","$132,516.67"
2024-09-21,"$318,424.41","$8,608.87","$218,424.41","$132,939.98"
2024-09-22,"$310,356.67","$-8,067.74","$210,356.67","$133,472.35"
2024-09-23,"$313,929.95","$3,573.28","$213,929.95","$132,803.59"
2024-09-24,"$322,906.67","$8,976.72","$222,906.67","$134,842.25"
2024-09-25,"$314,960.39","$-7,946.28","$214,960.39","$132,412.17"
2024-09-26,"$328,458.14","$13,497.75","$228,458.14","$136,685.63"
2024-09-27,"$340,466.70","$12,008.57","$240,466.70","$137,964.06"
2024-09-28,"$340,993.90",$527.20,"$240,993.90","$138,167.44"
2024-09-29,"$337,429.22","$-3,564.68","$237,429.22","$137,638.27"
2024-09-30,"$316,994.96","$-20,434.26","$216,994.96","$132,802.96"
2024-10-01,"$299,537.34","$-17,457.62","$199,537.34","$127,576.17"
2024-10-02,"$299,537.34",$0.00,"$199,537.34","$127,147.91"
2024-10-03,"$299,537.34",$0.00,"$199,537.34","$127,413.43"
2024-10-04,"$299,537.34",$0.00,"$199,537.34","$130,156.48"
2024-10-05,"$299,537.34",$0.00,"$199,537.34","$130,203.61"
2024-10-06,"$299,537.34",$0.00,"$199,537.34","$131,732.34"
2024-10-07,"$294,093.37","$-5,443.97","$194,093.37","$130,511.26"
2024-10-08,"$290,685.59","$-3,407.78","$190,685.59","$130,291.72"
2024-10-09,"$290,685.59",$0.00,"$190,685.59","$127,041.63"
2024-10-10,"$290,685.59",$0.00,"$190,685.59","$126,396.58"
2024-10-11,"$290,685.59",$0.00,"$190,685.59","$130,948.34"
2024-10-12,"$290,685.59",$0.00,"$190,685.59","$132,516.77"
2024-10-13,"$290,685.59",$0.00,"$190,685.59","$131,800.33"
2024-10-14,"$290,685.59",$0.00,"$190,685.59","$138,499.77"
2024-10-15,"$290,685.59",$0.00,"$190,685.59","$140,586.27"
2024-10-16,"$290,685.59",$0.00,"$190,685.59","$141,784.94"
2024-10-17,"$290,685.59",$0.00,"$190,685.59","$141,338.52"
2024-10-18,"$290,685.59",$0.00,"$190,685.59","$143,475.28"
2024-10-19,"$290,685.59",$0.00,"$190,685.59","$143,357.74"
2024-10-20,"$286,830.43","$-3,855.16","$186,830.43","$144,697.66"
2024-10-21,"$289,917.57","$3,087.14","$189,917.57","$141,271.45"
2024-10-22,"$285,912.20","$-4,005.37","$185,912.20","$141,257.93"
2024-10-23,"$280,909.89","$-5,002.31","$180,909.89","$139,309.36"
2024-10-24,"$284,952.87","$4,042.98","$184,952.87","$142,934.81"
2024-10-25,"$264,792.04","$-20,160.83","$164,792.04","$139,750.20"
2024-10-26,"$275,488.00","$10,695.96","$175,488.00","$140,530.88"
2024-10-27,"$286,908.13","$11,420.13","$186,908.13","$142,448.81"
2024-10-28,"$305,349.92","$18,441.79","$205,349.92","$146,597.67"
2024-10-29,"$319,884.03","$14,534.12","$219,884.03","$152,496.02"
2024-10-30,"$316,389.85","$-3,494.19","$216,389.85","$151,697.16"
2024-10-31,"$299,402.57","$-16,987.28","$199,402.57","$147,242.36"
2024-11-01,"$294,820.93","$-4,581.64","$194,820.93","$145,705.84"
2024-11-02,"$295,244.01",$423.08,"$195,244.01","$145,300.70"
2024-11-03,"$284,495.93","$-10,748.07","$184,495.93","$144,151.21"
2024-11-04,"$297,265.89","$12,769.95","$197,265.89","$142,201.80"
2024-11-05,"$319,378.45","$22,112.56","$219,378.45","$145,448.10"
2024-11-06,"$369,110.45","$49,732.01","$269,110.45","$158,616.34"
2024-11-07,"$367,093.87","$-2,016.59","$267,093.87","$159,173.69"
2024-11-08,"$386,301.47","$19,207.61","$286,301.47","$160,517.07"
2024-11-09,"$406,117.69","$19,816.21","$306,117.69","$161,006.50"
2024-11-10,"$451,464.96","$45,347.27","$351,464.96","$168,755.64"
2024-11-11,"$493,324.61","$41,859.65","$393,324.61","$186,008.42"
2024-11-12,"$481,820.16","$-11,504.44","$381,820.16","$184,444.73"
2024-11-13,"$481,865.72",$45.55,"$381,865.72","$189,956.42"
2024-11-14,"$475,467.07","$-6,398.64","$375,467.07","$182,965.53"
2024-11-15,"$520,976.33","$45,509.25","$420,976.33","$190,966.86"
2024-11-16,"$552,566.58","$31,590.26","$452,566.58","$189,902.56"
2024-11-17,"$534,528.46","$-18,038.12","$434,528.46","$188,408.17"
2024-11-18,"$549,697.94","$15,169.48","$449,697.94","$189,869.35"
2024-11-19,"$550,137.72",$439.78,"$450,137.72","$193,646.39"
2024-11-20,"$553,171.49","$3,033.77","$453,171.49","$197,831.41"
2024-11-21,"$590,000.73","$36,829.25","$490,000.73","$206,565.97"
2024-11-22,"$671,633.69","$81,632.96","$571,633.69","$207,599.67"
2024-11-23,"$676,859.28","$5,225.59","$576,859.28","$205,040.51"
2024-11-24,"$673,992.97","$-2,866.31","$573,992.97","$205,536.53"
2024-11-25,"$643,366.57","$-30,626.40","$543,366.57","$195,236.99"
2024-11-26,"$641,407.88","$-1,958.69","$541,407.88","$192,894.67"
2024-11-27,"$672,232.69","$30,824.81","$572,232.69","$201,234.95"
2024-11-28,"$670,829.51","$-1,403.18","$570,829.51","$200,584.74"
2024-11-29,"$714,959.64","$44,130.13","$614,959.64","$204,378.36"
2024-11-30,"$729,599.86","$14,640.22","$629,599.86","$202,255.19"
2024-12-01,"$773,241.57","$43,641.71","$673,241.57","$203,997.26"
2024-12-02,"$887,564.91","$114,323.34","$787,564.91","$201,031.06"
2024-12-03,"$858,641.47","$-28,923.44","$758,641.47","$201,318.06"
2024-12-04,"$853,929.47","$-4,712.00","$753,929.47","$207,119.17"
2024-12-05,"$824,026.02","$-29,903.45","$724,026.02","$202,558.24"
2024-12-06,"$884,202.15","$60,176.13","$784,202.15","$209,535.31"
2024-12-07,"$885,545.31","$1,343.15","$785,545.31","$209,540.82"
2024-12-08,"$899,095.65","$13,550.34","$799,095.65","$212,293.53"
2024-12-09,"$758,222.07","$-140,873.58","$658,222.07","$204,317.95"
2024-12-10,"$767,107.01","$8,884.94","$667,107.01","$202,729.91"
2024-12-11,"$814,285.23","$47,178.22","$714,285.23","$212,161.45"
2024-12-12,"$864,629.44","$50,344.21","$764,629.44","$209,791.75"
2024-12-13,"$871,051.22","$6,421.78","$771,051.22","$212,761.67"
2024-12-14,"$850,386.24","$-20,664.98","$750,386.24","$212,580.72"
2024-12-15,"$868,300.96","$17,914.72","$768,300.96","$218,716.01"
2024-12-16,"$859,447.67","$-8,853.29","$759,447.67","$222,346.00"
2024-12-17,"$851,577.03","$-7,870.63","$751,577.03","$222,578.52"
2024-12-18,"$780,335.16","$-71,241.87","$680,335.16","$209,788.69"
2024-12-19,"$736,240.39","$-44,094.77","$636,240.39","$204,440.07"
2024-12-20,"$752,067.31","$15,826.92","$652,067.31","$204,995.73"
2024-12-21,"$725,065.24","$-27,002.07","$625,065.24","$203,881.79"
2024-12-22,"$723,443.43","$-1,621.81","$623,443.43","$199,436.56"
2024-12-23,"$723,443.43",$0.00,"$623,443.43","$198,558.55"
2024-12-24,"$723,443.43",$0.00,"$623,443.43","$206,925.33"
2024-12-25,"$723,443.43",$0.00,"$623,443.43","$208,231.98"
2024-12-26,"$723,443.43",$0.00,"$623,443.43","$200,884.71"
2024-12-27,"$723,443.43",$0.00,"$623,443.43","$197,465.20"
2024-12-28,"$723,443.43",$0.00,"$623,443.43","$199,560.27"
2024-12-29,"$723,443.43",$0.00,"$623,443.43","$196,134.36"
2024-12-30,"$723,443.43",$0.00,"$623,443.43","$194,274.28"
2024-12-31,"$723,443.43",$0.00,"$623,443.43","$195,922.52"
2025-01-01,"$723,443.43",$0.00,"$623,443.43","$197,999.73"
2025-01-02,"$723,443.43",$0.00,"$623,443.43","$203,173.31"
2025-01-03,"$723,443.43",$0.00,"$623,443.43","$205,732.83"
2025-01-04,"$723,443.43",$0.00,"$623,443.43","$206,002.92"
2025-01-05,"$723,443.43",$0.00,"$623,443.43","$206,168.03"
2025-01-06,"$723,443.43",$0.00,"$623,443.43","$214,059.36"
2025-01-07,"$723,443.43",$0.00,"$623,443.43","$203,248.44"
2025-01-08,"$723,443.43",$0.00,"$623,443.43","$199,307.77"
2025-01-09,"$723,443.43",$0.00,"$623,443.43","$193,940.49"
2025-01-10,"$723,443.43",$0.00,"$623,443.43","$198,590.44"
2025-01-11,"$723,443.43",$-0.00,"$623,443.43","$198,307.64"
2025-01-12,"$703,362.54","$-20,080.89","$603,362.54","$198,143.75"
2025-01-13,"$708,559.82","$5,197.29","$608,559.82","$198,202.64"
2025-01-14,"$708,559.82",$0.00,"$608,559.82","$202,433.42"
2025-01-15,"$833,638.04","$125,078.22","$733,638.04","$210,759.51"
2025-01-16,"$839,874.67","$6,236.62","$739,874.67","$209,191.81"
2025-01-17,"$881,089.54","$41,214.87","$781,089.54","$219,058.55"
2025-01-18,"$901,463.10","$20,373.56","$801,463.10","$218,945.37"
2025-01-19,"$846,197.04","$-55,266.05","$746,197.04","$211,986.51"
2025-01-20,"$853,969.80","$7,772.76","$753,969.80","$213,930.56"
2025-01-21,"$881,911.41","$27,941.61","$781,911.41","$222,590.40"
2025-01-22,"$871,962.20","$-9,949.21","$771,962.20","$217,362.13"
2025-01-23,"$865,628.16","$-6,334.04","$765,628.16","$218,006.12"
2025-01-24,"$863,504.38","$-2,123.78","$763,504.38","$219,808.12"
2025-01-25,"$869,673.12","$6,168.74","$769,673.12","$219,588.27"
2025-01-26,"$830,878.85","$-38,794.27","$730,878.85","$215,326.83"
2025-01-27,"$825,712.28","$-5,166.57","$725,712.28","$214,079.50"
2025-01-28,"$798,441.15","$-27,271.13","$698,441.15","$212,495.81"
2025-01-29,"$813,043.71","$14,602.55","$713,043.71","$217,467.27"
2025-01-30,"$839,381.03","$26,337.32","$739,381.03","$219,631.59"
2025-01-31,"$831,715.39","$-7,665.64","$731,715.39","$214,744.95"
2025-02-01,"$770,866.47","$-60,848.92","$670,866.47","$211,077.03"
2025-02-02,"$704,730.22","$-66,136.25","$604,730.22","$204,855.33"
2025-02-03,"$748,508.96","$43,778.74","$648,508.96","$212,648.77"
2025-02-04,"$715,480.16","$-33,028.81","$615,480.16","$205,238.76"
2025-02-05,"$715,480.16",$0.00,"$615,480.16","$202,604.12"
2025-02-06,"$715,480.16",$0.00,"$615,480.16","$202,557.67"
2025-02-07,"$715,480.16",$0.00,"$615,480.16","$202,423.02"
2025-02-08,"$715,480.16",$0.00,"$615,480.16","$202,325.23"
2025-02-09,"$715,480.16",$0.00,"$615,480.16","$202,362.22"
2025-02-10,"$715,480.16",$0.00,"$615,480.16","$204,328.09"
2025-02-11,"$715,480.16",$0.00,"$615,480.16","$200,783.87"
2025-02-12,"$715,480.16",$0.00,"$615,480.16","$205,268.20"
2025-02-13,"$715,480.16",$0.00,"$615,480.16","$202,621.78"
2025-02-14,"$715,480.16",$0.00,"$615,480.16","$204,477.85"
2025-02-15,"$715,480.16",$0.00,"$615,480.16","$204,627.54"
2025-02-16,"$715,480.16",$0.00,"$615,480.16","$201,680.56"
2025-02-17,"$715,480.16",$0.00,"$615,480.16","$200,838.30"
2025-02-18,"$715,480.16",$0.00,"$615,480.16","$200,347.94"
2025-02-19,"$715,480.16",$0.00,"$615,480.16","$202,646.40"
2025-02-20,"$715,480.16",$0.00,"$615,480.16","$206,207.82"
2025-02-21,"$715,480.16",$0.00,"$615,480.16","$201,576.79"
2025-02-22,"$715,480.16",$0.00,"$615,480.16","$202,525.09"
2025-02-23,"$715,480.16",$0.00,"$615,480.16","$201,887.94"
2025-02-24,"$715,480.16",$0.00,"$615,480.16","$191,705.35"
2025-02-25,"$715,480.16",$0.00,"$615,480.16","$186,081.16"
2025-02-26,"$715,480.16",$0.00,"$615,480.16","$176,877.04"
2025-02-27,"$715,480.16",$0.00,"$615,480.16","$177,626.10"
2025-02-28,"$715,480.16",$0.00,"$615,480.16","$176,931.53"
2025-03-01,"$715,480.16",$0.00,"$615,480.16","$180,410.28"
2025-03-02,"$715,480.16",$0.00,"$615,480.16","$197,640.28"
2025-03-03,"$715,480.16",$0.00,"$615,480.16","$180,481.08"
2025-03-04,"$715,480.16",$0.00,"$615,480.16","$182,906.32"
2025-03-05,"$715,480.16",$0.00,"$615,480.16","$190,039.04"
2025-03-06,"$715,480.16",$0.00,"$615,480.16","$188,651.16"
2025-03-07,"$715,480.16",$0.00,"$615,480.16","$181,900.75"
2025-03-08,"$715,480.16",$0.00,"$615,480.16","$180,667.55"
2025-03-09,"$715,480.16",$0.00,"$615,480.16","$169,021.65"
2025-03-10,"$715,480.16",$0.00,"$615,480.16","$164,682.85"
2025-03-11,"$715,480.16",$0.00,"$615,480.16","$173,763.37"
2025-03-12,"$715,480.16",$0.00,"$615,480.16","$175,567.11"
2025-03-13,"$715,480.16",$0.00,"$615,480.16","$169,998.16"
2025-03-14,"$715,480.16",$0.00,"$615,480.16","$176,084.53"
2025-03-15,"$715,480.16",$0.00,"$615,480.16","$176,868.83"
2025-03-16,"$715,480.16",$0.00,"$615,480.16","$173,170.91"
2025-03-17,"$715,480.16",$0.00,"$615,480.16","$176,308.05"
2025-03-18,"$715,480.16",$0.00,"$615,480.16","$173,462.00"
2025-03-19,"$715,480.16",$0.00,"$615,480.16","$182,134.69"
2025-03-20,"$715,480.16",$0.00,"$615,480.16","$176,499.94"
2025-03-21,"$715,480.16",$0.00,"$615,480.16","$176,240.01"
2025-03-22,"$715,480.16",$0.00,"$615,480.16","$175,798.05"
2025-03-23,"$715,480.16",$0.00,"$615,480.16","$180,457.39"
2025-03-24,"$715,480.16",$0.00,"$615,480.16","$183,486.61"
2025-03-25,"$715,480.16",$0.00,"$615,480.16","$183,429.54"
2025-03-26,"$715,480.16",$0.00,"$615,480.16","$182,232.53"
2025-03-27,"$715,480.16",$0.00,"$615,480.16","$182,811.76"
2025-03-28,"$715,480.16",$0.00,"$615,480.16","$176,889.89"
2025-03-29,"$715,480.16",$0.00,"$615,480.16","$173,208.44"
2025-03-30,"$715,480.16",$0.00,"$615,480.16","$172,656.80"
2025-03-31,"$715,480.16",$0.00,"$615,480.16","$173,106.38"
2025-04-01,"$715,480.16",$0.00,"$615,480.16","$178,601.10"
2025-04-02,"$715,480.16",$0.00,"$615,480.16","$172,973.84"
2025-04-03,"$715,480.16",$0.00,"$615,480.16","$174,267.94"
2025-04-04,"$715,480.16",$0.00,"$615,480.16","$175,821.78"
2025-04-05,"$715,480.16",$0.00,"$615,480.16","$175,110.88"
2025-04-06,"$715,480.16",$0.00,"$615,480.16","$164,017.01"
2025-04-07,"$715,480.16",$0.00,"$615,480.16","$166,157.75"
2025-04-08,"$715,480.16",$0.00,"$615,480.16","$159,943.49"
2025-04-09,"$715,480.16",$0.00,"$615,480.16","$173,158.89"
2025-04-10,"$715,480.16",$0.00,"$615,480.16","$166,977.28"
2025-04-11,"$715,480.16",$0.00,"$615,480.16","$174,901.26"
2025-04-12,"$715,480.16",$0.00,"$615,480.16","$178,848.42"
2025-04-13,"$715,480.16",$0.00,"$615,480.16","$175,488.72"
2025-04-14,"$715,480.16",$0.00,"$615,480.16","$177,286.73"
2025-04-15,"$715,480.16",$0.00,"$615,480.16","$175,455.20"
2025-04-16,"$715,480.16",$0.00,"$615,480.16","$176,220.35"
2025-04-17,"$715,480.16",$0.00,"$615,480.16","$178,027.73"
2025-04-18,"$715,480.16",$0.00,"$615,480.16","$177,094.67"
2025-04-19,"$715,480.16",$0.00,"$615,480.16","$178,379.32"
2025-04-20,"$715,480.16",$0.00,"$615,480.16","$178,611.86"
2025-04-21,"$715,480.16",$0.00,"$615,480.16","$183,528.53"
2025-04-22,"$715,480.16",$0.00,"$615,480.16","$195,949.12"
2025-04-23,"$724,538.22","$9,058.06","$624,538.22","$196,488.51"
2025-04-24,"$728,515.66","$3,977.44","$628,515.66","$197,001.63"
2025-04-25,"$726,558.14","$-1,957.51","$626,558.14","$198,630.39"
2025-04-26,"$733,835.35","$7,277.21","$633,835.35","$198,476.11"
2025-04-27,"$712,775.19","$-21,060.16","$612,775.19","$196,605.39"
2025-04-28,"$720,204.36","$7,429.17","$620,204.36","$199,171.94"
2025-04-29,"$704,641.82","$-15,562.54","$604,641.82","$197,716.69"
2025-04-30,"$690,450.89","$-14,190.93","$590,450.89","$197,554.22"
2025-05-01,"$706,222.28","$15,771.39","$606,222.28","$202,345.95"
2025-05-02,"$699,124.52","$-7,097.75","$599,124.52","$203,221.95"
2025-05-03,"$689,399.56","$-9,724.96","$589,399.56","$201,086.61"
2025-05-04,"$675,919.62","$-13,479.94","$575,919.62","$197,782.09"
2025-05-05,"$684,532.79","$8,613.17","$584,532.79","$198,688.17"
2025-05-06,"$686,580.97","$2,048.18","$586,580.97","$202,996.32"
2025-05-07,"$684,910.76","$-1,670.20","$584,910.76","$203,478.31"
2025-05-08,"$803,401.54","$118,490.77","$703,401.54","$216,498.98"
2025-05-09,"$829,715.83","$26,314.30","$729,715.83","$215,931.50"
2025-05-10,"$914,688.15","$84,972.32","$814,688.15","$219,549.86"
2025-05-11,"$879,276.07","$-35,412.08","$779,276.07","$218,312.68"
2025-05-12,"$877,221.56","$-2,054.51","$777,221.56","$215,600.39"
2025-05-13,"$916,713.86","$39,492.30","$816,713.86","$218,445.74"
2025-05-14,"$875,325.01","$-41,388.86","$775,325.01","$217,123.79"
2025-05-15,"$833,008.99","$-42,316.01","$733,008.99","$217,554.15"
2025-05-16,"$831,041.27","$-1,967.73","$731,041.27","$217,018.68"
2025-05-17,"$813,668.20","$-17,373.07","$713,668.20","$216,393.34"
2025-05-18,"$851,531.87","$37,863.67","$751,531.87","$223,218.96"
2025-05-19,"$833,993.33","$-17,538.54","$733,993.33","$221,457.83"
2025-05-20,"$838,578.51","$4,585.18","$738,578.51","$223,942.60"
2025-05-21,"$859,331.62","$20,753.11","$759,331.62","$229,996.66"
2025-05-22,"$887,179.11","$27,847.49","$787,179.11","$234,180.64"
2025-05-23,"$839,419.27","$-47,759.84","$739,419.27","$224,984.21"
2025-05-24,"$840,898.64","$1,479.38","$740,898.64","$226,039.76"
2025-05-25,"$845,946.84","$5,048.20","$745,946.84","$228,648.94"
2025-05-26,"$847,198.81","$1,251.97","$747,198.81","$229,498.18"
2025-05-27,"$857,835.41","$10,636.60","$757,835.41","$228,563.49"
2025-05-28,"$856,449.49","$-1,385.91","$756,449.49","$226,063.19"
2025-05-29,"$826,377.39","$-30,072.10","$726,377.39","$221,532.44"
2025-05-30,"$795,165.20","$-31,212.19","$695,165.20","$218,086.65"
2025-05-31,"$795,165.20",$0.00,"$695,165.20","$219,427.74"
2025-06-01,"$795,165.20",$0.00,"$695,165.20","$221,554.13"
2025-06-02,"$795,165.20",$0.00,"$695,165.20","$222,035.25"
2025-06-03,"$795,165.20",$0.00,"$695,165.20","$221,093.55"
2025-06-04,"$795,165.20",$0.00,"$695,165.20","$219,624.63"
2025-06-05,"$795,165.20",$0.00,"$695,165.20","$213,006.38"
2025-06-06,"$795,165.20",$0.00,"$695,165.20","$218,908.20"
2025-06-07,"$795,165.20",$0.00,"$695,165.20","$221,477.64"
2025-06-08,"$795,165.20",$0.00,"$695,165.20","$221,850.95"
2025-06-09,"$795,165.20",$0.00,"$695,165.20","$231,288.48"
2025-06-10,"$795,165.20",$0.00,"$695,165.20","$231,211.16"
2025-06-11,"$782,645.92","$-12,519.28","$682,645.92","$227,917.57"
2025-06-12,"$782,645.92",$0.00,"$682,645.92","$222,134.90"
2025-06-13,"$782,645.92",$0.00,"$682,645.92","$222,474.44"
2025-06-14,"$782,645.92",$0.00,"$682,645.92","$221,177.30"
2025-06-15,"$782,645.92",$0.00,"$682,645.92","$221,344.26"
2025-06-16,"$782,645.92",$0.00,"$682,645.92","$223,954.49"
2025-06-17,"$782,645.92",$0.00,"$682,645.92","$219,350.20"
2025-06-18,"$782,645.92",$0.00,"$682,645.92","$219,942.00"
2025-06-19,"$782,645.92",$0.00,"$682,645.92","$219,524.61"
2025-06-20,"$782,645.92",$0.00,"$682,645.92","$216,641.87"
2025-06-21,"$782,645.92",$0.00,"$682,645.92","$214,435.40"
2025-06-22,"$782,645.92",$0.00,"$682,645.92","$211,771.63"
2025-06-23,"$782,645.92",$0.00,"$682,645.92","$221,398.26"
2025-06-24,"$782,645.92",$0.00,"$682,645.92","$222,379.37"
2025-06-25,"$782,645.92",$0.00,"$682,645.92","$225,138.26"
2025-06-26,"$782,645.92",$0.00,"$682,645.92","$224,296.81"
2025-06-27,"$782,645.92",$0.00,"$682,645.92","$224,566.13"
2025-06-28,"$782,645.92",$0.00,"$682,645.92","$225,067.89"
2025-06-29,"$782,645.92",$0.00,"$682,645.92","$227,286.26"
2025-06-30,"$782,645.92",$0.00,"$682,645.92","$224,664.49"
2025-07-01,"$782,645.92",$0.00,"$682,645.92","$221,650.97"
2025-07-02,"$782,645.92",$0.00,"$682,645.92","$228,279.72"
2025-07-03,"$782,645.92",$0.00,"$682,645.92","$229,933.54"
2025-07-04,"$782,645.92",$0.00,"$682,645.92","$226,549.71"
2025-07-05,"$782,645.92",$0.00,"$682,645.92","$226,962.50"
2025-07-06,"$782,645.92",$0.00,"$682,645.92","$229,061.38"
2025-07-07,"$782,645.92",$0.00,"$682,645.92","$227,106.50"
2025-07-08,"$782,645.92",$0.00,"$682,645.92","$228,470.45"
2025-07-09,"$782,645.92",$0.00,"$682,645.92","$233,453.55"
2025-07-10,"$828,835.97","$46,190.04","$728,835.97","$243,227.00"
2025-07-11,"$846,613.73","$17,777.76","$746,613.73","$246,434.99"
2025-07-12,"$840,224.87","$-6,388.86","$740,224.87","$246,263.53"
2025-07-13,"$856,897.44","$16,672.57","$756,897.44","$249,788.38"
2025-07-14,"$866,377.31","$9,479.88","$766,377.31","$251,326.72"
2025-07-15,"$888,040.40","$21,663.08","$788,040.40","$246,980.62"
2025-07-16,"$913,643.93","$25,603.53","$813,643.93","$248,996.53"
2025-07-17,"$967,590.28","$53,946.35","$867,590.28","$250,152.69"
2025-07-18,"$961,429.95","$-6,160.33","$861,429.95","$247,454.63"
2025-07-19,"$975,806.21","$14,376.25","$875,806.21","$247,322.00"
2025-07-20,"$1,028,537.65","$52,731.45","$928,537.65","$245,981.61"
2025-07-21,"$1,042,293.57","$13,755.92","$942,293.57","$246,272.57"
2025-07-22,"$1,042,879.94",$586.37,"$942,879.94","$251,632.28"
2025-07-23,"$956,004.39","$-86,875.56","$856,004.39","$249,031.03"
2025-07-24,"$946,056.01","$-9,948.37","$846,056.01","$248,219.57"
2025-07-25,"$956,591.68","$10,535.67","$856,591.68","$246,684.31"
2025-07-26,"$960,123.77","$3,532.09","$860,123.77","$247,337.49"
2025-07-27,"$987,075.55","$26,951.79","$887,075.55","$250,485.38"
2025-07-28,"$944,361.99","$-42,713.56","$844,361.99","$247,289.49"
2025-07-29,"$927,683.00","$-16,678.99","$827,683.00","$247,284.61"
2025-07-30,"$912,817.80","$-14,865.20","$812,817.80","$247,093.86"
2025-07-31,"$884,083.36","$-28,734.44","$784,083.36","$242,746.78"
2025-08-01,"$848,721.59","$-35,361.77","$748,721.59","$237,634.01"
2025-08-02,"$825,788.55","$-22,933.04","$725,788.55","$235,970.72"
2025-08-03,"$850,550.96","$24,762.42","$750,550.96","$239,516.26"
2025-08-04,"$904,552.32","$54,001.35","$804,552.32","$241,307.56"
2025-08-05,"$883,493.71","$-21,058.61","$783,493.71","$239,356.42"
2025-08-06,"$883,493.71",$0.00,"$783,493.71","$241,215.54"
2025-08-07,"$883,493.71",$0.00,"$783,493.71","$246,392.85"
2025-08-08,"$905,680.54","$22,186.84","$805,680.54","$244,698.11"
2025-08-09,"$962,398.91","$56,718.37","$862,398.91","$244,303.10"
2025-08-10,"$961,264.33","$-1,134.58","$861,264.33","$250,188.16"
2025-08-11,"$936,792.55","$-24,471.78","$836,792.55","$248,981.72"
2025-08-12,"$1,017,867.43","$81,074.88","$917,867.43","$252,004.48"
2025-08-13,"$1,029,681.29","$11,813.86","$929,681.29","$258,654.45"
2025-08-14,"$975,111.54","$-54,569.75","$875,111.54","$248,201.91"
2025-08-15,"$964,182.18","$-10,929.36","$864,182.18","$246,186.20"
2025-08-16,"$967,475.33","$3,293.15","$867,475.33","$246,381.22"
2025-08-17,"$1,027,813.93","$60,338.61","$927,813.93","$246,300.93"
2025-08-18,"$1,004,185.04","$-23,628.89","$904,185.04","$243,782.94"
2025-08-19,"$928,959.91","$-75,225.13","$828,959.91","$236,608.77"
2025-08-20,"$1,004,749.22","$75,789.31","$904,749.22","$239,635.94"
2025-08-21,"$966,126.23","$-38,622.98","$866,126.23","$235,744.49"
2025-08-22,"$1,057,327.78","$91,201.54","$957,327.78","$245,086.81"
2025-08-23,"$1,046,978.38","$-10,349.39","$946,978.38","$241,941.79"
2025-08-24,"$1,035,199.86","$-11,778.53","$935,199.86","$237,924.12"
2025-08-25,"$954,187.72","$-81,012.14","$854,187.72","$230,932.51"
2025-08-26,"$976,612.07","$22,424.35","$876,612.07","$234,451.94"
2025-08-27,"$969,694.81","$-6,917.26","$869,694.81","$233,234.42"
2025-08-28,"$981,324.50","$11,629.69","$881,324.50","$236,008.24"
2025-08-29,"$942,247.28","$-39,077.22","$842,247.28","$227,339.24"
2025-08-30,"$940,173.39","$-2,073.89","$840,173.39","$228,172.24"
2025-08-31,"$938,777.04","$-1,396.35","$838,777.04","$226,974.09"
2025-09-01,"$930,806.99","$-7,970.04","$830,806.99","$229,100.22"
2025-09-02,"$930,806.99",$0.00,"$830,806.99","$233,189.39"
2025-09-03,"$930,806.99",$0.00,"$830,806.99","$234,285.34"
2025-09-04,"$930,806.99",$0.00,"$830,806.99","$232,189.14"
2025-09-05,"$930,806.99",$0.00,"$830,806.99","$232,036.86"
2025-09-06,"$930,806.99",$0.00,"$830,806.99","$231,142.93"
2025-09-07,"$930,806.99",$0.00,"$830,806.99","$233,120.25"
2025-09-08,"$930,806.99",$0.00,"$830,806.99","$235,015.56"
2025-09-09,"$941,867.16","$11,060.16","$841,867.16","$233,881.32"
2025-09-10,"$1,001,373.68","$59,506.53","$901,373.68","$238,966.19"
2025-09-11,"$1,019,085.19","$17,711.51","$919,085.19","$242,221.14"
2025-09-12,"$1,046,151.74","$27,066.54","$946,151.74","$243,466.85"
2025-09-13,"$1,076,944.28","$30,792.54","$976,944.28","$243,150.05"
2025-09-14,"$1,051,299.30","$-25,644.98","$951,299.30","$242,011.68"
2025-09-15,"$1,032,630.22","$-18,669.08","$932,630.22","$242,089.73"
2025-09-16,"$1,041,736.09","$9,105.88","$941,736.09","$245,022.01"
2025-09-17,"$1,083,859.30","$42,123.20","$983,859.30","$244,236.30"
2025-09-18,"$1,109,413.57","$25,554.27","$1,009,413.57","$245,638.57"
2025-09-19,"$1,071,771.52","$-37,642.04","$971,771.52","$242,601.37"
2025-09-20,"$1,088,319.16","$16,547.64","$988,319.16","$242,670.78"
2025-09-21,"$1,071,894.82","$-16,424.34","$971,894.82","$241,798.70"
2025-09-22,"$1,015,196.72","$-56,698.10","$915,196.72","$236,435.40"
2025-09-23,"$1,018,296.75","$3,100.03","$918,296.75","$234,896.18"
2025-09-24,"$1,010,375.29","$-7,921.46","$910,375.29","$237,651.94"
2025-09-25,"$971,710.76","$-38,664.53","$871,710.76","$228,678.08"
2025-09-26,"$974,759.29","$3,048.53","$874,759.29","$230,069.54"
2025-09-27,"$976,324.47","$1,565.18","$876,324.47","$230,004.77"
2025-09-28,"$976,324.47",$0.00,"$876,324.47","$235,122.95"
2025-09-29,"$976,324.47",$0.00,"$876,324.47","$239,899.41"
2025-09-30,"$959,916.69","$-16,407.78","$859,916.69","$239,177.42"
2025-10-01,"$976,868.64","$16,951.95","$876,868.64","$248,808.68"
2025-10-02,"$1,036,901.38","$60,032.74","$936,901.38","$253,070.51"
2025-10-03,"$1,131,221.97","$94,320.59","$1,031,221.97","$256,394.85"
2025-10-04,"$1,094,462.52","$-36,759.45","$994,462.52","$256,728.06"
2025-10-05,"$1,110,279.07","$15,816.55","$1,010,279.07","$259,009.71"
2025-10-06,"$1,163,359.14","$53,080.08","$1,063,359.14","$261,608.03"
2025-10-07,"$1,240,625.32","$77,266.18","$1,140,625.32","$254,685.47"
2025-10-08,"$1,243,450.05","$2,824.72","$1,143,450.05","$258,677.11"
2025-10-09,"$1,193,946.05","$-49,504.00","$1,093,946.05","$255,218.54"
2025-10-10,"$1,048,544.11","$-145,401.94","$948,544.11","$237,412.32"
2025-10-11,"$1,079,549.50","$31,005.38","$979,549.50","$232,365.88"
2025-10-12,"$1,238,932.39","$159,382.89","$1,138,932.39","$241,512.82"
2025-10-13,"$1,231,228.60","$-7,703.79","$1,131,228.60","$241,725.27"
2025-10-14,"$1,149,406.72","$-81,821.88","$1,049,406.72","$237,211.63"
2025-10-15,"$1,105,704.35","$-43,702.37","$1,005,704.35","$232,314.05"
2025-10-16,"$1,105,704.35",$0.00,"$1,005,704.35","$226,867.83"
2025-10-17,"$1,105,704.35",$0.00,"$1,005,704.35","$223,264.64"
2025-10-18,"$1,105,704.35",$0.00,"$1,005,704.35","$224,796.46"
2025-10-19,"$1,105,704.35",$0.00,"$1,005,704.35","$227,875.81"
2025-10-20,"$1,105,704.35",$0.00,"$1,005,704.35","$231,906.73"
2025-10-21,"$1,105,704.35",$0.00,"$1,005,704.35","$227,477.76"
2025-10-22,"$1,105,704.35",$0.00,"$1,005,704.35","$225,824.67"
2025-10-23,"$1,105,704.35",$0.00,"$1,005,704.35","$230,817.96"
2025-10-24,"$1,105,704.35",$0.00,"$1,005,704.35","$232,839.89"
2025-10-25,"$1,105,704.35",$0.00,"$1,005,704.35","$234,114.47"
2025-10-26,"$1,105,704.35",$0.00,"$1,005,704.35","$240,050.53"
2025-10-27,"$1,105,704.35",$0.00,"$1,005,704.35","$239,310.04"
2025-10-28,"$1,105,704.35",$0.00,"$1,005,704.35","$236,870.86"
2025-10-29,"$1,105,704.35",$0.00,"$1,005,704.35","$230,787.71"
2025-10-30,"$1,105,704.35",$0.00,"$1,005,704.35","$227,118.44"
2025-10-31,"$1,105,704.35",$0.00,"$1,005,704.35","$229,741.01"
2025-11-01,"$1,105,704.35",$0.00,"$1,005,704.35","$230,805.98"
2025-11-02,"$1,105,704.35",$0.00,"$1,005,704.35","$232,013.04"
2025-11-03,"$1,105,704.35",$0.00,"$1,005,704.35","$223,431.84"
2025-11-04,"$1,105,704.35",$0.00,"$1,005,704.35","$213,036.93"
2025-11-05,"$1,105,704.35",$0.00,"$1,005,704.35","$217,862.82"
2025-11-06,"$1,105,704.35",$0.00,"$1,005,704.35","$212,430.41"
2025-11-07,"$1,105,704.35",$0.00,"$1,005,704.35","$216,773.57"
2025-11-08,"$1,105,704.35",$0.00,"$1,005,704.35","$214,487.22"
2025-11-09,"$1,105,704.35",$0.00,"$1,005,704.35","$219,598.74"
2025-11-10,"$1,105,704.35",$0.00,"$1,005,704.35","$222,276.53"
2025-11-11,"$1,105,704.35",$0.00,"$1,005,704.35","$215,987.32"
2025-11-12,"$1,105,704.35",$0.00,"$1,005,704.35","$213,189.31"
2025-11-13,"$1,105,704.35",$0.00,"$1,005,704.35","$209,067.22"
2025-11-14,"$1,105,704.35",$0.00,"$1,005,704.35","$197,953.66"
2025-11-15,"$1,105,704.35",$0.00,"$1,005,704.35","$200,368.08"
2025-11-16,"$1,105,704.35",$0.00,"$1,005,704.35","$197,490.82"
2025-11-17,"$1,105,704.35",$0.00,"$1,005,704.35","$193,122.31"
2025-11-18,"$1,105,704.35",$0.00,"$1,005,704.35","$194,915.26"
2025-11-19,"$1,105,704.35",$0.00,"$1,005,704.35","$191,805.63"
2025-11-20,"$1,105,704.35",$0.00,"$1,005,704.35","$181,668.46"
2025-11-21,"$1,105,704.35",$0.00,"$1,005,704.35","$178,436.52"
2025-11-22,"$1,105,704.35",$0.00,"$1,005,704.35","$177,508.95"
2025-11-23,"$1,105,704.35",$0.00,"$1,005,704.35","$182,031.47"
2025-11-24,"$1,105,704.35",$0.00,"$1,005,704.35","$185,104.77"
2025-11-25,"$1,105,704.35",$0.00,"$1,005,704.35","$183,157.33"
2025-11-26,"$1,105,704.35",$0.00,"$1,005,704.35","$189,818.45"
2025-11-27,"$1,105,704.35",$0.00,"$1,005,704.35","$191,426.88"
2025-11-28,"$1,105,704.35",$0.00,"$1,005,704.35","$190,659.14"
2025-11-29,"$1,105,704.35",$0.00,"$1,005,704.35","$190,517.57"
2025-11-30,"$1,105,704.35",$0.00,"$1,005,704.35","$189,558.30"
2025-12-01,"$1,105,704.35",$0.00,"$1,005,704.35","$181,017.70"
2025-12-02,"$1,105,704.35",$0.00,"$1,005,704.35","$191,562.82"
2025-12-03,"$1,105,704.35",$0.00,"$1,005,704.35","$196,129.29"
2025-12-04,"$1,105,704.35",$0.00,"$1,005,704.35","$193,222.44"
2025-12-05,"$1,105,704.35",$0.00,"$1,005,704.35","$187,447.54"
2025-12-06,"$1,105,704.35",$0.00,"$1,005,704.35","$187,205.58"
2025-12-07,"$1,105,704.35",$0.00,"$1,005,704.35","$189,582.06"
2025-12-08,"$1,105,704.35",$0.00,"$1,005,704.35","$190,073.94"
2025-12-09,"$1,105,704.35",$0.00,"$1,005,704.35","$194,375.98"
2025-12-10,"$1,105,704.35",$0.00,"$1,005,704.35","$192,969.38"
2025-12-11,"$1,105,704.35",$0.00,"$1,005,704.35","$193,997.73"
2025-12-12,"$1,105,704.35",$0.00,"$1,005,704.35","$189,298.49"
2025-12-13,"$1,105,704.35",$0.00,"$1,005,704.35","$189,357.82"
2025-12-14,"$1,105,704.35",$0.00,"$1,005,704.35","$184,904.75"
2025-12-15,"$1,105,704.35",$0.00,"$1,005,704.35","$181,223.65"
2025-12-16,"$1,105,704.35",$0.00,"$1,005,704.35","$184,210.22"
2025-12-17,"$1,105,704.35",$0.00,"$1,005,704.35","$180,644.82"
2025-12-18,"$1,105,704.35",$0.00,"$1,005,704.35","$179,216.23"
2025-12-19,"$1,105,704.35",$0.00,"$1,005,704.35","$184,754.19"
2025-12-20,"$1,105,704.35",$0.00,"$1,005,704.35","$185,258.77"
2025-12-21,"$1,105,704.35",$0.00,"$1,005,704.35","$185,841.21"
2025-12-22,"$1,105,704.35",$0.00,"$1,005,704.35","$185,564.96"
2025-12-23,"$1,105,704.35",$0.00,"$1,005,704.35","$183,308.54"
2025-12-24,"$1,105,704.35",$0.00,"$1,005,704.35","$183,723.67"
2025-12-25,"$1,105,704.35",$0.00,"$1,005,704.35","$182,932.63"
2025-12-26,"$1,105,704.35",$0.00,"$1,005,704.35","$183,072.48"
2025-12-27,"$1,105,704.35",$0.00,"$1,005,704.35","$184,122.51"
2025-12-28,"$1,105,704.35",$0.00,"$1,005,704.35","$184,193.14"
2025-12-29,"$1,105,704.35",$0.00,"$1,005,704.35","$182,730.06"
2025-12-30,"$1,105,704.35",$0.00,"$1,005,704.35","$185,439.39"
2025-12-31,"$1,105,704.35",$0.00,"$1,005,704.35","$183,507.40"
