date,crypto_total,crypto_pnl,crypto_benchmark
2022-01-01,100000.0,0.0,100000.0
2022-01-02,100000.0,0.0,99283.67250379756
2022-01-03,100000.0,0.0,97423.40649734138
2022-01-04,100000.0,0.0,96247.9390266439
2022-01-05,100000.0,0.0,91364.89025398792
2022-01-06,100000.0,0.0,90509.15216339949
2022-01-07,100000.0,0.0,87147.57847098714
2022-01-08,100000.0,0.0,87516.7351691833
2022-01-09,100000.0,0.0,87889.29132661152
2022-01-10,100000.0,0.0,87699.84724550419
2022-01-11,100000.0,0.0,89617.76480394868
2022-01-12,100000.0,0.0,92161.9610505525
2022-01-13,100000.0,0.0,89315.19654936048
2022-01-14,100000.0,0.0,90380.75090204446
2022-01-15,100000.0,0.0,90543.68739260983
2022-01-16,100000.0,0.0,90410.48593098985
2022-01-17,100000.0,0.0,88600.07319895831
2022-01-18,100000.0,0.0,88862.3721967158
2022-01-19,100000.0,0.0,87538.51628267248
2022-01-20,100000.0,0.0,85307.4798588184
2022-01-21,100000.0,0.0,76451.5690920839
2022-01-22,100000.0,0.0,73458.98826850715
2022-01-23,100000.0,0.0,76073.03316299448
2022-01-24,100000.0,0.0,76864.70578212792
2022-01-25,100000.0,0.0,77493.13063491086
2022-01-26,100000.0,0.0,77279.48076577776
2022-01-27,100000.0,0.0,77879.4648415639
2022-01-28,100000.0,0.0,79234.34184503315
2022-01-29,100000.0,0.0,79976.36597644266
2022-01-30,100000.0,0.0,79513.8101597795
2022-01-31,100000.0,0.0,80699.72175221398
2022-02-01,100000.0,0.0,81245.25714001119
2022-02-02,100000.0,0.0,77490.99266175528
2022-02-03,100000.0,0.0,77913.78709260553
2022-02-04,100000.0,0.0,87027.99122923135
2022-02-05,100000.0,0.0,86902.77644893964
2022-02-06,100000.0,0.0,88939.54401701728
2022-02-07,100000.0,0.0,91933.77132566788
2022-02-08,100000.0,0.0,92517.07757254691
2022-02-09,100000.0,0.0,92979.15828406438
2022-02-10,100000.0,0.0,91356.73155183102
2022-02-11,100000.0,0.0,88930.11563731587
2022-02-12,100000.0,0.0,88587.3190832371
2022-02-13,100000.0,0.0,88488.8576375282
2022-02-14,100000.0,0.0,89305.4405109379
2022-02-15,100000.0,0.0,93474.90592918116
2022-02-16,100000.0,0.0,92188.7143851353
2022-02-17,100000.0,0.0,85008.85170035217
2022-02-18,100000.0,0.0,83945.59095871632
2022-02-19,100000.0,0.0,84136.79620544988
2022-02-20,100000.0,0.0,80591.20937523346
2022-02-21,100000.0,0.0,77747.45114280809
2022-02-22,100000.0,0.0,80286.40484987333
2022-02-23,100000.0,0.0,78211.49780665252
2022-02-24,100000.0,0.0,80384.08810611948
2022-02-25,100000.0,0.0,82232.83690852686
2022-02-26,100000.0,0.0,82004.11473822033
2022-02-27,100000.0,0.0,79078.01586916718
2022-02-28,100000.0,0.0,90576.89560399954
2022-03-01,100000.0,0.0,93012.37468692208
2022-03-02,100000.0,0.0,92109.56842103884
2022-03-03,100000.0,0.0,89022.07305740974
2022-03-04,100000.0,0.0,82072.17764607353
2022-03-05,100000.0,0.0,82623.65184819179
2022-03-06,100000.0,0.0,80567.31486299279
2022-03-07,100000.0,0.0,79816.69788162084
2022-03-08,100000.0,0.0,81232.66685365057
2022-03-09,100000.0,0.0,88038.85934135354
2022-03-10,100000.0,0.0,82700.97930638581
2022-03-11,100000.0,0.0,81353.67121937538
2022-03-12,100000.0,0.0,81582.32785793766
2022-03-13,100000.0,0.0,79371.34414781864
2022-03-14,100000.0,0.0,83181.81028822172
2022-03-15,100000.0,0.0,82494.05463250453
2022-03-16,100000.0,0.0,86279.47126367483
2022-03-17,100000.0,0.0,85875.68923011997
2022-03-18,100000.0,0.0,87657.6857595588
2022-03-19,100000.0,0.0,88474.4652282012
2022-03-20,100000.0,0.0,86497.33973884289
2022-03-21,100000.0,0.0,86141.20747481288
2022-03-22,100000.0,0.0,88827.0915439148
2022-03-23,100000.0,0.0,89947.20926514013
2022-03-24,100000.0,0.0,92186.77300721244
2022-03-25,100000.0,0.0,92999.9891872622
2022-03-26,100000.0,0.0,93318.94037790848
2022-03-27,100000.0,0.0,98183.31260345824
2022-03-28,100000.0,0.0,98828.1695411074
2022-03-29,100000.0,0.0,99536.38748396112
2022-03-30,100000.0,0.0,98691.15085538586
2022-03-31,100000.0,0.0,95495.32332707288
2022-04-01,100000.0,0.0,97053.34054619398
2022-04-02,100000.0,0.0,96187.91194892718
2022-04-03,100000.0,0.0,97413.86343708757
2022-04-04,100000.0,0.0,97768.48847100024
2022-04-05,100000.0,0.0,95531.63610484554
2022-04-06,100000.0,0.0,90605.21350897588
2022-04-07,100000.0,0.0,91228.25656726374
2022-04-08,100000.0,0.0,88677.9003367021
2022-04-09,100000.0,0.0,89714.8173171566
2022-04-10,100000.0,0.0,88510.15545440366
2022-04-11,90725.38751831952,-9274.61248168048,82878.05427076931
2022-04-12,90725.38751831952,0.0,84147.33862480325
2022-04-13,90725.38751831952,0.0,86327.28486256028
2022-04-14,90725.38751831952,0.0,83745.40786302293
2022-04-15,90725.38751831952,0.0,85041.257147875
2022-04-16,90725.38751831952,0.0,84770.78306502453
2022-04-17,90725.38751831952,0.0,83287.07884386275
2022-04-18,90725.38751831952,0.0,85613.21821153385
2022-04-19,90725.38751831952,0.0,87031.92313388528
2022-04-20,90725.38751831952,0.0,86762.72692004734
2022-04-21,90725.38751831952,0.0,84986.52175850504
2022-04-22,90725.38751831952,0.0,83336.0802056124
2022-04-23,90725.38751831952,0.0,82804.29829263594
2022-04-24,90725.38751831952,0.0,82767.73157935435
2022-04-25,90725.38751831952,0.0,84841.71298668788
2022-04-26,90725.38751831952,0.0,79932.91843001668
2022-04-27,90725.38751831952,0.0,82289.25154884277
2022-04-28,90725.38751831952,0.0,83406.34661836541
2022-04-29,90725.38751831952,0.0,80965.4120177355
2022-04-30,90725.38751831952,0.0,79088.68935200901
2022-05-01,90725.38751831952,0.0,80670.29799905373
2022-05-02,90725.38751831952,0.0,80796.61043606134
2022-05-03,90725.38751831952,0.0,79163.2972428174
2022-05-04,90725.38751831952,0.0,83248.11203044867
2022-05-05,90725.38751831952,0.0,76698.64834224347
2022-05-06,90725.38751831952,0.0,75578.3831745936
2022-05-07,90725.38751831952,0.0,74448.15718182044
2022-05-08,90725.38751831952,0.0,71422.81867759561
2022-05-09,90725.38751831952,0.0,63533.18986250129
2022-05-10,90725.38751831952,0.0,65055.52504688796
2022-05-11,90725.38751831952,0.0,60679.99505890648
2022-05-12,90725.38751831952,0.0,60913.59524842429
2022-05-13,90725.38751831952,0.0,61407.13119717322
2022-05-14,90725.38751831952,0.0,63122.83008011911
2022-05-15,90725.38751831952,0.0,65647.31765464508
2022-05-16,90725.38751831952,0.0,62623.01127539191
2022-05-17,90725.38751831952,0.0,63803.5042117252
2022-05-18,90725.38751831952,0.0,60226.863526210735
2022-05-19,90725.38751831952,0.0,63569.63779949646
2022-05-20,90725.38751831952,0.0,61234.41409378117
2022-05-21,90725.38751831952,0.0,61719.84458491538
2022-05-22,90725.38751831952,0.0,63589.325992904225
2022-05-23,90725.38751831952,0.0,61020.874809466455
2022-05-24,90725.38751831952,0.0,62188.23272681519
2022-05-25,90725.38751831952,0.0,61992.73924656843
2022-05-26,90725.38751831952,0.0,61373.83287963522
2022-05-27,90725.38751831952,0.0,60032.47589414789
2022-05-28,90725.38751831952,0.0,60425.301839213935
2022-05-29,90725.38751831952,0.0,61748.63759503741
2022-05-30,90725.38751831952,0.0,66530.74290717166
2022-05-31,90725.38751831952,0.0,66668.97802589553
2022-06-01,90725.38751831952,0.0,62489.14220912752
2022-06-02,90725.38751831952,0.0,63890.804782244566
2022-06-03,90725.38751831952,0.0,62290.57692836987
2022-06-04,90725.38751831952,0.0,62560.092609460946
2022-06-05,90725.38751831952,0.0,62714.743430114984
2022-06-06,90725.38751831952,0.0,65784.79506257626
2022-06-07,90725.38751831952,0.0,65333.53118459113
2022-06-08,90725.38751831952,0.0,63359.9812710275
2022-06-09,90725.38751831952,0.0,63145.336138528866
2022-06-10,90725.38751831952,0.0,60989.1984025982
2022-06-11,90725.38751831952,0.0,59473.068255243525
2022-06-12,90725.38751831952,0.0,56121.697036261336
2022-06-13,90725.38751831952,0.0,47156.40969266923
2022-06-14,90725.38751831952,0.0,46567.99606547408
2022-06-15,90725.38751831952,0.0,47335.60215153822
2022-06-16,90725.38751831952,0.0,42740.64321372916
2022-06-17,90725.38751831952,0.0,42929.02240399272
2022-06-18,90725.38751831952,0.0,39880.29725854501
2022-06-19,90725.38751831952,0.0,43100.5353615845
2022-06-20,90725.38751831952,0.0,43197.555108920315
2022-06-21,90725.38751831952,0.0,43430.45083218762
2022-06-22,90725.38751831952,0.0,41913.11653903267
2022-06-23,90725.38751831952,0.0,44217.417452938374
2022-06-24,90725.38751831952,0.0,44523.11894404769
2022-06-25,90725.38751831952,0.0,45090.742625385166
2022-06-26,90725.38751831952,0.0,44094.57000690704
2022-06-27,90725.38751831952,0.0,43482.62638779851
2022-06-28,90725.38751831952,0.0,42528.8118504985
2022-06-29,90725.38751831952,0.0,42158.45510223608
2022-06-30,90725.38751831952,0.0,41488.88450554333
2022-07-01,90725.38751831952,0.0,40408.16774553762
2022-07-02,90725.38751831952,0.0,40351.31486168215
2022-07-03,90725.38751831952,0.0,40466.27392400153
2022-07-04,90725.38751831952,0.0,42425.2757903456
2022-07-05,90725.38751831952,0.0,42338.99096186183
2022-07-06,90725.38751831952,0.0,43089.99703796517
2022-07-07,90725.38751831952,0.0,45374.36401442222
2022-07-08,90725.38751831952,0.0,45570.496429175255
2022-07-09,90725.38751831952,0.0,45279.199634594996
2022-07-10,90725.38751831952,0.0,43744.69192871719
2022-07-11,90725.38751831952,0.0,41878.57311835426
2022-07-12,90725.38751831952,0.0,40522.553405094965
2022-07-13,90725.38751831952,0.0,42385.03929938702
2022-07-14,90725.38751831952,0.0,43135.44739832422
2022-07-15,90725.38751831952,0.0,43694.10961363794
2022-07-16,90725.38751831952,0.0,44436.42863789648
2022-07-17,90725.38751831952,0.0,43574.61247803048
2022-07-18,90725.38751831952,0.0,47152.8464040766
2022-07-19,90725.38751831952,0.0,49048.01216007046
2022-07-20,90725.38751831952,0.0,48717.31030853656
2022-07-21,90725.38751831952,0.0,48576.5931749999
2022-07-22,90725.38751831952,0.0,47633.66919444448
2022-07-23,90725.38751831952,0.0,47110.46374849441
2022-07-24,90725.38751831952,0.0,47411.774612740155
2022-07-25,90725.38751831952,0.0,44795.82520193607
2022-07-26,90725.38751831952,0.0,44540.09985727186
2022-07-27,90725.38751831952,0.0,48085.723549094415
2022-07-28,90725.38751831952,0.0,50001.00755056757
2022-07-29,90725.38751831952,0.0,49918.691488343866
2022-07-30,90725.38751831952,0.0,49607.44027764489
2022-07-31,90725.38751831952,0.0,48937.841010814045
2022-08-01,90725.38751831952,0.0,48890.24448583138
2022-08-02,90725.38751831952,0.0,48185.475151017905
2022-08-03,90725.38751831952,0.0,47909.488210183896
2022-08-04,90725.38751831952,0.0,47457.474812874105
2022-08-05,90725.38751831952,0.0,48838.06073875246
2022-08-06,90725.38751831952,0.0,48150.16582807878
2022-08-07,90725.38751831952,0.0,48600.20917732759
2022-08-08,90725.38751831952,0.0,49928.86938736994
2022-08-09,90725.38751831952,0.0,48575.94195329159
2022-08-10,90725.38751831952,0.0,50218.5852286206
2022-08-11,90725.38751831952,0.0,50239.31783420207
2022-08-12,90725.38751831952,0.0,51173.09604070308
2022-08-13,90725.38751831952,0.0,51217.65762678099
2022-08-14,90725.38751831952,0.0,50998.02798598669
2022-08-15,90725.38751831952,0.0,50615.613396785535
2022-08-16,90725.38751831952,0.0,50083.63898431039
2022-08-17,90725.38751831952,0.0,48935.95697316737
2022-08-18,90725.38751831952,0.0,48677.47929524541
2022-08-19,90725.38751831952,0.0,43780.55827148229
2022-08-20,90725.38751831952,0.0,44385.56371717023
2022-08-21,90725.38751831952,0.0,45157.39250500335
2022-08-22,90725.38751831952,0.0,44873.84893491256
2022-08-23,90725.38751831952,0.0,45144.740782632514
2022-08-24,90725.38751831952,0.0,44865.69432848966
2022-08-25,90725.38751831952,0.0,45297.43793816162
2022-08-26,90725.38751831952,0.0,42485.58137797531
2022-08-27,90725.38751831952,0.0,42027.842144513226
2022-08-28,90725.38751831952,0.0,41136.77015658155
2022-08-29,90725.38751831952,0.0,42565.214734419504
2022-08-30,90725.38751831952,0.0,41514.22071615711
2022-08-31,90725.38751831952,0.0,42044.67151557886
2022-09-01,90725.38751831952,0.0,42206.93221003186
2022-09-02,90725.38751831952,0.0,41876.926633280425
2022-09-03,90725.38751831952,0.0,41588.20195966128
2022-09-04,90725.38751831952,0.0,41912.45303012232
2022-09-05,90725.38751831952,0.0,41546.85552478476
2022-09-06,90725.38751831952,0.0,39502.88765630959
2022-09-07,90725.38751831952,0.0,40452.11497151335
2022-09-08,90725.38751831952,0.0,40534.96757489295
2022-09-09,90725.38751831952,0.0,44836.61461698661
2022-09-10,90725.38751831952,0.0,45464.4333011354
2022-09-11,90725.38751831952,0.0,45650.47382727667
2022-09-12,90725.38751831952,0.0,46911.18581001823
2022-09-13,82613.65412833623,-8111.733389983288,42562.515645703934
2022-09-14,82613.65412833623,0.0,42445.88552390663
2022-09-15,82613.65412833623,0.0,41313.75091908271
2022-09-16,82613.65412833623,0.0,41463.4213271751
2022-09-17,82613.65412833623,0.0,42207.8455587171
2022-09-18,82613.65412833623,0.0,40723.01091496732
2022-09-19,82613.65412833623,0.0,40984.347415231416
2022-09-20,82613.65412833623,0.0,39614.28343003635
2022-09-21,82613.65412833623,0.0,38894.19195427457
2022-09-22,82613.65412833623,0.0,40710.523021957066
2022-09-23,82613.65412833623,0.0,40467.453495397705
2022-09-24,82613.65412833623,0.0,39711.21307122383
2022-09-25,82613.65412833623,0.0,39428.296148437264
2022-09-26,82613.65412833623,0.0,40310.24693671861
2022-09-27,82613.65412833623,0.0,40075.119038413395
2022-09-28,82613.65412833623,0.0,40738.14055641693
2022-09-29,82613.65412833623,0.0,41044.997044518335
2022-09-30,82613.65412833623,0.0,40748.7689861846
2022-10-01,82613.65412833623,0.0,40497.770118573135
2022-10-02,82613.65412833623,0.0,39935.794454441675
2022-10-03,82613.65412833623,0.0,41150.95777920783
2022-10-04,82613.65412833623,0.0,42646.6829797022
2022-10-05,82613.65412833623,0.0,42277.34197347537
2022-10-06,82613.65412833623,0.0,41846.88032854995
2022-10-07,82613.65412833623,0.0,40990.05277271363
2022-10-08,82613.65412833623,0.0,40716.85093100949
2022-10-09,82613.65412833623,0.0,40779.46241688936
2022-10-10,82613.65412833623,0.0,40139.9954652033
2022-10-11,82613.65412833623,0.0,39951.124786858
2022-10-12,82613.65412833623,0.0,40173.46580356991
2022-10-13,82613.65412833623,0.0,40646.25685953533
2022-10-14,82613.65412833623,0.0,40232.62458567555
2022-10-15,82613.65412833623,0.0,39985.13166638051
2022-10-16,82613.65412833623,0.0,40405.497326960154
2022-10-17,82613.65412833623,0.0,40998.248336476674
2022-10-18,82613.65412833623,0.0,40544.576166891005
2022-10-19,82613.65412833623,0.0,40135.907922656814
2022-10-20,82613.65412833623,0.0,39955.99461460126
2022-10-21,82613.65412833623,0.0,40204.97018960955
2022-10-22,82613.65412833623,0.0,40279.87706900099
2022-10-23,82613.65412833623,0.0,41032.32484347743
2022-10-24,82613.65412833623,0.0,40567.97099958191
2022-10-25,82613.65412833623,0.0,42141.33083832139
2022-10-26,82613.65412833623,0.0,43555.94412239233
2022-10-27,82613.65412833623,0.0,42539.71879017915
2022-10-28,82613.65412833623,0.0,43188.77795092721
2022-10-29,82613.65412833623,0.0,43656.67460474528
2022-10-30,82613.65412833623,0.0,43273.186933232326
2022-10-31,82613.65412833623,0.0,42979.961047931225
2022-11-01,82613.65412833623,0.0,42957.9423818692
2022-11-02,82613.65412833623,0.0,42274.79852265236
2022-11-03,82613.65412833623,0.0,42380.66505545952
2022-11-04,82613.65412833623,0.0,44346.0767455363
2022-11-05,81613.96401512942,-999.690113206816,44630.140473846935
2022-11-06,78141.60651877456,-3472.35749635486,43883.17279148192
2022-11-07,79626.70732894515,1485.1008101705957,43204.431846330684
2022-11-08,66675.0062135666,-12951.701115378557,38881.33954093703
2022-11-09,60762.75284872764,-5912.253364838951,33302.24739478551
2022-11-10,60762.75284872764,0.0,36879.73794510799
2022-11-11,60762.75284872764,0.0,35721.18176015644
2022-11-12,60762.75284872764,0.0,35228.157778159315
2022-11-13,60762.75284872764,0.0,34293.26553200636
2022-11-14,60762.75284872764,0.0,34848.62658570438
2022-11-15,60762.75284872764,0.0,35407.30108822014
2022-11-16,60762.75284872764,0.0,34956.07816757516
2022-11-17,60762.75284872764,0.0,34993.9882816135
2022-11-18,60762.75284872764,0.0,35015.50317239174
2022-11-19,60762.75284872764,0.0,35044.378097194065
2022-11-20,60762.75284872764,0.0,34164.229431879096
2022-11-21,60762.75284872764,0.0,33106.184607510724
2022-11-22,60762.75284872764,0.0,33950.202755216655
2022-11-23,60762.75284872764,0.0,34832.915350024705
2022-11-24,60762.75284872764,0.0,34819.825384114316
2022-11-25,60762.75284872764,0.0,34646.56354809833
2022-11-26,60762.75284872764,0.0,34525.85817095659
2022-11-27,60762.75284872764,0.0,34484.64279956854
2022-11-28,60762.75284872764,0.0,34007.981274959406
2022-11-29,60762.75284872764,0.0,34485.38822315918
2022-11-30,60762.75284872764,0.0,36002.75528218624
2022-12-01,60762.75284872764,0.0,35580.34585033336
2022-12-02,60762.75284872764,0.0,35835.19061218445
2022-12-03,60762.75284872764,0.0,35456.83899112569
2022-12-04,60762.75284872764,0.0,35922.900756105264
2022-12-05,60762.75284872764,0.0,35596.47894661653
2022-12-06,60762.75284872764,0.0,35836.959969278716
2022-12-07,60762.75284872764,0.0,35330.78868109501
2022-12-08,60762.75284872764,0.0,36138.86881069059
2022-12-09,60762.75284872764,0.0,35928.49143303507
2022-12-10,60762.75284872764,0.0,35919.206404024175
2022-12-11,60762.75284872764,0.0,35867.76398480188
2022-12-12,60762.75284872764,0.0,36082.17156472767
2022-12-13,60762.75284872764,0.0,37287.7058188257
2022-12-14,60762.75284872764,0.0,37359.700631332824
2022-12-15,60762.75284872764,0.0,36414.39702931497
2022-12-16,60762.75284872764,0.0,34910.038021518005
2022-12-17,60762.75284872764,0.0,35219.5731196649
2022-12-18,60762.75284872764,0.0,35141.74188618709
2022-12-19,60762.75284872764,0.0,34474.26830530977
2022-12-20,60762.75284872764,0.0,35452.78831018534
2022-12-21,60762.75284872764,0.0,35266.637199225675
2022-12-22,60762.75284872764,0.0,35293.49292715885
2022-12-23,60762.75284872764,0.0,35223.476354180726
2022-12-24,60762.75284872764,0.0,35330.01049163225
2022-12-25,60762.75284872764,0.0,35317.91169335338
2022-12-26,60762.75284872764,0.0,35481.09802369366
2022-12-27,60762.75284872764,0.0,35056.177906889876
2022-12-28,60762.75284872764,0.0,34711.0058270827
2022-12-29,60762.75284872764,0.0,34899.25395385779
2022-12-30,60762.75284872764,0.0,34815.88528799236
2022-12-31,60762.75284872764,0.0,34700.36101437898
2023-01-01,60762.75284872764,0.0,34863.05585663751
2023-01-02,60762.75284872764,0.0,34995.98699981258
2023-01-03,60762.75284872764,0.0,34977.924812808575
2023-01-04,60762.75284872764,0.0,35362.477375165305
2023-01-05,60762.75284872764,0.0,35306.90236032236
2023-01-06,60762.75284872764,0.0,35548.54657144468
2023-01-07,60762.75284872764,0.0,35555.06697999578
2023-01-08,60762.75284872764,0.0,35840.40038585091
2023-01-09,60762.75284872764,0.0,36061.44715061423
2023-01-10,60762.75284872764,0.0,36585.15227611407
2023-01-11,60762.75284872764,0.0,37609.76157585496
2023-01-12,61997.714769484744,1234.9619207571013,39569.82423730879
2023-01-13,66370.20541555028,4372.49064606554,41750.692015219094
2023-01-14,73357.72989858771,6987.524483037429,43987.63039178809
2023-01-15,73162.68786725563,-195.0420313320792,43787.36538141441
2023-01-16,73543.92951556543,381.24164830979134,44393.05481468278
2023-01-17,72665.29623653182,-878.6332790336019,44376.04113558649
2023-01-18,68295.75927624559,-4369.536960286234,43384.7014832455
2023-01-19,70557.93390162877,2262.1746253831807,44219.33835219118
2023-01-20,79691.32363934531,9133.389737716541,47553.089723442936
2023-01-21,78875.58402940354,-815.7396099417674,47765.03986296002
2023-01-22,79259.79421827589,384.21018887234095,47645.07171794089
2023-01-23,79742.37054964184,482.5763313659554,48093.86586831527
2023-01-24,75224.12805067806,-4518.24249896378,47469.032974263064
2023-01-25,81104.68707275548,5880.5590220774175,48478.51672828835
2023-01-26,80279.57384504224,-825.1132277132419,48300.09836314809
2023-01-27,84495.09728854951,4215.523443507278,48396.45869730757
2023-01-28,82426.67915741986,-2068.418131129656,48296.559648959555
2023-01-29,86783.29034858866,4356.611191168806,49855.64175892444
2023-01-30,80120.60640315393,-6662.6839454347355,47896.13202156257
2023-01-31,80970.41438229731,849.8079791433847,48523.44283469355
2023-02-01,87692.61996553456,6722.2055832372425,49749.11990867496
2023-02-02,87759.26969174296,66.64972620840126,49220.884901355064
2023-02-03,91265.80652532198,3506.5368335790263,49173.5996521575
2023-02-04,90043.44302118602,-1222.3635041359667,48927.25353838653
2023-02-05,87419.83352833283,-2623.609492853182,48138.39468852107
2023-02-06,85786.34143124108,-1633.4920970917592,47728.30932031786
2023-02-07,90324.62307623331,4538.281644992239,48785.586194558506
2023-02-08,88216.13271115324,-2108.4903650800698,48104.28131991418
2023-02-09,80405.32484042512,-7810.807870728124,45754.86999157262
2023-02-10,80710.22061502552,304.89577460040164,45402.874418897256
2023-02-11,81983.52111597537,1273.3005009498447,45863.57077231782
2023-02-12,81521.99743548408,-461.52368049128563,45690.20654295147
2023-02-13,78181.69189101175,-3340.3055444723286,45731.93388109134
2023-02-14,84358.52354457232,6176.83165356057,46597.3788612942
2023-02-15,89055.53446943242,4697.010924860093,50973.92868704529
2023-02-16,89743.9034994865,688.3690300540911,49538.799871295654
2023-02-17,97646.62078482768,7902.717285341176,51514.454992142746
2023-02-18,96152.43440424012,-1494.1863805875619,51673.1483022691
2023-02-19,92491.72758623444,-3660.7068180056813,51015.451238484435
2023-02-20,92771.67885609689,279.95126986244577,52067.1169571252
2023-02-21,88400.19832555299,-4371.480530543893,51243.41979373228
2023-02-22,88963.75287041257,563.5545448595803,50724.387900743
2023-02-23,86267.48190029783,-2696.2709701147396,50218.26985710148
2023-02-24,86267.48190029783,0.0,48646.83910908283
2023-02-25,86267.48190029783,0.0,48599.12790354776
2023-02-26,86267.48190029783,0.0,49408.23606238098
2023-02-27,86267.48190029783,0.0,49327.832707942056
2023-02-28,86267.48190029783,0.0,48540.36640764152
2023-03-01,86267.48190029783,0.0,49587.19096867714
2023-03-02,84848.69492819975,-1418.7869720980816,49228.425147675785
2023-03-03,79240.46420017854,-5608.230728021212,46894.892980108496
2023-03-04,79240.46420017854,0.0,46875.32765872116
2023-03-05,79240.46420017854,0.0,47047.62699724374
2023-03-06,79240.46420017854,0.0,47035.55686910296
2023-03-07,79240.46420017854,0.0,46595.20812226651
2023-03-08,79240.46420017854,0.0,45543.15740462838
2023-03-09,79240.46420017854,0.0,42701.57810269873
2023-03-10,79240.46420017854,0.0,42332.9702328605
2023-03-11,79240.46420017854,0.0,43266.49040811859
2023-03-12,79240.46420017854,0.0,46478.1520441317
2023-03-13,79240.46420017854,0.0,50742.609821373575
2023-03-14,79240.46420017854,0.0,51892.90900655186
2023-03-15,79240.46420017854,0.0,51116.775602269496
2023-03-16,79240.46420017854,0.0,52536.09488472311
2023-03-17,79240.46420017854,0.0,57508.41427595942
2023-03-18,77649.80785916193,-1590.6563410166127,56547.874543407575
2023-03-19,77649.80785916193,0.0,58797.54655702769
2023-03-20,76690.88923404046,-958.9186251214705,58228.333730892584
2023-03-21,77129.07851548764,438.1892814471794,59085.1326165908
2023-03-22,75595.26161319102,-1533.8169022966176,57264.12831639775
2023-03-23,79592.13902224354,3996.8774090525258,59416.78877415009
2023-03-24,77566.11708874475,-2026.0219334987924,57653.85379081481
2023-03-25,78508.59567405442,942.4785853096691,57656.83548517738
2023-03-26,79787.99329127568,1279.397617221257,58704.55291622815
2023-03-27,79312.89093997909,-475.1023512965912,56912.77577396267
2023-03-28,85136.83308984285,5823.942149863768,57181.70166935565
2023-03-29,87420.46832816713,2283.6352383242775,59447.129971729606
2023-03-30,86322.72565584493,-1097.7426723222015,58786.82392537769
2023-03-31,89121.22303217954,2798.497376334606,59719.832133883974
2023-04-01,87892.39063631333,-1228.8323958662077,59578.390055426746
2023-04-02,86199.7488448155,-1692.6417914978229,59134.39610531738
2023-04-03,85001.00513727608,-1198.7437075394264,58276.532328775385
2023-04-04,85287.67404880893,286.66891153284814,59068.92989282939
2023-04-05,85428.81547550272,141.14142669379362,59089.67888134691
2023-04-06,83247.20847497346,-2181.6070005292568,58809.0064208003
2023-04-07,82513.58810516213,-733.6203698113386,58560.968768881336
2023-04-08,81871.26813860927,-642.3199665528518,58606.96795759834
2023-04-09,82352.77407542926,481.50593681998726,59414.85558769524
2023-04-10,84064.64808372766,1711.8740082984004,62182.76901763983
2023-04-11,83670.21542290025,-394.4326608274132,63403.396051581345
2023-04-12,82943.30088071575,-726.9145421845024,63202.07024609792
2023-04-13,84179.31869776169,1236.0178170459403,63747.32302824811
2023-04-14,86220.70776601305,2041.3890682513593,63928.99340619589
2023-04-15,86624.74280891751,404.0350429044629,63578.36580868138
2023-04-16,87072.684327406,447.9415184884856,63571.779868386046
2023-04-17,85175.10145063775,-1897.5828767682397,61746.72488725263
2023-04-18,87393.93242168549,2218.8309710477333,63744.14883438686
2023-04-19,80453.0809574458,-6940.851464239691,60441.615147793746
2023-04-20,77575.48613610736,-2877.59482133844,59232.28414826426
2023-04-21,77575.48613610736,0.0,57200.11199375089
2023-04-22,77575.48613610736,0.0,58333.7374457561
2023-04-23,77575.48613610736,0.0,57859.570223161805
2023-04-24,77575.48613610736,0.0,57721.072977461015
2023-04-25,77575.48613610736,0.0,59361.47998201809
2023-04-26,77575.48613610736,0.0,59602.85387469544
2023-04-27,77575.48613610736,0.0,61806.99770901022
2023-04-28,77575.48613610736,0.0,61526.99285310797
2023-04-29,77081.91459835193,-493.57153775542974,61334.54250323399
2023-04-30,75586.29706181107,-1495.6175365408562,61377.15042418698
2023-05-01,75586.29706181107,0.0,58908.46312987474
2023-05-02,75586.29706181107,0.0,60143.53991341946
2023-05-03,75586.29706181107,0.0,60826.68786837032
2023-05-04,75586.29706181107,0.0,60494.10607492375
2023-05-05,75586.29706181107,0.0,61934.07195254453
2023-05-06,75586.29706181107,0.0,60613.45166837267
2023-05-07,75586.29706181107,0.0,59670.539975019296
2023-05-08,75586.29706181107,0.0,58075.32939531239
2023-05-09,75586.29706181107,0.0,58000.88942959859
2023-05-10,75586.29706181107,0.0,57923.2588870875
2023-05-11,75586.29706181107,0.0,56621.081693183
2023-05-12,75586.29706181107,0.0,56210.48845396198
2023-05-13,75586.29706181107,0.0,56166.635429868584
2023-05-14,75586.29706181107,0.0,56473.9752145837
2023-05-15,75586.29706181107,0.0,57023.508038779066
2023-05-16,75586.29706181107,0.0,56696.28346542348
2023-05-17,75586.29706181107,0.0,57455.722657862694
2023-05-18,75586.29706181107,0.0,56267.56660318825
2023-05-19,75586.29706181107,0.0,56389.02559538866
2023-05-20,75586.29706181107,0.0,56891.1707770361
2023-05-21,75586.29706181107,0.0,56103.19660571778
2023-05-22,75586.29706181107,0.0,56307.55325437195
2023-05-23,75586.29706181107,0.0,57092.77918816654
2023-05-24,75586.29706181107,0.0,55224.53059611606
2023-05-25,75586.29706181107,0.0,55521.024877160744
2023-05-26,75586.29706181107,0.0,56030.77583687314
2023-05-27,75586.29706181107,0.0,56343.36225686085
2023-05-28,75586.29706181107,0.0,58896.04486434274
2023-05-29,77542.44533888374,1956.1482770726725,58183.559166645915
2023-05-30,81602.60216413182,4060.1568252480793,58092.2652554624
2023-05-31,80991.22719816782,-611.3749659640016,57080.05374258345
2023-06-01,79407.92279913287,-1583.3043990349543,56241.90682958732
2023-06-02,82213.97713009582,2806.0543309629575,57142.82086635587
2023-06-03,81336.10538409624,-877.8717459995823,56776.973521243424
2023-06-04,84016.7494656307,2680.644081534454,56869.11115363393
2023-06-05,79799.82982859696,-4216.91963703373,54019.33219220723
2023-06-06,83091.8488760954,3292.019047498441,57120.159170053565
2023-06-07,81257.72397820342,-1834.1248978919903,55247.97457761514
2023-06-08,82088.5668806673,830.8429024638899,55588.14986192461
2023-06-09,84345.95137038053,2257.384489713222,55529.76517354772
2023-06-10,79439.27536149,-4906.6760088905285,54210.45961999452
2023-06-11,79439.27536149,0.0,54396.94248540936
2023-06-12,79439.27536149,0.0,54317.95215920544
2023-06-13,79439.27536149,0.0,54351.98361313204
2023-06-14,79439.27536149,0.0,52686.84247086131
2023-06-15,79439.27536149,0.0,53634.1038337381
2023-06-16,79439.27536149,0.0,55209.1060618174
2023-06-17,79439.27536149,0.0,55593.306391048885
2023-06-18,79439.27536149,0.0,55227.45495020243
2023-06-19,79439.27536149,0.0,56307.03309615211
2023-06-20,79439.27536149,0.0,59403.1909372219
2023-06-21,79439.27536149,0.0,62967.71644152144
2023-06-22,79439.27536149,0.0,62726.52685687474
2023-06-23,79439.27536149,0.0,64368.88343082272
2023-06-24,79439.27536149,0.0,64061.09721110003
2023-06-25,79439.27536149,0.0,63917.590882699486
2023-06-26,79439.27536149,0.0,63479.04016309541
2023-06-27,79439.27536149,0.0,64353.56538560844
2023-06-28,79439.27536149,0.0,63091.3338855475
2023-06-29,79439.27536149,0.0,63844.38373292406
2023-06-30,79439.27536149,0.0,63911.27935658312
2023-07-01,79813.7385926078,374.4632311177993,64147.87762339955
2023-07-02,80434.26258503056,620.5239924227644,64212.23798770362
2023-07-03,81049.823082826,615.5604977954354,65335.54628572627
2023-07-04,79400.1731444854,-1649.6499383406044,64541.07628026093
2023-07-05,77503.35088819481,-1896.8222562905867,63988.68872945743
2023-07-06,76096.41893441662,-1406.9319537781848,62720.354585714864
2023-07-07,79474.02122977907,3377.602295362449,63628.21089163802
2023-07-08,80147.18542231803,673.1641925389558,63523.93759936251
2023-07-09,79661.43930189229,-485.74612042574154,63269.55565545506
2023-07-10,80767.6990051546,1106.2597032623162,63779.62608242058
2023-07-11,81643.5148463931,875.8158412384946,64212.61889096697
2023-07-12,80979.4980588018,-664.016787591303,63731.76333472697
2023-07-13,94482.25757199369,13502.759513191893,66005.77219986134
2023-07-14,92163.75349562916,-2318.504076364523,63611.0210959791
2023-07-15,92244.63470263431,80.88120700514992,63530.78566663477
2023-07-16,90858.07217027585,-1386.5625323584682,63432.90991088993
2023-07-17,90165.90280685616,-692.1693634196854,63216.40531514871
2023-07-18,88100.50933574534,-2065.393471110816,62609.683756908686
2023-07-19,91369.55720803172,3269.0478722863772,62729.971369180945
2023-07-20,94086.21387425216,2716.6566662204423,62474.32793919703
2023-07-21,92832.53821051688,-1253.675663735281,62719.10948257445
2023-07-22,90797.49568286233,-2035.0425276545575,62431.941187880824
2023-07-23,91412.0326558036,614.5369729412778,63087.754214018816
2023-07-24,87097.19108951822,-4314.84156628538,61184.45433027213
2023-07-25,85822.07851528993,-1275.1125742282893,61290.30038440921
2023-07-26,88107.9568365427,2285.8783212527633,61557.841921705294
2023-07-27,88308.79294597775,200.83610943505482,61255.2777628511
2023-07-28,87258.28253775084,-1050.51040822691,61482.9227551118
2023-07-29,88724.12358485075,1465.8410470999079,61561.92127278375
2023-07-30,88109.22341453341,-614.9001703173417,61390.785122721296
2023-07-31,87385.90594671182,-723.3174678215873,61296.00574189143
2023-08-01,88531.59406437952,1145.688117667698,62230.480223174905
2023-08-02,85732.03718128504,-2799.556883094483,61132.11904103467
2023-08-03,89680.25277702727,3948.2155957422365,61188.152778087235
2023-08-04,88267.6537847894,-1412.5989922378649,60968.83031734402
2023-08-05,88424.6092283714,156.95544358198822,60901.79953446249
2023-08-06,89052.43100269933,627.8217743279383,60901.23022743447
2023-08-07,94075.00519732284,5022.574194623507,61192.13383154934
2023-08-08,87901.42441643144,-6173.580780891396,62418.70787127993
2023-08-09,87901.42441643144,0.0,61990.920740665984
2023-08-10,87901.42441643144,0.0,61714.3194397298
2023-08-11,87901.42441643144,0.0,61647.472964878914
2023-08-12,87901.42441643144,0.0,61685.74350351054
2023-08-13,87901.42441643144,0.0,61406.73391097382
2023-08-14,87901.42441643144,0.0,61669.97083182064
2023-08-15,87901.42441643144,0.0,61170.68037678132
2023-08-16,87901.42441643144,0.0,60188.08511656131
2023-08-17,87901.42441643144,0.0,55915.984699648354
2023-08-18,87901.42441643144,0.0,54626.33226036024
2023-08-19,87901.42441643144,0.0,54724.15477156289
2023-08-20,87901.42441643144,0.0,54919.97181479681
2023-08-21,87901.42441643144,0.0,54782.736055172485
2023-08-22,87901.42441643144,0.0,54588.794858117224
2023-08-23,87901.42441643144,0.0,55427.56841841756
2023-08-24,87901.42441643144,0.0,54862.910048506594
2023-08-25,87901.42441643144,0.0,54622.37168556821
2023-08-26,87901.42441643144,0.0,54540.15801669487
2023-08-27,87901.42441643144,0.0,54710.4995943585
2023-08-28,87901.42441643144,0.0,54745.0102491648
2023-08-29,87901.42441643144,0.0,58144.78075699649
2023-08-30,87901.42441643144,0.0,57242.79773365016
2023-08-31,87901.42441643144,0.0,54378.70827757674
2023-09-01,87901.42441643144,0.0,54104.527555443135
2023-09-02,87901.42441643144,0.0,54247.280268785005
2023-09-03,87901.42441643144,0.0,54458.59147379582
2023-09-04,87901.42441643144,0.0,54129.04461925401
2023-09-05,87901.42441643144,0.0,54061.03086020899
2023-09-06,87901.42441643144,0.0,54004.94387861424
2023-09-07,87901.42441643144,0.0,55026.10457031491
2023-09-08,87901.42441643144,0.0,54324.56676963888
2023-09-09,87901.42441643144,0.0,54303.64576029274
2023-09-10,87901.42441643144,0.0,54170.58764936323
2023-09-11,87901.42441643144,0.0,52766.48401877353
2023-09-12,87901.42441643144,0.0,54172.93040921953
2023-09-13,87901.42441643144,0.0,55001.21069897469
2023-09-14,87901.42441643144,0.0,55654.115753962375
2023-09-15,87901.42441643144,0.0,55798.85080256727
2023-09-16,87901.42441643144,0.0,55714.10597007296
2023-09-17,87901.42441643144,0.0,55642.61083711561
2023-09-18,87901.42441643144,0.0,56104.15091174315
2023-09-19,87901.42441643144,0.0,57062.14309773798
2023-09-20,87901.42441643144,0.0,56896.2494872141
2023-09-21,87901.42441643144,0.0,55712.74618638014
2023-09-22,87901.42441643144,0.0,55737.77521694284
2023-09-23,87901.42441643144,0.0,55737.40250514752
2023-09-24,87901.42441643144,0.0,55060.979745448494
2023-09-25,87901.42441643144,0.0,55148.329464776034
2023-09-26,87901.42441643144,0.0,54977.987887112395
2023-09-27,87901.42441643144,0.0,55262.06390262507
2023-09-28,87901.42441643144,0.0,56664.61115428925
2023-09-29,87901.42441643144,0.0,56434.30393491912
2023-09-30,87901.42441643144,0.0,56552.14639398471
2023-10-01,87901.42441643144,0.0,58682.366325071525
2023-10-02,87901.42441643144,0.0,57732.491883893475
2023-10-03,87901.42441643144,0.0,57521.09876420237
2023-10-04,87901.42441643144,0.0,58295.76999144156
2023-10-05,87901.42441643144,0.0,57491.601287829835
2023-10-06,87901.42441643144,0.0,58604.45727264744
2023-10-07,87901.42441643144,0.0,58651.09949160473
2023-10-08,87901.42441643144,0.0,58580.32520783393
2023-10-09,87901.42441643144,0.0,57843.40845674053
2023-10-10,87901.42441643144,0.0,57439.40115781486
2023-10-11,87901.42441643144,0.0,56353.777708459755
2023-10-12,87901.42441643144,0.0,56109.43031288787
2023-10-13,87901.42441643144,0.0,56330.825215042416
2023-10-14,87901.42441643144,0.0,56329.42447400946
2023-10-15,87901.42441643144,0.0,56954.22050645553
2023-10-16,87901.42441643144,0.0,59805.77292071052
2023-10-17,87828.75434530638,-72.67007112505962,59588.27306160377
2023-10-18,85957.12117591813,-1871.633169388253,59404.98077298624
2023-10-19,91498.6233048912,5541.502128973065,60225.88874151528
2023-10-20,99205.34812001932,7706.724815128124,62245.61396035854
2023-10-21,107609.34803746856,8403.99991744924,62739.3833659463
2023-10-22,107113.87525489493,-495.4727825736336,62897.67529413923
2023-10-23,113549.33252945424,6435.457274559318,69382.35675743686
2023-10-24,110915.1121377052,-2634.2203917490406,71092.03900711544
2023-10-25,116496.50305591011,5581.39091820491,72352.95987229174
2023-10-26,117349.31537297924,852.8123170691251,71627.03197555928
2023-10-27,114354.59620075408,-2994.719172225159,71109.38853640092
2023-10-28,114275.9203202672,-78.67588048687321,71486.37627803284
2023-10-29,116454.20610013332,2178.2857798661134,72427.73978392873
2023-10-30,118901.0243258181,2446.8182256847795,72352.00147053234
2023-10-31,120010.75906116368,1109.7347353455843,72698.88556715759
2023-11-01,125795.80782269462,5785.048761530939,74312.48189685565
2023-11-02,122668.46702795217,-3127.3407947424566,73266.04643055142
2023-11-03,124582.05967641973,1913.5926484675583,72834.23319340122
2023-11-04,126842.07413624915,2260.0144598294282,73567.91841035716
2023-11-05,129570.1313269743,2728.0571907251433,73499.05273863713
2023-11-06,137008.70424638293,7438.572919408631,73473.92131472407
2023-11-07,135072.32543315593,-1936.3788132269983,74325.71111772253
2023-11-08,141616.5975668106,6544.272133654682,74769.68049342782
2023-11-09,145633.61537638985,4017.017809579236,76946.06344259223
2023-11-10,155369.0073929142,9735.392016524362,78247.98260525381
2023-11-11,159663.7858095036,4294.778416589397,77879.07984256654
2023-11-12,166564.6098996244,6900.82409012079,77703.9134902338
2023-11-13,152505.56731689489,-14059.042582729511,76546.01671845859
2023-11-14,157741.9030122804,5236.3356953855255,74522.99443373365
2023-11-15,172305.52747799357,14563.624465713161,79436.1796172684
2023-11-16,163697.9839556122,-8607.54352238137,75817.12351029963
2023-11-17,161801.11283695276,-1896.8711186594446,76743.82428842355
2023-11-18,162957.3771910963,1156.2643541435536,76720.79807179396
2023-11-19,169722.56544620707,6765.188255110756,78400.18008123315
2023-11-20,161285.92626180928,-8436.63918439779,78589.771608765
2023-11-21,147891.74477508813,-13394.18148672115,75102.13122338592
2023-11-22,160546.1181695239,12654.373394435766,78496.20866093744
2023-11-23,162341.21794731187,1795.099777787982,78196.92518502889
2023-11-24,162587.96143206803,246.7434847561526,79100.02634376119
2023-11-25,165464.582171948,2876.6207398799597,79260.47262804575
2023-11-26,164297.70868395272,-1166.873487995268,78594.30968205308
2023-11-27,157429.89249328786,-6867.81619066486,78122.57942119743
2023-11-28,160920.17549940088,3490.2830061130226,79332.38552587258
2023-11-29,162341.3337149434,1421.1582155425276,79389.85686556424
2023-11-30,163365.47792597732,1024.1442110339121,79084.22500193318
2023-12-01,165605.56263332698,2240.084707349655,81130.92062926202
2023-12-02,168393.41475037718,2787.8521170502063,82782.49260474267
2023-12-03,166740.02394913833,-1653.3908012388565,83835.31741610954
2023-12-04,171098.06025207115,4358.036302932829,88032.92871850052
2023-12-05,176986.87670819223,5888.816456121072,92437.81692789803
2023-12-06,180872.44379206,3885.5670838677615,91736.98768920652
2023-12-07,184692.57103319245,3820.1272411324608,90785.40123121042
2023-12-08,200658.4898105298,15965.918777337356,92618.06199040878
2023-12-09,200700.90736520124,42.417554671439575,91694.08077967048
2023-12-10,211384.5953332987,10683.687968097453,91806.72165653764
2023-12-11,205875.9457470878,-5508.6495862109,86488.96805851723
2023-12-12,207197.11758335965,1321.171836271853,86921.77246329894
2023-12-13,215846.27399851303,8649.156415153382,89942.56470276766
2023-12-14,218865.7386617697,3019.4646632566582,90221.95110283371
2023-12-15,209156.53441315488,-9709.204248614813,87927.36527001044
2023-12-16,216511.11284487063,7354.578431715752,88578.19378785277
2023-12-17,207513.57709343976,-8997.53575143087,86742.35473905914
2023-12-18,214338.78671614424,6825.209622704482,89382.23552371004
2023-12-19,206842.87307943415,-7495.913636710087,88641.96436645875
2023-12-20,220190.2349410737,13347.36186163954,91539.45862915454
2023-12-21,239724.50235661163,19534.267415537935,91994.30627440238
2023-12-22,257950.6888803852,18226.186523773562,92264.29706063916
2023-12-23,265094.9748043708,7144.28592398559,91722.51336519924
2023-12-24,265670.37747506524,575.4026706944569,90205.47806062734
2023-12-25,270632.50115073205,4962.123675666808,91457.44565124792
2023-12-26,268983.56256878504,-1648.9385819470044,89165.95619333962
2023-12-27,278499.7004591692,9516.137890384183,91100.3549854585
2023-12-28,265461.3371909611,-13038.363268208108,89391.28709588211
2023-12-29,270943.7320763739,5482.394885412767,88283.1125350431
2023-12-30,262676.56274600263,-8267.169330371253,88403.69094443039
2023-12-31,263587.1408780214,910.5781320187962,88630.76662966308
2024-01-01,276355.4722689901,12768.331390968699,92619.5937949302
2024-01-02,267448.36290274403,-8907.109366246092,94277.57149840954
2024-01-03,256017.84321559555,-11430.51968714848,89853.30227565535
2024-01-04,269501.8028333152,13483.959617719665,92645.99489638775
2024-01-05,257037.19737293656,-12464.605460378662,92609.86233091172
2024-01-06,243653.73446048872,-13383.462912447838,92246.03827840244
2024-01-07,237233.89718642327,-6419.837274065445,92149.37076419187
2024-01-08,251092.53740193613,13858.64021551286,98497.889550177
2024-01-09,257194.01826195396,6101.480860017822,96755.7445126994
2024-01-10,267639.2570001612,10445.238738207263,97779.18652824617
2024-01-11,271621.450163433,3982.1931632717606,97235.65805011604
2024-01-12,263736.1220834148,-7885.328080018167,89863.77097179645
2024-01-13,256505.0607101471,-7231.061373267701,89841.1543285683
2024-01-14,250131.48712805455,-6373.573582092562,87647.43823305448
2024-01-15,265014.1018212831,14882.614693228563,89148.27081386495
2024-01-16,272912.8679217888,7898.766100505716,90496.602834379
2024-01-17,272912.8679217888,0.0,89632.0179583192
2024-01-18,272912.8679217888,0.0,86527.18944834066
2024-01-19,272912.8679217888,0.0,87274.45611928875
2024-01-20,272912.8679217888,0.0,87373.39267014334
2024-01-21,272912.8679217888,0.0,87122.16853716108
2024-01-22,272912.8679217888,0.0,82847.57381823329
2024-01-23,272912.8679217888,0.0,83556.75016284638
2024-01-24,272912.8679217888,0.0,84042.25847292687
2024-01-25,272912.8679217888,0.0,83741.82819149423
2024-01-26,272912.8679217888,0.0,87690.64003543957
2024-01-27,272912.8679217888,0.0,88326.42082651258
2024-01-28,272912.8679217888,0.0,88149.30490478892
2024-01-29,272912.8679217888,0.0,90776.13668086956
2024-01-30,272912.8679217888,0.0,90072.3011734114
2024-01-31,272912.8679217888,0.0,89296.39713023386
2024-02-01,272912.8679217888,0.0,90330.57816036668
2024-02-02,282940.629738936,10027.761817147199,90561.43011236071
2024-02-03,280242.8920489616,-2697.7376899744268,90155.42819097
2024-02-04,288098.8268361609,7855.934787199309,89298.44499724111
2024-02-05,304143.9784924409,16045.15165627998,89455.9013956951
2024-02-06,290225.48393006943,-13918.49456237146,90349.23832453678
2024-02-07,298636.88885373744,8411.404923668015,92936.0138219555
2024-02-08,289035.1907804938,-9601.698073243664,94998.10121771086
2024-02-09,293129.79921503406,4094.608434540278,98868.42241500205
2024-02-10,298269.3168276127,5139.517612578638,100177.12411319168
2024-02-11,301233.3804756171,2964.063648004376,101273.1097696035
2024-02-12,310176.9852137824,8943.604738165333,104763.1830209872
2024-02-13,303801.065765783,-6375.919447999389,104310.6863270637
2024-02-14,315599.5938006221,11798.52803483908,108681.3997318441
2024-02-15,313478.2630346381,-2121.330765984021,108915.97061032336
2024-02-16,305355.95609642804,-8122.306938210037,109380.77088922643
2024-02-17,305408.036405824,52.08030939596938,108338.11988115162
2024-02-18,317064.0636605401,11656.027254716086,109301.80513742662
2024-02-19,321386.7279537995,4322.664293259382,108581.68499152677
2024-02-20,323595.83817559615,2209.110221796669,109642.2097828409
2024-02-21,308690.9708249666,-14904.86735062953,108707.57966366487
2024-02-22,308647.30843864096,-43.66238632565364,107587.3390704191
2024-02-23,303636.9266882912,-5010.38175034977,106385.69985936888
2024-02-24,310794.99897720007,7158.072288908879,108145.41559576876
2024-02-25,317713.2350155433,6918.236038343224,108485.4188592496
2024-02-26,326908.4224571468,9195.187441603513,114334.34001014433
2024-02-27,325686.1557625702,-1222.266694576596,119708.92601335012
2024-02-28,343282.60106788273,17596.445305312518,131073.53120425064
2024-02-29,342961.2043176436,-321.3967502391315,128333.97663662257
2024-03-01,367961.3156207737,25000.111303130107,130938.9945333419
2024-03-02,376984.3420083165,9023.026387542777,130077.5715639413
2024-03-03,383424.9201520864,6440.578143769933,132462.9762028024
2024-03-04,409749.86689795024,26324.946745863825,143289.95896402176
2024-03-05,374137.69552414754,-35612.1713738027,133792.12380519247
2024-03-06,393703.4402496144,19565.74472546688,138627.0149373058
2024-03-07,406606.8229195686,12903.382669954211,140343.7991897655
2024-03-08,409824.4914366868,3217.6685171181452,143226.37678918045
2024-03-09,421384.951984762,11560.460548075207,143643.24059717768
2024-03-10,420861.5553247972,-523.3966599647538,144735.58924178462
2024-03-11,433256.13627616817,12394.58095137094,151244.9720769238
2024-03-12,424483.51880656474,-8772.617469603429,149897.3936714684
2024-03-13,446296.9913938581,21813.472587293363,153257.25534706266
2024-03-14,449361.5212550002,3064.529861142102,149719.78626166302
2024-03-15,454747.37539920886,5385.854144208657,145540.81054903803
2024-03-16,421372.48196758085,-33374.89343162801,136966.83372892663
2024-03-17,447436.53858769184,26064.05662011099,143416.2222522212
2024-03-18,436335.7278276089,-11100.810760082968,141650.46940388394
2024-03-19,389950.4795177459,-46385.248309862975,129832.06507564327
2024-03-20,435816.2082329785,45865.72871523257,142416.04400587687
2024-03-21,424398.4268766104,-11417.781356368097,137336.48191520455
2024-03-22,419515.3515702992,-4883.0753063111915,133745.07201283373
2024-03-23,417019.7279776295,-2495.623592669668,134339.45312448803
2024-03-24,435800.658230398,18780.930252768507,140991.12175929142
2024-03-25,450153.4690303125,14352.81079991447,146704.73624128263
2024-03-26,450438.88066620333,285.4116358908359,146765.59884873833
2024-03-27,448553.39704029047,-1885.4836259128642,145648.95430995728
2024-03-28,470702.29794961226,22148.90090932179,148353.28556506056
2024-03-29,471383.8739451817,681.5759955694666,146566.3659633363
2024-03-30,462124.80685121455,-9259.067093967169,146047.30540020892
2024-03-31,482753.97916458256,20629.172313368006,149587.78894584326
2024-04-01,456464.6005778893,-26289.37858669326,146166.50764296734
2024-04-02,418774.84506637254,-37689.75551151676,137243.33673224648
2024-04-03,426855.783657262,8080.938590889447,138362.80732749752
2024-04-04,426855.783657262,0.0,143664.1288406517
2024-04-05,420328.4334640099,-6527.3501932520885,142256.60527215988
2024-04-06,440453.6734642282,20125.240000218328,144476.23098104954
2024-04-07,471202.6840211405,30749.010556912282,145454.37417839575
2024-04-08,479952.1693697848,8749.485348644317,150212.0934902076
2024-04-09,459629.1586831027,-20323.01068668213,144985.6092289666
2024-04-10,485109.2668818628,25480.108198760077,148023.90663561336
2024-04-11,475922.7450344868,-9186.52184737596,146918.2058981191
2024-04-12,427858.2313985813,-48064.51363590552,140910.79622379877
2024-04-13,427858.2313985813,0.0,133834.63752426312
2024-04-14,427858.2313985813,0.0,137855.14928786654
2024-04-15,427858.2313985813,0.0,133005.76744880987
2024-04-16,427858.2313985813,0.0,133814.4865129117
2024-04-17,427858.2313985813,0.0,128498.19099620049
2024-04-18,427858.2313985813,0.0,133187.249422993
2024-04-19,427858.2313985813,0.0,133880.97665890335
2024-04-20,427858.2313985813,0.0,136294.37154401964
2024-04-21,427858.2313985813,0.0,136152.20042490782
2024-04-22,427858.2313985813,0.0,140159.67137140903
2024-04-23,427858.2313985813,0.0,139257.10265809862
2024-04-24,427858.2313985813,0.0,134789.67259029948
2024-04-25,427858.2313985813,0.0,135219.15945052943
2024-04-26,427858.2313985813,0.0,133695.91501319155
2024-04-27,427858.2313985813,0.0,132990.94089167734
2024-04-28,427858.2313985813,0.0,132349.44245592007
2024-04-29,427858.2313985813,0.0,133875.84060844913
2024-04-30,427858.2313985813,0.0,127156.44491598174
2024-05-01,427858.2313985813,0.0,122159.58388653048
2024-05-02,427858.2313985813,0.0,123982.77530868728
2024-05-03,427858.2313985813,0.0,131880.980590808
2024-05-04,427994.5029806206,136.27158203930594,133981.4286313433
2024-05-05,431094.56768186635,3100.0647012457484,134274.29818778514
2024-05-06,411331.7973908525,-19762.770291013876,132451.6064451781
2024-05-07,397371.1272386345,-13960.670152217965,130717.09585590356
2024-05-08,383110.63375080534,-14260.493487829168,128312.08084258097
2024-05-09,393842.18627063895,10731.55251983361,132216.7652482539
2024-05-10,373951.60229861736,-19890.583972021588,127483.41555382842
2024-05-11,373951.60229861736,0.0,127485.37331468736
2024-05-12,373951.60229861736,0.0,128858.25516488442
2024-05-13,373951.60229861736,0.0,131905.3338252583
2024-05-14,373951.60229861736,0.0,129077.1721479602
2024-05-15,373951.60229861736,0.0,138963.97916614788
2024-05-16,373951.60229861736,0.0,136791.65918512587
2024-05-17,397343.93277985975,23392.33048124239,140608.84232931276
2024-05-18,400836.9478543701,3493.01507451036,140375.92612737537
2024-05-19,400748.79256562353,-88.15528874658048,138986.7842131407
2024-05-20,429014.6216310364,28265.829065412865,149827.99555432648
2024-05-21,426109.01523744426,-2905.606393592141,147077.4152707313
2024-05-22,417944.05220232904,-8164.9630351152155,144950.63166048264
2024-05-23,413487.4695045836,-4456.582697745413,142449.36689781898
2024-05-24,410291.9587809895,-3195.5107235941105,143700.31874640394
2024-05-25,413121.7462155564,2829.7874345668824,145251.78279110184
2024-05-26,408750.96236856095,-4370.783846995444,143683.52623694442
2024-05-27,433273.1014274118,24522.139058850822,145521.47868448956
2024-05-28,429248.3911354511,-4024.710291960684,143218.25085289564
2024-05-29,425710.6016792442,-3537.7894562068977,141712.33137043915
2024-05-30,419849.0552493533,-5861.546429890906,143362.46983901472
2024-05-31,422021.3912693302,2172.3360199769377,141530.56269487503
2024-06-01,424868.4025644362,2847.011295105971,141982.51875190862
2024-06-02,418146.1548704094,-6722.247694026795,142076.1799973525
2024-06-03,415178.4376196646,-2967.717250744812,144284.71445853086
2024-06-04,430233.2213748376,15054.783755173034,147981.72057526387
2024-06-05,435265.42517190496,5032.203797067341,149061.7984007633
2024-06-06,431861.3709359395,-3404.054235965479,148378.8920941193
2024-06-07,416027.50261755986,-15833.868318379624,145412.49939383136
2024-06-08,415814.40724306135,-213.09537449851632,145335.3029991258
2024-06-09,414248.5896031611,-1565.817639900255,146052.9411302129
2024-06-10,384913.88685539446,-29334.702747766627,145768.3531479484
2024-06-11,384913.88685539446,0.0,141196.33441635463
2024-06-12,384913.88685539446,0.0,143102.8494513027
2024-06-13,384913.88685539446,0.0,139989.22330466102
2024-06-14,384913.88685539446,0.0,138426.30758765855
2024-06-15,384913.88685539446,0.0,138803.57383920343
2024-06-16,384913.88685539446,0.0,139743.13522213296
2024-06-17,384913.88685539446,0.0,139431.20411958758
2024-06-18,384913.88685539446,0.0,136601.17478757884
2024-06-19,384913.88685539446,0.0,136222.76992197792
2024-06-20,384913.88685539446,0.0,135946.71744939967
2024-06-21,384913.88685539446,0.0,134410.74347074467
2024-06-22,384913.88685539446,0.0,134738.67251035073
2024-06-23,384913.88685539446,0.0,132491.13027841816
2024-06-24,384913.88685539446,0.0,126402.69060235468
2024-06-25,384913.88685539446,0.0,129605.30885766374
2024-06-26,384913.88685539446,0.0,127522.2103464139
2024-06-27,384913.88685539446,0.0,129186.2415447667
2024-06-28,384913.88685539446,0.0,126492.28068818816
2024-06-29,384913.88685539446,0.0,127681.79652655542
2024-06-30,384913.88685539446,0.0,131437.37163969598
2024-07-01,384913.88685539446,0.0,131801.59707413867
2024-07-02,384913.88685539446,0.0,130075.8267812511
2024-07-03,384913.88685539446,0.0,126185.66584839362
2024-07-04,384913.88685539446,0.0,119483.14458006604
2024-07-05,384913.88685539446,0.0,118821.89651489076
2024-07-06,384913.88685539446,0.0,122263.44350967051
2024-07-07,384913.88685539446,0.0,117116.46563711928
2024-07-08,384913.88685539446,0.0,118911.48660072424
2024-07-09,384913.88685539446,0.0,121646.26554249144
2024-07-10,384913.88685539446,0.0,121086.92753106532
2024-07-11,384913.88685539446,0.0,120253.19172360282
2024-07-12,384913.88685539446,0.0,121416.0934823438
2024-07-13,384913.88685539446,0.0,124210.34248200172
2024-07-14,384913.88685539446,0.0,127472.9632406234
2024-07-15,384913.88685539446,0.0,136033.73541427203
2024-07-16,394025.82246204413,9111.93560664967,136509.74981290687
2024-07-17,399768.2655402822,5742.443078238051,134458.12292182457
2024-07-18,386297.5866118967,-13470.678928385489,134154.6290313491
2024-07-19,399892.99386145466,13595.40724955796,139892.25270613338
2024-07-20,405705.1689663403,5812.175104885653,140843.23299549535
2024-07-21,418207.440818671,12502.271852330712,142921.11354161068
2024-07-22,410422.9622638589,-7784.478554812144,141727.33813986834
2024-07-23,394789.7343503252,-15633.227913533687,138251.3705964306
2024-07-24,394113.2675169105,-676.4668334146845,137086.39639627832
2024-07-25,382833.70540947,-11279.562107440492,137935.88439676064
2024-07-26,396993.5228479586,14159.817438488593,142412.66912104894
2024-07-27,395214.87115651305,-1778.651691445557,142205.63795808327
2024-07-28,391696.5237115057,-3518.3474450073554,143133.6329881558
2024-07-29,386899.5103945667,-4797.013316939003,140122.41657481302
2024-07-30,389384.48490407853,2484.9745095118415,138824.57676322988
2024-07-31,379887.99064670195,-9496.494257376587,135507.58923129953
2024-08-01,368269.5972682499,-11618.393378452049,137055.71115704157
2024-08-02,342634.47078571067,-25635.126482539228,128788.36555966076
2024-08-03,342634.47078571067,0.0,127247.11627559506
2024-08-04,342634.47078571067,0.0,121872.21899660416
2024-08-05,342634.47078571067,0.0,113220.93929270278
2024-08-06,342634.47078571067,0.0,117504.84771077958
2024-08-07,342634.47078571067,0.0,115393.45586895748
2024-08-08,342634.47078571067,0.0,129407.13267163748
2024-08-09,342634.47078571067,0.0,127666.56039602144
2024-08-10,342634.47078571067,0.0,127804.33269680166
2024-08-11,342634.47078571067,0.0,123135.68740833749
2024-08-12,342634.47078571067,0.0,124467.3579828805
2024-08-13,342634.47078571067,0.0,127099.21932033096
2024-08-14,342634.47078571067,0.0,123172.98316227364
2024-08-15,342634.47078571067,0.0,120704.43512291789
2024-08-16,342634.47078571067,0.0,123501.87060363912
2024-08-17,342634.47078571067,0.0,124728.34634575337
2024-08-18,342634.47078571067,0.0,122641.79922646328
2024-08-19,342634.47078571067,0.0,124758.71211773696
2024-08-20,342634.47078571067,0.0,123750.7601682331
2024-08-21,342634.47078571067,0.0,128285.3438909342
2024-08-22,342634.47078571067,0.0,126621.82875506724
2024-08-23,342634.4707857106,-5.820766091346741e-11,134406.87709783495
2024-08-24,347877.2960954377,5242.825309727108,134584.36163561992
2024-08-25,338179.7012310804,-9697.594864357321,134908.4570681884
2024-08-26,325487.70275287837,-12691.998478202033,131861.7388324078
2024-08-27,305891.81142910256,-19595.89132377581,124781.10759132831
2024-08-28,302868.5627076794,-3023.2487214231514,123781.86317233932
2024-08-29,298762.05259995814,-4106.51010772126,124537.95205435464
2024-08-30,302636.0513722962,3873.9987723380327,123974.47735157388
2024-08-31,298615.762426795,-4020.2889455012046,123660.80965780634
2024-09-01,298615.762426795,0.0,120212.45555309448
2024-09-02,298615.762426795,0.0,123959.80643233388
2024-09-03,298615.762426795,0.0,120433.76444483471
2024-09-04,298615.762426795,0.0,121567.23425894736
2024-09-05,298615.762426795,0.0,117769.4321281172
2024-09-06,298615.762426795,0.0,113131.39016420944
2024-09-07,298615.762426795,0.0,113531.7809300003
2024-09-08,298615.762426795,0.0,115003.63209692408
2024-09-09,298615.762426795,0.0,119570.8670111889
2024-09-10,298615.762426795,0.0,120890.2585751564
2024-09-11,298615.762426795,0.0,120249.53832886188
2024-09-12,298615.762426795,0.0,121893.26287797072
2024-09-13,298615.762426795,0.0,127018.9756995186
2024-09-14,298615.762426795,0.0,125831.68794045525
2024-09-15,298615.762426795,0.0,124107.3429630047
2024-09-16,298615.762426795,0.0,122030.60922241343
2024-09-17,298615.762426795,0.0,126467.96021961
2024-09-18,298615.762426795,0.0,129280.3533209522
2024-09-19,298615.762426795,0.0,131987.13382499616
2024-09-20,309815.53365149687,11199.771224701894,132516.6712757327
2024-09-21,318424.40663647564,8608.872984978778,132939.98176906875
2024-09-22,310356.668876934,-8067.737759541662,133472.35346774332
2024-09-23,313929.94606269954,3573.2771857655607,132803.59382638545
2024-09-24,322906.6702600524,8976.724197352829,134842.24543210978
2024-09-25,314960.3872032821,-7946.283056770277,132412.17271808637
2024-09-26,328458.13566081686,13497.748457534763,136685.62882295813
2024-09-27,340466.70152868406,12008.565867867204,137964.0630467805
2024-09-28,340993.90140084876,527.199872164696,138167.4408150052
2024-09-29,337429.2219976726,-3564.679403176182,137638.27198033
2024-09-30,316994.9623613062,-20434.25963636639,132802.96308334722
2024-10-01,299537.3411148781,-17457.621246428112,127576.16754632111
2024-10-02,299537.3411148781,0.0,127147.9094062955
2024-10-03,299537.3411148781,0.0,127413.42765098842
2024-10-04,299537.3411148781,0.0,130156.47997546491
2024-10-05,299537.3411148781,0.0,130203.60549103592
2024-10-06,299537.3411148781,0.0,131732.33821195326
2024-10-07,294093.3692823007,-5443.971832577372,130511.26064727014
2024-10-08,290685.58746940165,-3407.7818128990475,130291.72111262416
2024-10-09,290685.58746940165,0.0,127041.62510861889
2024-10-10,290685.58746940165,0.0,126396.57976720502
2024-10-11,290685.58746940165,0.0,130948.340998363
2024-10-12,290685.58746940165,0.0,132516.76957334904
2024-10-13,290685.58746940165,0.0,131800.3273965942
2024-10-14,290685.58746940165,0.0,138499.76867294285
2024-10-15,290685.58746940165,0.0,140586.26664342475
2024-10-16,290685.58746940165,0.0,141784.94054304846
2024-10-17,290685.58746940165,0.0,141338.5219184025
2024-10-18,290685.58746940165,0.0,143475.28273671048
2024-10-19,290685.58746940165,0.0,143357.73517049395
2024-10-20,286830.42711694946,-3855.1603524521925,144697.66274481022
2024-10-21,289917.56710987224,3087.1399929227773,141271.45017818082
2024-10-22,285912.200371232,-4005.3667386402376,141257.93425593292
2024-10-23,280909.89283301216,-5002.307538219844,139309.3642241238
2024-10-24,284952.8683970399,4042.975564027729,142934.80967615522
2024-10-25,264792.03768850566,-20160.830708534224,139750.19626757398
2024-10-26,275487.9971016875,10695.959413181816,140530.87593661246
2024-10-27,286908.1291963071,11420.132094619621,142448.809877993
2024-10-28,305349.9168931586,18441.787696851476,146597.67375414324
2024-10-29,319884.03267558914,14534.11578243057,152496.0222231251
2024-10-30,316389.84530514013,-3494.1873704490135,151697.1574950622
2024-10-31,299402.5679385336,-16987.27736660652,147242.3586709638
2024-11-01,294820.9285885608,-4581.639349972829,145705.83586395087
2024-11-02,295244.0081293719,423.07954081112985,145300.7022381712
2024-11-03,284495.9334500589,-10748.074679312995,144151.20991259377
2024-11-04,297265.8857194339,12769.952269374975,142201.8043510457
2024-11-05,319378.4472666725,22112.561547238613,145448.0995138855
2024-11-06,369110.4531273029,49732.00586063042,158616.34309275757
2024-11-07,367093.8667839083,-2016.5863433946506,159173.69057745262
2024-11-08,386301.4746003093,19207.607816400996,160517.07495127714
2024-11-09,406117.6862933268,19816.21169301751,161006.4987830755
2024-11-10,451464.9584732983,45347.27217997151,168755.643921472
2024-11-11,493324.6076611866,41859.64918788831,186008.4155865943
2024-11-12,481820.16408839775,-11504.443572788849,184444.7298715971
2024-11-13,481865.7167933441,45.552704946370795,189956.42466667277
2024-11-14,475467.0734244892,-6398.643368854944,182965.5309578513
2024-11-15,520976.3282033251,45509.25477883592,190966.85863098945
2024-11-16,552566.5842826423,31590.256079317245,189902.5575729139
2024-11-17,534528.4616435228,-18038.12263911951,188408.17167744227
2024-11-18,549697.9396455936,15169.478002070799,189869.34936152425
2024-11-19,550137.718101733,439.77845613937825,193646.38612090083
2024-11-20,553171.4874064961,3033.76930476306,197831.4071369312
2024-11-21,590000.7347337486,36829.247327252524,206565.9694962837
2024-11-22,671633.6918147041,81632.9570809555,207599.6672298028
2024-11-23,676859.2780324684,5225.586217764299,205040.50517110995
2024-11-24,673992.9703552194,-2866.3076772489585,205536.5313261397
2024-11-25,643366.5665348974,-30626.40382032201,195236.9889998414
2024-11-26,641407.8790433558,-1958.687491541612,192894.671482813
2024-11-27,672232.6935253702,30824.814482014393,201234.94572005625
2024-11-28,670829.513220105,-1403.1803052652394,200584.73975378412
2024-11-29,714959.6419644299,44130.1287443249,204378.3560444515
2024-11-30,729599.8609683011,14640.2190038712,202255.1930630717
2024-12-01,773241.5697835665,43641.70881526545,203997.256185869
2024-12-02,887564.9094966925,114323.33971312596,201031.06008081377
2024-12-03,858641.4708374393,-28923.43865925318,201318.05635467876
2024-12-04,853929.4746570565,-4711.99618038279,207119.1720981561
2024-12-05,824026.0201254153,-29903.45453164121,202558.2446142736
2024-12-06,884202.1546131704,60176.13448775513,209535.3111250621
2024-12-07,885545.3092186771,1343.1546055066865,209540.8157915776
2024-12-08,899095.6459345251,13550.336715847952,212293.52585686033
2024-12-09,758222.069159759,-140873.5767747661,204317.95215920545
2024-12-10,767107.0094667327,8884.94030697376,202729.90501828992
2024-12-11,814285.233864617,47178.224397884216,212161.44662636027
2024-12-12,864629.4416411981,50344.20777658117,209791.75322317885
2024-12-13,871051.2191304833,6421.777489285218,212761.6682547193
2024-12-14,850386.2385951172,-20664.980535366107,212580.71872595805
2024-12-15,868300.9605421772,17914.721947059967,218716.01359914755
2024-12-16,859447.6682321534,-8853.292310023797,222345.99712446707
2024-12-17,851577.0334911137,-7870.634741039714,222578.52013593903
2024-12-18,780335.1634412524,-71241.87004986126,209788.689614136
2024-12-19,736240.3894432023,-44094.773998050136,204440.0705645822
2024-12-20,752067.3056039116,15826.916160709341,204995.73060686328
2024-12-21,725065.2401249695,-27002.065478942124,203881.78925253183
2024-12-22,723443.4267771979,-1621.8133477716474,199436.55806309133
2024-12-23,723443.4267771979,0.0,198558.54737093195
2024-12-24,723443.4267771979,0.0,206925.3291987171
2024-12-25,723443.4267771979,0.0,208231.9830298995
2024-12-26,723443.4267771979,0.0,200884.7113130071
2024-12-27,723443.4267771979,0.0,197465.1993672255
2024-12-28,723443.4267771979,0.0,199560.2656132657
2024-12-29,723443.4267771979,0.0,196134.36432242143
2024-12-30,723443.4267771979,0.0,194274.27852826187
2024-12-31,723443.4267771979,0.0,195922.5165762547
2025-01-01,723443.4267771979,0.0,197999.7254219917
2025-01-02,723443.4267771979,0.0,203173.3091827012
2025-01-03,723443.4267771979,0.0,205732.83166598732
2025-01-04,723443.4267771979,0.0,206002.92074984044
2025-01-05,723443.4267771979,0.0,206168.0279794335
2025-01-06,723443.4267771979,0.0,214059.36061987787
2025-01-07,723443.4267771979,0.0,203248.44132746343
2025-01-08,723443.4267771979,0.0,199307.77180273895
2025-01-09,723443.4267771979,0.0,193940.49258901505
2025-01-10,723443.4267771979,0.0,198590.44494743695
2025-01-11,723443.4267771977,-1.1641532182693481e-10,198307.64270520283
2025-01-12,703362.5354696622,-20080.89130753558,198143.74781287805
2025-01-13,708559.8216542951,5197.286184632918,198202.6444680067
2025-01-14,708559.8216542951,0.0,202433.4230244473
2025-01-15,833638.0433267709,125078.2216724758,210759.50963906423
2025-01-16,839874.6666833272,6236.623356556287,209191.81010473284
2025-01-17,881089.5352960702,41214.86861274298,219058.5480262494
2025-01-18,901463.09607018,20373.560774109792,218945.37470396035
2025-01-19,846197.0419797323,-55266.05409044761,211986.50963513236
2025-01-20,853969.7987876316,7772.756807899219,213930.55797658945
2025-01-21,881911.4061866474,27941.607399015804,222590.3977645811
2025-01-22,871962.1993191806,-9949.206867466797,217362.12776330984
2025-01-23,865628.1592850701,-6334.040034110425,218006.1245968159
2025-01-24,863504.3798796164,-2123.779405453708,219808.1164997136
2025-01-25,869673.1208976647,6168.741018048255,219588.27388075055
2025-01-26,830878.8521765427,-38794.268721121945,215326.82646800936
2025-01-27,825712.2830825222,-5166.569094020524,214079.4952482932
2025-01-28,798441.1536717365,-27271.12941078574,212495.80596836912
2025-01-29,813043.7084301813,14602.554758444778,217467.27344693043
2025-01-30,839381.0307498935,26337.322319712257,219631.59036368807
2025-01-31,831715.3862306813,-7665.64451921219,214744.95372803535
2025-02-01,770866.4705137662,-60848.91571691516,211077.02732280543
2025-02-02,704730.2240075562,-66136.24650620995,204855.32884484573
2025-02-03,748508.9617156332,43778.73770807695,212648.7734423432
2025-02-04,715480.1558758452,-33028.805839787936,205238.7550803485
2025-02-05,715480.1558758452,0.0,202604.11683523617
2025-02-06,715480.1558758452,0.0,202557.67121151157
2025-02-07,715480.1558758452,0.0,202423.0198600504
2025-02-08,715480.1558758452,0.0,202325.23011471983
2025-02-09,715480.1558758452,0.0,202362.22278433896
2025-02-10,715480.1558758452,0.0,204328.09319662536
2025-02-11,715480.1558758452,0.0,200783.8743415698
2025-02-12,715480.1558758452,0.0,205268.1952164448
2025-02-13,715480.1558758452,0.0,202621.7776403067
2025-02-14,715480.1558758452,0.0,204477.8496151321
2025-02-15,715480.1558758452,0.0,204627.54050189452
2025-02-16,715480.1558758452,0.0,201680.56158083535
2025-02-17,715480.1558758452,0.0,200838.29845515467
2025-02-18,715480.1558758452,0.0,200347.940796001
2025-02-19,715480.1558758452,0.0,202646.401193202
2025-02-20,715480.1558758452,0.0,206207.82213111853
2025-02-21,715480.1558758452,0.0,201576.79206384363
2025-02-22,715480.1558758452,0.0,202525.0855516921
2025-02-23,715480.1558758452,0.0,201887.93678545824
2025-02-24,715480.1558758452,0.0,191705.3522396784
2025-02-25,715480.1558758452,0.0,186081.1558226921
2025-02-26,715480.1558758452,0.0,176877.04213297964
2025-02-27,715480.1558758452,0.0,177626.10273542607
2025-02-28,715480.1558758452,0.0,176931.53177830874
2025-03-01,715480.1558758452,0.0,180410.28442087633
2025-03-02,715480.1558758452,0.0,197640.28380487792
2025-03-03,715480.1558758452,0.0,180481.0750875832
2025-03-04,715480.1558758452,0.0,182906.3230269375
2025-03-05,715480.1558758452,0.0,190039.04381321356
2025-03-06,715480.1558758452,0.0,188651.16338505535
2025-03-07,715480.1558758452,0.0,181900.75479463008
2025-03-08,715480.1558758452,0.0,180667.54566579597
2025-03-09,715480.1558758452,0.0,169021.65365424665
2025-03-10,715480.1558758452,0.0,164682.8460174393
2025-03-11,715480.1558758452,0.0,173763.36683752976
2025-03-12,715480.1558758452,0.0,175567.11171458566
2025-03-13,715480.1558758452,0.0,169998.15855798707
2025-03-14,715480.1558758452,0.0,176084.53398410723
2025-03-15,715480.1558758452,0.0,176868.83428201455
2025-03-16,715480.1558758452,0.0,173170.9107208623
2025-03-17,715480.1558758452,0.0,176308.04638074728
2025-03-18,715480.1558758452,0.0,173462.00272874182
2025-03-19,715480.1558758452,0.0,182134.68673860305
2025-03-20,715480.1558758452,0.0,176499.9397107953
2025-03-21,715480.1558758452,0.0,176240.00804729818
2025-03-22,715480.1558758452,0.0,175798.04558126003
2025-03-23,715480.1558758452,0.0,180457.3853620432
2025-03-24,715480.1558758452,0.0,183486.60662211385
2025-03-25,715480.1558758452,0.0,183429.5448558236
2025-03-26,715480.1558758452,0.0,182232.52563274177
2025-03-27,715480.1558758452,0.0,182811.7607200104
2025-03-28,715480.1558758452,0.0,176889.88635484915
2025-03-29,715480.1558758452,0.0,173208.4440273713
2025-03-30,715480.1558758452,0.0,172656.79780442445
2025-03-31,715480.1558758452,0.0,173106.37833572962
2025-04-01,715480.1558758452,0.0,178601.10040904913
2025-04-02,715480.1558758452,0.0,172973.84038301994
2025-04-03,715480.1558758452,0.0,174267.94488518185
2025-04-04,715480.1558758452,0.0,175821.78445560814
2025-04-05,715480.1558758452,0.0,175110.8797112409
2025-04-06,715480.1558758452,0.0,164017.0107301678
2025-04-07,715480.1558758452,0.0,166157.75260193791
2025-04-08,715480.1558758452,0.0,159943.49197694854
2025-04-09,715480.1558758452,0.0,173158.88564579567
2025-04-10,715480.1558758452,0.0,166977.27621237002
2025-04-11,715480.1558758452,0.0,174901.26004437808
2025-04-12,715480.1558758452,0.0,178848.41721178155
2025-04-13,715480.1558758452,0.0,175488.71936554788
2025-04-14,715480.1558758452,0.0,177286.73021498343
2025-04-15,715480.1558758452,0.0,175455.1998783731
2025-04-16,715480.1558758452,0.0,176220.34852402852
2025-04-17,715480.1558758452,0.0,178027.7304128893
2025-04-18,715480.1558758452,0.0,177094.67305557485
2025-04-19,715480.1558758452,0.0,178379.32460363125
2025-04-20,715480.1558758452,0.0,178611.86399803928
2025-04-21,715480.1558758452,0.0,183528.5305554864
2025-04-22,715480.1558758453,1.1641532182693481e-10,195949.122464413
2025-04-23,724538.2181093463,9058.062233500998,196488.5142511884
2025-04-24,728515.6584392877,3977.440329941339,197001.6278085267
2025-04-25,726558.143998567,-1957.514440720668,198630.38654554653
2025-04-26,733835.3505390877,7277.206540520652,198476.10843668785
2025-04-27,712775.1913832265,-21060.159155861125,196605.39011702657
2025-04-28,720204.3590996882,7429.1677164616995,199171.9408798816
2025-04-29,704641.8180855615,-15562.541014126735,197716.69381865268
2025-04-30,690450.8912614657,-14190.926824095775,197554.22424176495
2025-05-01,706222.2764544832,15771.385193017428,202345.9545288333
2025-05-02,699124.5237957819,-7097.752658701269,203221.95011985756
2025-05-03,689399.5605365175,-9724.963259264361,201086.61461698663
2025-05-04,675919.6179789873,-13479.942557530245,197782.09449939645
2025-05-05,684532.7898293296,8613.171850342304,198688.16916102328
2025-05-06,686580.9659742196,2048.1761448900215,202996.32432446603
2025-05-07,684910.7633652466,-1670.2026089730207,203478.310303294
2025-05-08,803401.5352110886,118490.77184584201,216498.9763941551
2025-05-09,829715.8303075236,26314.295096435002,215931.50425497617
2025-05-10,914688.1495150708,84972.31920754723,219549.85589569443
2025-05-11,879276.0723992242,-35412.07711584668,218312.6820963343
2025-05-12,877221.5620019834,-2054.5103972407524,215600.3887343068
2025-05-13,916713.86236783,39492.300365846604,218445.7443029978
2025-05-14,875325.006486835,-41388.85588099505,217123.7888095372
2025-05-15,833008.9936434211,-42316.01284341386,217554.1521568463
2025-05-16,831041.2670490994,-1967.7265943216626,217018.6758917887
2025-05-17,813668.2005735933,-17373.066475506173,216393.33922245275
2025-05-18,851531.8717010706,37863.67112747731,223218.96187232056
2025-05-19,833993.3312502465,-17538.540450824075,221457.8290119517
2025-05-20,838578.5094957179,4585.178245471441,223942.5961580049
2025-05-21,859331.6198265777,20753.11033085978,229996.66443421855
2025-05-22,887179.1073711459,27847.48754456814,234180.63694234125
2025-05-23,839419.2657905236,-47759.84158062225,224984.20684964003
2025-05-24,840898.641058225,1479.37526770134,226039.75941986055
2025-05-25,845946.8369727728,5048.19591454789,228648.93858233868
2025-05-26,847198.8056392375,1251.9686664646724,229498.1808387801
2025-05-27,857835.4078880961,10636.602248858544,228563.48518785983
2025-05-28,856449.4945400137,-1385.9133480823366,226063.1870184236
2025-05-29,826377.390192089,-30072.104347924702,221532.4369027601
2025-05-30,795165.2019732993,-31212.188218789757,218086.6467275413
2025-05-31,795165.2019732993,0.0,219427.7374903177
2025-06-01,795165.2019732993,0.0,221554.12791010097
2025-06-02,795165.2019732993,0.0,222035.24559331787
2025-06-03,795165.2019732993,0.0,221093.5544287008
2025-06-04,795165.2019732993,0.0,219624.6276158634
2025-06-05,795165.2019732993,0.0,213006.38017061845
2025-06-06,795165.2019732993,0.0,218908.20182204465
2025-06-07,795165.2019732993,0.0,221477.63598164587
2025-06-08,795165.2019732993,0.0,221850.9539456008
2025-06-09,795165.2019732993,0.0,231288.4753253323
2025-06-10,795165.2019732993,0.0,231211.1642500744
2025-06-11,782645.9238514344,-12519.278121864889,227917.57155083495
2025-06-12,782645.9238514344,0.0,222134.90299335905
2025-06-13,782645.9238514344,0.0,222474.43934316223
2025-06-14,782645.9238514344,0.0,221177.3039978296
2025-06-15,782645.9238514344,0.0,221344.26249919724
2025-06-16,782645.9238514344,0.0,223954.49016958303
2025-06-17,782645.9238514344,0.0,219350.1970539549
2025-06-18,782645.9238514344,0.0,219941.99785318007
2025-06-19,782645.9238514344,0.0,219524.60979122896
2025-06-20,782645.9238514344,0.0,216641.86836245345
2025-06-21,782645.9238514344,0.0,214435.39815121843
2025-06-22,782645.9238514344,0.0,211771.6310457949
2025-06-23,782645.9238514344,0.0,221398.2606564446
2025-06-24,782645.9238514344,0.0,222379.36916521733
2025-06-25,782645.9238514344,0.0,225138.25559739393
2025-06-26,782645.9238514344,0.0,224296.81161851613
2025-06-27,782645.9238514344,0.0,224566.13070437452
2025-06-28,782645.9238514344,0.0,225067.89088702455
2025-06-29,782645.9238514344,0.0,227286.25510983777
2025-06-30,782645.9238514344,0.0,224664.49385246707
2025-07-01,782645.9238514344,0.0,221650.9674451401
2025-07-02,782645.9238514344,0.0,228279.71635239827
2025-07-03,782645.9238514344,0.0,229933.54098158688
2025-07-04,782645.9238514344,0.0,226549.7110705397
2025-07-05,782645.9238514344,0.0,226962.4955274585
2025-07-06,782645.9238514344,0.0,229061.37899760023
2025-07-07,782645.9238514344,0.0,227106.5015354088
2025-07-08,782645.9238514344,0.0,228470.44649398615
2025-07-09,782645.9238514344,0.0,233453.54585714865
2025-07-10,828835.9684803684,46190.044628934,243226.99934075063
2025-07-11,846613.7291492255,17777.76066885714,246434.9911990867
2025-07-12,840224.8691016461,-6388.860047579394,246263.52739030315
2025-07-13,856897.4371214276,16672.568019781495,249788.3816149381
2025-07-14,866377.3136809389,9479.876559511293,251326.7229278535
2025-07-15,888040.3965036575,21663.08282271854,246980.6248845003
2025-07-16,913643.9295758996,25603.533072242164,248996.528783508
2025-07-17,967590.2794449604,53946.349869060796,250152.6889640611
2025-07-18,961429.9510200896,-6160.328424870851,247454.632373468
2025-07-19,975806.20601619,14376.25499610044,247321.996123142
2025-07-20,1028537.651586298,52731.445570108015,245981.6098266161
2025-07-21,1042293.5709152976,13755.91932899959,246272.5707710072
2025-07-22,1042879.9435108788,586.372595581226,251632.28106827228
2025-07-23,956004.3853758764,-86875.55813500239,249031.03124684628
2025-07-24,946056.0143621942,-9948.37101368222,248219.5680409547
2025-07-25,956591.6810586076,10535.66669641342,246684.30672001824
2025-07-26,960123.7674699492,3532.086411341559,247337.49438065293
2025-07-27,987075.5542944868,26951.786824537558,250485.377246592
2025-07-28,944361.9917065224,-42713.56258796435,247289.4923780028
2025-07-29,927682.9996907128,-16678.992015809636,247284.61026305752
2025-07-30,912817.7964693396,-14865.203221373144,247093.8637385336
2025-07-31,884083.3594583997,-28734.43701093993,242746.78271901692
2025-08-01,848721.5861732597,-35361.77328514005,237634.0124169549
2025-08-02,825788.5493483292,-22933.03682493046,235970.71845072473
2025-08-03,850550.9647841583,24762.415435829083,239516.264323601
2025-08-04,904552.3184204936,54001.35363633535,241307.55816925276
2025-08-05,883493.7057401049,-21058.61268038873,239356.41601648257
2025-08-06,883493.7057401049,0.0,241215.53521741467
2025-08-07,883493.7057401049,0.0,246392.85428754543
2025-08-08,905680.5408671504,22186.835127045517,244698.10508408377
2025-08-09,962398.912516638,56718.37164948764,244303.096112788
2025-08-10,961264.3320349628,-1134.5804816752207,250188.1580206268
2025-08-11,936792.54767341,-24471.784361552796,248981.71860931153
2025-08-12,1017867.4304829089,81074.88280949881,252004.48499257525
2025-08-13,1029681.2904598934,11813.85997698456,258654.4498020286
2025-08-14,975111.5398193004,-54569.750640593,248201.90723588417
2025-08-15,964182.1807713124,-10929.359047987964,246186.1999321091
2025-08-16,967475.3294149864,3293.1486436739797,246381.2224029442
2025-08-17,1027813.9345521298,60338.6051371434,246300.92963332369
2025-08-18,1004185.0420349456,-23628.892517184257,243782.93789294473
2025-08-19,928959.9091263324,-75225.13290861319,236608.76827844177
2025-08-20,1004749.215034298,75789.30590796564,239635.9416715051
2025-08-21,966126.233496953,-38622.98153734498,235744.48648669905
2025-08-22,1057327.777150358,91201.54365340504,245086.8066249972
2025-08-23,1046978.3843608404,-10349.392789517646,241941.7907728683
2025-08-24,1035199.8558412564,-11778.528519583982,237924.12144867095
2025-08-25,954187.7161371916,-81012.13970406482,230932.50689066292
2025-08-26,976612.0687874364,22424.35265024472,234451.93836346263
2025-08-27,969694.8074900076,-6917.261297428748,233234.42408737217
2025-08-28,981324.499816334,11629.692326326389,236008.23537429768
2025-08-29,942247.2806693512,-39077.21914698277,227339.2375250495
2025-08-30,940173.3859818676,-2073.8946874836693,228172.2442918574
2025-08-31,938777.0374800252,-1396.3485018423526,226974.09464618756
2025-09-01,930806.9928708384,-7970.044609186822,229100.2229389939
2025-09-02,930806.9928708384,0.0,233189.38739614855
2025-09-03,930806.9928708384,0.0,234285.34028668827
2025-09-04,930806.9928708384,0.0,232189.14361806
2025-09-05,930806.9928708384,0.0,232036.8642274004
2025-09-06,930806.9928708384,0.0,231142.92932139256
2025-09-07,930806.9928708384,0.0,233120.2514059836
2025-09-08,930806.9928708384,0.0,235015.56051266793
2025-09-09,941867.1550741016,11060.162203263259,233881.32070056055
2025-09-10,1001373.6840534752,59506.528979373514,238966.1908625157
2025-09-11,1019085.1929019606,17711.50884848542,242221.1362155942
2025-09-12,1046151.7352588476,27066.542356887017,243466.84552464055
2025-09-13,1076944.276371413,30792.54111256532,243150.04869008597
2025-09-14,1051299.2951924314,-25644.981178981485,242011.68037809196
2025-09-15,1032630.216468536,-18669.07872389548,242089.72868547257
2025-09-16,1041736.0931731224,9105.876704586437,245022.0121128876
2025-09-17,1083859.2952185872,42123.20204546477,244236.3028824793
2025-09-18,1109413.5661578353,25554.27093924815,245638.56752849647
2025-09-19,1071771.5235557684,-37642.04260206688,242601.3677785656
2025-09-20,1088319.160674681,16547.637118912535,242670.7822786436
2025-09-21,1071894.820934021,-16424.33974066004,241798.70220933724
2025-09-22,1015196.7202125842,-56698.10072143667,236435.4040490754
2025-09-23,1018296.7511801044,3100.0309675202006,234896.17805761288
2025-09-24,1010375.28731549,-7921.463864614489,237651.9353490024
2025-09-25,971710.7612602644,-38664.52605522552,228678.08382558596
2025-09-26,974759.2882371524,3048.5269768879516,230069.5357338048
2025-09-27,976324.4715507895,1565.183313637157,230004.7739875673
2025-09-28,976324.4715507895,0.0,235122.95065852848
2025-09-29,976324.4715507895,0.0,239899.41204919075
2025-09-30,959916.6889947958,-16407.782555993763,239177.41605711225
2025-10-01,976868.6401134424,16951.951118646655,248808.68203866636
2025-10-02,1036901.3815168015,60032.741403359105,253070.5062589369
2025-10-03,1131221.968586993,94320.5870701914,256394.84972915731
2025-10-04,1094462.5173259247,-36759.45126106823,256728.0622656421
2025-10-05,1110279.0677650338,15816.550439109094,259009.71377044753
2025-10-06,1163359.1447347675,53080.076969733695,261608.0310463191
2025-10-07,1240625.3237890797,77266.17905431218,254685.4705637958
2025-10-08,1243450.0474694257,2824.72368034604,258677.10740259688
2025-10-09,1193946.0516573016,-49503.99581212411,255218.53853725284
2025-10-10,1048544.113525553,-145401.93813174858,237412.31852621728
2025-10-11,1079549.4980303608,31005.384504807764,232365.8827322543
2025-10-12,1238932.3917517003,159382.89372133953,241512.81997512415
2025-10-13,1231228.5998962114,-7703.791855488904,241725.273889925
2025-10-14,1149406.721707604,-81821.87818860752,237211.6275595061
2025-10-15,1105704.346922453,-43702.37478515087,232314.04712256664
2025-10-16,1105704.346922453,0.0,226867.834922915
2025-10-17,1105704.346922453,0.0,223264.63749805043
2025-10-18,1105704.346922453,0.0,224796.45840241472
2025-10-19,1105704.346922453,0.0,227875.81144682295
2025-10-20,1105704.346922453,0.0,231906.73456629127
2025-10-21,1105704.346922453,0.0,227477.7552494204
2025-10-22,1105704.346922453,0.0,225824.66785235435
2025-10-23,1105704.346922453,0.0,230817.957401745
2025-10-24,1105704.346922453,0.0,232839.89022122207
2025-10-25,1105704.346922453,0.0,234114.46626360275
2025-10-26,1105704.346922453,0.0,240050.52825139023
2025-10-27,1105704.346922453,0.0,239310.03592450215
2025-10-28,1105704.346922453,0.0,236870.86248949857
2025-10-29,1105704.346922453,0.0,230787.7145017818
2025-10-30,1105704.346922453,0.0,227118.4446957951
2025-10-31,1105704.346922453,0.0,229741.00871703264
2025-11-01,1105704.346922453,0.0,230805.98147548657
2025-11-02,1105704.346922453,0.0,232013.04343837197
2025-11-03,1105704.346922453,0.0,223431.84174345896
2025-11-04,1105704.346922453,0.0,213036.93434636673
2025-11-05,1105704.346922453,0.0,217862.82305511617
2025-11-06,1105704.346922453,0.0,212430.40528762536
2025-11-07,1105704.346922453,0.0,216773.57078542415
2025-11-08,1105704.346922453,0.0,214487.21737797005
2025-11-09,1105704.346922453,0.0,219598.74257689167
2025-11-10,1105704.346922453,0.0,222276.53347558092
2025-11-11,1105704.346922453,0.0,215987.32091812592
2025-11-12,1105704.346922453,0.0,213189.3120346427
2025-11-13,1105704.346922453,0.0,209067.21787601133
2025-11-14,1105704.346922453,0.0,197953.6566057964
2025-11-15,1105704.346922453,0.0,200368.0754244163
2025-11-16,1105704.346922453,0.0,197490.82227922027
2025-11-17,1105704.346922453,0.0,193122.31237933968
2025-11-18,1105704.346922453,0.0,194915.2609015333
2025-11-19,1105704.346922453,0.0,191805.63219128977
2025-11-20,1105704.346922453,0.0,181668.4611442629
2025-11-21,1105704.346922453,0.0,178436.51743340993
2025-11-22,1105704.346922453,0.0,177508.94835967492
2025-11-23,1105704.346922453,0.0,182031.4742414373
2025-11-24,1105704.346922453,0.0,185104.76559950403
2025-11-25,1105704.346922453,0.0,183157.32599028296
2025-11-26,1105704.346922453,0.0,189818.44757919185
2025-11-27,1105704.346922453,0.0,191426.8750925636
2025-11-28,1105704.346922453,0.0,190659.13794301095
2025-11-29,1105704.346922453,0.0,190517.5729925333
2025-11-30,1105704.346922453,0.0,189558.30293752596
2025-12-01,1105704.346922453,0.0,181017.6981581648
2025-12-02,1105704.346922453,0.0,191562.82069597335
2025-12-03,1105704.346922453,0.0,196129.28561224343
2025-12-04,1105704.346922453,0.0,193222.4448845265
2025-12-05,1105704.346922453,0.0,187447.5418387421
2025-12-06,1105704.346922453,0.0,187205.58225610064
2025-12-07,1105704.346922453,0.0,189582.05819481015
2025-12-08,1105704.346922453,0.0,190073.9394670172
2025-12-09,1105704.346922453,0.0,194375.98379531028
2025-12-10,1105704.346922453,0.0,192969.37767123771
2025-12-11,1105704.346922453,0.0,193997.7345676019
2025-12-12,1105704.346922453,0.0,189298.4859545813
2025-12-13,1105704.346922453,0.0,189357.82494898353
2025-12-14,1105704.346922453,0.0,184904.7463331713
2025-12-15,1105704.346922453,0.0,181223.6480473506
2025-12-16,1105704.346922453,0.0,184210.22452486207
2025-12-17,1105704.346922453,0.0,180644.82253348344
2025-12-18,1105704.346922453,0.0,179216.23050922097
2025-12-19,1105704.346922453,0.0,184754.18715079772
2025-12-20,1105704.346922453,0.0,185258.76519844975
2025-12-21,1105704.346922453,0.0,185841.2113411858
2025-12-22,1105704.346922453,0.0,185564.96227337484
2025-12-23,1105704.346922453,0.0,183308.5404900988
2025-12-24,1105704.346922453,0.0,183723.66770687388
2025-12-25,1105704.346922453,0.0,182932.63402224673
2025-12-26,1105704.346922453,0.0,183072.47876443827
2025-12-27,1105704.346922453,0.0,184122.51028520725
2025-12-28,1105704.346922453,0.0,184193.1371225535
2025-12-29,1105704.346922453,0.0,182730.05901788885
2025-12-30,1105704.346922453,0.0,185439.38706848983
2025-12-31,1105704.346922453,0.0,183507.3965679715
