date,us_total,us_pnl,us_benchmark
2022-01-03,100000.0,0.0,100000.0
2022-01-04,100000.0,0.0,99966.5091830618
2022-01-05,100000.0,0.0,98046.9498165873
2022-01-06,100000.0,0.0,97954.8450048504
2022-01-07,100000.0,0.0,97567.5563603377
2022-01-08,,0.0,
2022-01-09,,0.0,
2022-01-10,100000.0,0.0,97446.16143505753
2022-01-11,100000.0,0.0,98333.72548903077
2022-01-12,100000.0,0.0,98599.57193346626
2022-01-13,100000.0,0.0,97241.02258357576
2022-01-14,100000.0,0.0,97280.78744143664
2022-01-15,,0.0,
2022-01-16,,0.0,
2022-01-17,,0.0,
2022-01-18,100000.0,0.0,95557.97902673887
2022-01-19,100000.0,0.0,94565.73506501364
2022-01-20,100000.0,0.0,93519.09131896954
2022-01-21,100000.0,0.0,91683.25561806936
2022-01-22,,0.0,
2022-01-23,,0.0,
2022-01-24,100000.0,0.0,92072.60409302491
2022-01-25,100000.0,0.0,90948.49046170188
2022-01-26,100000.0,0.0,90720.32203051468
2022-01-27,100000.0,0.0,90272.34605367552
2022-01-28,100000.0,0.0,92514.29927539892
2022-01-29,,0.0,
2022-01-30,,0.0,
2022-01-31,100000.0,0.0,94180.56703282573
2022-02-01,100000.0,0.0,94816.96009007606
2022-02-02,100000.0,0.0,95738.00145390262
2022-02-03,100000.0,0.0,93487.69410018636
2022-02-04,100000.0,0.0,93927.28217732046
2022-02-05,,0.0,
2022-02-06,,0.0,
2022-02-07,100000.0,0.0,93625.84456424927
2022-02-08,100000.0,0.0,94396.20088925245
2022-02-09,100000.0,0.0,95777.7798188484
2022-02-10,100000.0,0.0,94057.07850939051
2022-02-11,100000.0,0.0,92202.39367155252
2022-02-12,,0.0,
2022-02-13,,0.0,
2022-02-14,100000.0,0.0,91900.94255139648
2022-02-15,100000.0,0.0,93383.02769951924
2022-02-16,100000.0,0.0,93487.69410018636
2022-02-17,100000.0,0.0,91490.6580948905
2022-02-18,100000.0,0.0,90898.25761306578
2022-02-19,,0.0,
2022-02-20,,0.0,
2022-02-21,,0.0,
2022-02-22,100000.0,0.0,89922.76919012329
2022-02-23,100000.0,0.0,88327.66350934056
2022-02-24,100000.0,0.0,89656.90248506049
2022-02-25,100000.0,0.0,91635.11636758829
2022-02-26,,0.0,
2022-02-27,,0.0,
2022-02-28,100000.0,0.0,91400.64688130864
2022-03-01,100000.0,0.0,90008.58645385264
2022-03-02,100000.0,0.0,91664.3997275891
2022-03-03,100000.0,0.0,91208.04935812982
2022-03-04,100000.0,0.0,90467.02366792454
2022-03-05,,0.0,
2022-03-06,,0.0,
2022-03-07,100000.0,0.0,87800.14430969476
2022-03-08,100000.0,0.0,87134.46113890118
2022-03-09,100000.0,0.0,89470.61277051653
2022-03-10,100000.0,0.0,89066.5956013908
2022-03-11,100000.0,0.0,87934.10757744759
2022-03-12,,0.0,
2022-03-13,,0.0,
2022-03-14,100000.0,0.0,87291.4607399019
2022-03-15,100000.0,0.0,89211.03361346126
2022-03-16,100000.0,0.0,91189.22048181931
2022-03-17,100000.0,0.0,92330.09640546756
2022-03-18,100000.0,0.0,93341.35158914904
2022-03-19,,0.0,
2022-03-20,,0.0,
2022-03-21,100000.0,0.0,93314.06727770918
2022-03-22,100000.0,0.0,94405.96651161432
2022-03-23,100000.0,0.0,93190.1667881854
2022-03-24,100000.0,0.0,94594.94413604768
2022-03-25,100000.0,0.0,95056.9134528134
2022-03-26,,0.0,
2022-03-27,,0.0,
2022-03-28,100000.0,0.0,95733.0511072973
2022-03-29,100000.0,0.0,96917.3455552641
2022-03-30,100000.0,0.0,96318.90740650192
2022-03-31,100000.0,0.0,94836.43730646036
2022-04-01,100000.0,0.0,95105.20803477048
2022-04-02,,0.0,
2022-04-03,,0.0,
2022-04-04,100000.0,0.0,95919.94864066048
2022-04-05,100000.0,0.0,94708.34286708408
2022-04-06,100000.0,0.0,93761.30711842282
2022-04-07,100000.0,0.0,94233.7714401335
2022-04-08,100000.0,0.0,93981.79677186075
2022-04-09,,0.0,
2022-04-10,,0.0,
2022-04-11,100000.0,0.0,92375.4261822954
2022-04-12,100000.0,0.0,92033.17015874336
2022-04-13,100000.0,0.0,93087.27656917884
2022-04-14,100000.0,0.0,91928.17958803932
2022-04-15,,0.0,
2022-04-16,,0.0,
2022-04-17,,0.0,
2022-04-18,100000.0,0.0,91965.972411509
2022-04-19,100000.0,0.0,93450.54286324806
2022-04-20,100000.0,0.0,93381.24476431624
2022-04-21,100000.0,0.0,91984.86882324386
2022-04-22,100000.0,0.0,89460.87416232437
2022-04-23,,0.0,
2022-04-24,,0.0,
2022-04-25,100000.0,0.0,89979.53946783706
2022-04-26,100000.0,0.0,87373.65810488575
2022-04-27,100000.0,0.0,87619.33171806607
2022-04-28,100000.0,0.0,89832.54861672592
2022-04-29,100000.0,0.0,86512.7502829059
2022-04-30,,0.0,
2022-05-01,,0.0,
2022-05-02,100000.0,0.0,87033.48217240389
2022-05-03,100000.0,0.0,87432.45444533021
2022-05-04,100000.0,0.0,90095.01828994363
2022-05-05,100000.0,0.0,86892.79912992762
2022-05-06,100000.0,0.0,86374.14057795735
2022-05-07,,0.0,
2022-05-08,,0.0,
2022-05-09,100000.0,0.0,83608.67976079494
2022-05-10,100000.0,0.0,83801.8715957081
2022-05-11,100000.0,0.0,82470.56603600287
2022-05-12,100000.0,0.0,82384.4786305761
2022-05-13,100000.0,0.0,84354.11551421067
2022-05-14,,0.0,
2022-05-15,,0.0,
2022-05-16,100000.0,0.0,84011.84598357376
2022-05-17,100000.0,0.0,85739.99645033809
2022-05-18,100000.0,0.0,82283.67525618212
2022-05-19,100000.0,0.0,81779.72591963662
2022-05-20,100000.0,0.0,81815.43189849371
2022-05-21,,0.0,
2022-05-22,,0.0,
2022-05-23,100000.0,0.0,83346.21008757723
2022-05-24,100000.0,0.0,82709.95885471808
2022-05-25,100000.0,0.0,83440.6786391666
2022-05-26,100000.0,0.0,85107.94592087387
2022-05-27,100000.0,0.0,87197.27583709483
2022-05-28,,0.0,
2022-05-29,,0.0,
2022-05-30,,0.0,
2022-05-31,100000.0,0.0,86708.0154553468
2022-06-01,100000.0,0.0,86006.66682695074
2022-06-02,100000.0,0.0,87644.53593843579
2022-06-03,100000.0,0.0,86206.15971695633
2022-06-04,,0.0,
2022-06-05,,0.0,
2022-06-06,100000.0,0.0,86468.64289725889
2022-06-07,100000.0,0.0,87298.06570440393
2022-06-08,100000.0,0.0,86348.94986467253
2022-06-09,100000.0,0.0,84295.31242022378
2022-06-10,100000.0,0.0,81851.12437026594
2022-06-11,,0.0,
2022-06-12,,0.0,
2022-06-13,100000.0,0.0,78743.3940224666
2022-06-14,100000.0,0.0,78506.09480190644
2022-06-15,100000.0,0.0,79625.32562204853
2022-06-16,100000.0,0.0,76990.03933533256
2022-06-17,100000.0,0.0,77156.00088714533
2022-06-18,,0.0,
2022-06-19,,0.0,
2022-06-20,,0.0,
2022-06-21,100000.0,0.0,79098.28592391567
2022-06-22,100000.0,0.0,78954.89471092272
2022-06-23,100000.0,0.0,79728.85067404406
2022-06-24,100000.0,0.0,82263.74555245462
2022-06-25,,0.0,
2022-06-26,,0.0,
2022-06-27,100000.0,0.0,81949.53023709526
2022-06-28,100000.0,0.0,80275.05017206675
2022-06-29,100000.0,0.0,80209.68263483244
2022-06-30,100000.0,0.0,79558.04683230496
2022-07-01,100000.0,0.0,80399.49094498537
2022-07-02,,0.0,
2022-07-03,,0.0,
2022-07-04,,0.0,
2022-07-05,100000.0,0.0,80551.32408602284
2022-07-06,100000.0,0.0,80823.35002178693
2022-07-07,100000.0,0.0,82033.87522857364
2022-07-08,100000.0,0.0,81966.38032547213
2022-07-09,,0.0,
2022-07-10,,0.0,
2022-07-11,100000.0,0.0,81030.04218802888
2022-07-12,100000.0,0.0,80313.01183409734
2022-07-13,100000.0,0.0,79891.2396019084
2022-07-14,100000.0,0.0,79697.2103277332
2022-07-15,100000.0,0.0,81219.84374463938
2022-07-16,,0.0,
2022-07-17,,0.0,
2022-07-18,100000.0,0.0,80549.21698078293
2022-07-19,100000.0,0.0,82725.59330545651
2022-07-20,100000.0,0.0,83252.82210277757
2022-07-21,100000.0,0.0,84100.58753117773
2022-07-22,100000.0,0.0,83320.30349879422
2022-07-23,,0.0,
2022-07-24,,0.0,
2022-07-25,100000.0,0.0,83421.51883927676
2022-07-26,100000.0,0.0,82434.57640836349
2022-07-27,100000.0,0.0,84575.09817624639
2022-07-28,100000.0,0.0,85635.86357952336
2022-07-29,100000.0,0.0,86884.3369412558
2022-07-30,,0.0,
2022-07-31,,0.0,
2022-08-01,100984.22795934691,0.0,86627.04723508623
2022-08-02,101227.99622203522,243.76826268830337,86055.51519938753
2022-08-03,103098.27575283613,1870.279530800908,87403.11030344747
2022-08-04,105495.95795527476,2397.6822024386347,87344.07758901776
2022-08-05,103002.93970435484,-2493.018250919922,87196.45865846012
2022-08-06,,0.0,
2022-08-07,,0.0,
2022-08-08,101816.95568069466,0.0,87095.2298108927
2022-08-09,99079.94868581004,-2737.0069948846212,86749.3741492225
2022-08-10,103662.452218829,4582.503533018957,88571.43937709647
2022-08-11,102331.26362763304,-1331.1885911959544,88571.43937709647
2022-08-12,105704.1968057524,3372.9331781193614,90070.86762219388
2022-08-13,,0.0,
2022-08-14,,0.0,
2022-08-15,106690.91372538044,0.0,90442.02880737033
2022-08-16,106103.6252945802,-587.2884308002394,90619.18097899892
2022-08-17,104916.37454442408,-1187.2507501561195,89975.96684388861
2022-08-18,105086.98833991836,170.61379549428239,90237.47076053802
2022-08-19,102238.03701034177,-2848.9513295765937,89024.86546268113
2022-08-20,,0.0,
2022-08-21,,0.0,
2022-08-22,99226.57322318552,0.0,87171.13962786901
2022-08-23,99226.5732231855,-1.4551915228366852e-11,86960.2467582321
2022-08-24,99401.79981698107,175.22659379556717,87238.62777742809
2022-08-25,101961.28152456808,2559.4817075870087,88470.22403661392
2022-08-26,97159.78837688988,-4801.493147678208,85475.59526398382
2022-08-27,,0.0,
2022-08-28,,0.0,
2022-08-29,97159.78837688988,0.0,84910.41155817462
2022-08-30,97159.78837688988,0.0,83978.28087766876
2022-08-31,97159.78837688988,0.0,83339.2809530383
2022-09-01,97159.78837688988,0.0,83600.79162323014
2022-09-02,97159.78837688988,0.0,82719.2584826519
2022-09-03,,0.0,
2022-09-04,,0.0,
2022-09-05,,0.0,
2022-09-06,97159.78837688988,0.0,82407.14351899001
2022-09-07,97159.78837688988,0.0,83887.59430984333
2022-09-08,97159.78837688988,0.0,84435.90766664839
2022-09-09,97159.78837688988,0.0,85747.62795329034
2022-09-10,,0.0,
2022-09-11,,0.0,
2022-09-12,97159.78837688988,0.0,86669.22310759663
2022-09-13,97159.78837688988,0.0,82900.6248647603
2022-09-14,97159.78837688988,0.0,83216.96079244446
2022-09-15,97159.78837688988,0.0,82272.17397341428
2022-09-16,97159.78837688988,0.0,81644.52675361808
2022-09-17,,0.0,
2022-09-18,,0.0,
2022-09-19,97159.78837688988,0.0,82277.69161758418
2022-09-20,97159.78837688988,0.0,81333.2492292182
2022-09-21,97159.78837688988,0.0,79914.49880205664
2022-09-22,97159.78837688988,0.0,79243.22369812637
2022-09-23,97159.78837688988,0.0,77915.5110229969
2022-09-24,,0.0,
2022-09-25,,0.0,
2022-09-26,97159.78837688988,0.0,77144.7292248203
2022-09-27,97159.78837688988,0.0,76947.7959273978
2022-09-28,97159.78837688988,0.0,78461.85234541075
2022-09-29,97159.78837688988,0.0,76822.85539233894
2022-09-30,97159.78837688988,0.0,75634.91403145692
2022-10-01,,0.0,
2022-10-02,,0.0,
2022-10-03,97159.78837688988,0.0,77631.76769110702
2022-10-04,97159.78837688988,0.0,80037.31197124829
2022-10-05,97159.78837688988,0.0,79850.96822836483
2022-10-06,97159.78837688988,0.0,79027.23190395058
2022-10-07,97159.78837688988,0.0,76822.85539233894
2022-10-08,,0.0,
2022-10-09,,0.0,
2022-10-10,97159.78837688988,0.0,76236.29672472102
2022-10-11,97159.78837688988,0.0,75753.48597599899
2022-10-12,97159.78837688988,0.0,75503.62516650859
2022-10-13,97159.78837688988,0.0,77496.23760150913
2022-10-14,97159.78837688988,0.0,75730.19300813855
2022-10-15,,0.0,
2022-10-16,,0.0,
2022-10-17,97159.78837688988,0.0,77676.22626096066
2022-10-18,97159.78837688988,0.0,78588.8999857095
2022-10-19,97159.78837688988,0.0,78031.9826158415
2022-10-20,97159.78837688988,0.0,77377.66565696706
2022-10-21,97159.78837688988,0.0,79258.05447731499
2022-10-22,,0.0,
2022-10-23,,0.0,
2022-10-24,97159.78837688988,0.0,80227.876678154
2022-10-25,97159.78837688988,0.0,81509.01692464748
2022-10-26,97159.78837688988,0.0,80894.91055743469
2022-10-27,97159.78837688988,0.0,80462.95398325284
2022-10-28,97159.78837688988,0.0,82377.19155828806
2022-10-29,,0.0,
2022-10-30,,0.0,
2022-10-31,97159.78837688988,0.0,81782.18420908319
2022-11-01,97159.78837688988,0.0,81424.30724187758
2022-11-02,97159.78837688988,0.0,79380.86089296419
2022-11-03,97159.78837688988,0.0,78563.50666615159
2022-11-04,97159.78837688988,0.0,79694.25902968884
2022-11-05,,0.0,
2022-11-06,,0.0,
2022-11-07,97159.78837688988,0.0,80456.58539273604
2022-11-08,97159.78837688988,0.0,80890.67608632756
2022-11-09,97159.78837688988,0.0,79224.16520137308
2022-11-10,97159.78837688988,0.0,83577.87685374609
2022-11-11,101310.91624947645,4151.12787258657,84386.78239897174
2022-11-12,,0.0,
2022-11-13,,0.0,
2022-11-14,102227.9441192903,0.0,83668.90785223573
2022-11-15,105283.80072081034,3055.856601520034,84382.54117432216
2022-11-16,101842.78977034516,-3441.0109504651773,83738.79350935947
2022-11-17,101019.78447665564,-823.0052936895227,83482.56410935227
2022-11-18,100021.16306878974,-998.6214078658959,83861.62018563597
2022-11-19,,0.0,
2022-11-20,,0.0,
2022-11-21,99467.86949192084,0.0,83556.68423758313
2022-11-22,103113.07663582385,3645.2071439030115,84681.11528540065
2022-11-23,104901.55617027286,1788.4795344490121,85214.7329338658
2022-11-24,,0.0,
2022-11-25,103553.3966738183,0.0,85195.68119065494
2022-11-26,,0.0,
2022-11-27,,0.0,
2022-11-28,101394.14697133625,0.0,83836.19985190833
2022-11-29,101031.72886217311,-362.4181091631326,83692.21432718103
2022-11-30,107979.66140173748,6947.932539564368,86328.56767360184
2022-12-01,108624.95544326564,645.2940415281628,86265.04385345244
2022-12-02,107636.82430321325,-988.1311400523991,86165.52365212125
2022-12-03,,0.0,
2022-12-04,,0.0,
2022-12-05,106116.52227605476,0.0,84615.45734584161
2022-12-06,101908.31469864672,-4208.207577408044,83395.76082842733
2022-12-07,101913.93310904912,5.618410402399604,83253.87565539753
2022-12-08,104743.04001264476,2829.106903595646,83906.08550903205
2022-12-09,105335.31411774474,592.2741050999757,83279.2824820403
2022-12-10,,0.0,
2022-12-11,,0.0,
2022-12-12,103758.09688295056,0.0,84479.94076332859
2022-12-13,103758.09688295056,0.0,85119.4404500993
2022-12-14,102921.36320129228,-836.7336816582829,84575.2332470951
2022-12-15,102921.36320129228,0.0,82506.37331799649
2022-12-16,102921.36320129228,0.0,81532.28287833817
2022-12-17,,0.0,
2022-12-18,,0.0,
2022-12-19,102921.36320129228,0.0,80840.92949274683
2022-12-20,102921.36320129228,0.0,80951.55251784218
2022-12-21,102921.36320129228,0.0,82161.98317503481
2022-12-22,102921.36320129228,0.0,80989.85185699456
2022-12-23,102921.36320129228,0.0,81455.71121420318
2022-12-24,,0.0,
2022-12-25,,0.0,
2022-12-26,,0.0,
2022-12-27,102921.36320129228,0.0,81134.49247533809
2022-12-28,102921.36320129228,0.0,80126.16832907364
2022-12-29,102921.36320129228,0.0,81568.4683587082
2022-12-30,102921.36320129228,0.0,81353.60440611914
2022-12-31,,0.0,
2023-01-01,,0.0,
2023-01-02,,0.0,
2023-01-03,102921.36320129228,0.0,81011.1187621243
2023-01-04,102921.36320129228,0.0,81636.53055937431
2023-01-05,102921.36320129228,0.0,80704.78483078729
2023-01-06,102921.36320129228,0.0,82555.51209275801
2023-01-07,,0.0,
2023-01-08,,0.0,
2023-01-09,101696.63304425142,0.0,82508.71679722164
2023-01-10,104447.68403446687,2751.050990215459,83087.34005247774
2023-01-11,104369.14507831748,-78.53895614939393,84138.2047625441
2023-01-12,107369.15584946368,3000.010771146204,84444.5386938811
2023-01-13,107581.18946101503,212.03361155134917,84772.15303743273
2023-01-14,,0.0,
2023-01-15,,0.0,
2023-01-16,,0.0,
2023-01-17,106308.93985825789,0.0,84616.86208266822
2023-01-18,105390.04753840096,-918.8923198569246,83280.91683930972
2023-01-19,104928.71334733364,-461.3341910673189,82674.65808840712
2023-01-20,108148.85814744416,3220.1448001105164,84214.80344084883
2023-01-21,,0.0,
2023-01-22,,0.0,
2023-01-23,109765.7944745468,0.0,85225.26846006536
2023-01-24,109441.12538395824,-324.66909058856254,85133.78497423253
2023-01-25,109758.8069738102,317.6815898519708,85165.70896932569
2023-01-26,113498.61690837088,3739.809934560675,86101.70942964713
2023-01-27,117761.19279795211,4262.575889581232,86299.54094821357
2023-01-28,,0.0,
2023-01-29,,0.0,
2023-01-30,113278.30218494315,0.0,85216.75224305406
2023-01-31,115504.35911335296,2226.056928409802,86469.71671050617
2023-02-01,119885.74123748462,4381.382124131662,87388.69149034744
2023-02-02,128616.02826166464,8730.287024180026,88660.81575768939
2023-02-03,125029.00258862037,-3587.025673044278,87718.43319976628
2023-02-04,,0.0,
2023-02-05,,0.0,
2023-02-06,124589.6103300962,0.0,87182.35726185456
2023-02-07,127524.2930394873,2934.682709391098,88322.58484542898
2023-02-08,124795.37271662967,-2728.9203228576225,87356.79450942403
2023-02-09,124232.98433435062,-562.3883822790522,86599.47927486405
2023-02-10,120770.39913236376,-3462.5852019868616,86801.56552516492
2023-02-11,,0.0,
2023-02-12,,0.0,
2023-02-13,122755.4621661364,0.0,87820.52650076545
2023-02-14,126635.02142977016,3879.5592636337533,87780.1268099156
2023-02-15,126198.5928001288,-436.42862964136293,88065.17357549556
2023-02-16,121475.4131421061,-4723.179658022695,86852.62230597816
2023-02-17,120955.47038978671,-519.9427523193881,86635.64449460675
2023-02-18,,0.0,
2023-02-19,,0.0,
2023-02-20,,0.0,
2023-02-21,117570.78206056272,0.0,84897.65411651373
2023-02-22,118285.58316131688,714.8011007541645,84780.65574735915
2023-02-23,118956.65867433645,671.0755130195612,85231.64380412459
2023-02-24,116928.34168313588,-2028.3169912005687,84321.16498066731
2023-02-25,,0.0,
2023-02-26,,0.0,
2023-02-27,119223.8829142172,0.0,84608.33911211447
2023-02-28,119627.57854091612,403.69562669891457,84295.62983671826
2023-03-01,117824.950836188,-1802.6277047281183,83972.29048552839
2023-03-02,116840.57372594532,-984.3771102426836,84625.36479259466
2023-03-03,121836.33119254542,4995.757466600102,85982.56343399803
2023-03-04,,0.0,
2023-03-05,,0.0,
2023-03-06,120131.49224397184,0.0,86042.1229247377
2023-03-07,118774.8896660999,-1356.602577871934,84723.2236224867
2023-03-08,123329.18372918048,4554.294063080582,84861.48889677101
2023-03-09,123329.18372918048,0.0,83295.8151539227
2023-03-10,123329.18372918048,0.0,82093.90071374137
2023-03-11,,0.0,
2023-03-12,,0.0,
2023-03-13,123329.18372918048,0.0,81976.88883750193
2023-03-14,123329.18372918048,0.0,83331.9803736654
2023-03-15,123329.18372918048,0.0,82810.80275036665
2023-03-16,123329.18372918048,0.0,84263.71934870997
2023-03-17,122278.14157694488,-1051.0421522356046,83278.45179632073
2023-03-18,,0.0,
2023-03-19,,0.0,
2023-03-20,122567.19101700195,0.0,84079.21932291145
2023-03-21,123550.32376919247,983.1327521905187,85183.24116548854
2023-03-22,123587.93841409728,37.61464490481012,83731.16200640722
2023-03-23,126642.56138166276,3054.622967565476,83957.52048822168
2023-03-24,125624.30574006052,-1018.2556416022417,84508.44071240687
2023-03-25,,0.0,
2023-03-26,,0.0,
2023-03-27,123946.636591413,0.0,84666.4668518578
2023-03-28,122595.29453370805,-1351.3420577049546,84476.40866063476
2023-03-29,124653.24488736292,2057.9503536548727,85704.27021085369
2023-03-30,125981.57416146284,1328.3292740999168,86206.08542798954
2023-03-31,127638.19929859316,1656.6251371303224,87421.13550820813
2023-04-01,,0.0,
2023-04-02,,0.0,
2023-04-03,127628.76901287246,0.0,87754.2607423872
2023-04-04,127061.23659071584,-567.5324221566261,87267.38436111894
2023-04-05,124697.28332161262,-2363.953269103222,87038.89175989482
2023-04-06,127522.11523169266,2824.8319100800436,87378.41935230287
2023-04-07,,0.0,
2023-04-08,,0.0,
2023-04-09,,0.0,
2023-04-10,127189.70010687115,0.0,87468.1063958478
2023-04-11,125812.04289313628,-1377.6572137348703,87491.60196998132
2023-04-12,124055.22277898042,-1756.8201141558675,87134.97440812629
2023-04-13,127185.34963270852,3130.1268537280994,88292.3830036569
2023-04-14,127045.72470458274,-139.62492812577693,88076.70187243314
2023-04-15,,0.0,
2023-04-16,,0.0,
2023-04-17,127045.72470458274,0.0,88392.73389070769
2023-04-18,126488.2808471952,-557.4438573875377,88450.39563602296
2023-04-19,125217.08060121884,-1271.2002459763607,88435.44329307051
2023-04-20,125217.08060121884,0.0,87952.84865770643
2023-04-21,126219.16549314404,1002.0848919252021,88021.17424652753
2023-04-22,,0.0,
2023-04-23,,0.0,
2023-04-24,126219.16549314404,0.0,88113.008916567
2023-04-25,126219.16549314404,0.0,86714.30300335435
2023-04-26,126219.16549314404,0.0,86347.01835153594
2023-04-27,126219.16549314404,0.0,88066.03127538488
2023-04-28,127141.05305387884,921.8875607348018,88817.68028784139
2023-04-29,,0.0,
2023-04-30,,0.0,
2023-05-01,128653.97515665396,0.0,88727.99324429643
2023-05-02,126569.53346294978,-2084.4416937041824,87730.77192179614
2023-05-03,125400.33419294332,-1169.1992700064584,87128.57204989734
2023-05-04,123543.3791939523,-1856.9549989910156,86511.45360275827
2023-05-05,123151.88088900184,-391.49830495046626,88113.008916567
2023-05-06,,0.0,
2023-05-07,,0.0,
2023-05-08,123151.88088900184,0.0,88136.4842300732
2023-05-09,123151.88088900184,0.0,87749.97899648303
2023-05-10,123151.88088900184,0.0,88159.96629712183
2023-05-11,123819.04242504702,667.1615360451833,88006.2286571175
2023-05-12,123819.04242504702,0.0,87890.92542711429
2023-05-13,,0.0,
2023-05-14,,0.0,
2023-05-15,123819.04242504702,0.0,88194.14597538847
2023-05-16,123819.04242504702,0.0,87604.77783411733
2023-05-17,125958.26207114036,2139.2196460933337,88668.20413311393
2023-05-18,128475.35861899248,2517.096547852125,89522.37191974306
2023-05-19,127090.3408618624,-1385.0177571300883,89392.09608616008
2023-05-20,,0.0,
2023-05-21,,0.0,
2023-05-22,128517.2613709746,0.0,89428.40313029393
2023-05-23,127054.2592173052,-1463.0021536693966,88424.7659424798
2023-05-24,126489.78679989705,-564.4724174081493,87784.13841412235
2023-05-25,130021.0618475188,3531.275047621748,88544.35767192965
2023-05-26,136313.67561885892,6292.613771340126,89691.06190269982
2023-05-27,,0.0,
2023-05-28,,0.0,
2023-05-29,,0.0,
2023-05-30,137360.69718159913,0.0,89725.23482742402
2023-05-31,134944.89346993156,-2415.8037116675696,89227.67434202263
2023-06-01,136985.44115406025,2040.5476841286873,90075.4397704228
2023-06-02,137744.72378817073,759.282634110481,91378.0292676918
2023-06-03,,0.0,
2023-06-04,,0.0,
2023-06-05,138003.85375181193,0.0,91202.9234194212
2023-06-06,138877.4915348915,873.6377830795827,91401.5113347404
2023-06-07,137136.06873001228,-1741.4228048792284,91085.47931646586
2023-06-08,140948.94727458703,3812.878544574749,91636.4062941935
2023-06-09,143933.61315986427,2984.665885277238,91800.83479187338
2023-06-10,,0.0,
2023-06-11,,0.0,
2023-06-12,148125.93394474915,0.0,92633.64112377864
2023-06-13,149940.59141735628,1814.6574726071267,93244.37071977364
2023-06-14,153407.610159118,3467.0187417617126,93355.40571095757
2023-06-15,152522.90129572217,-884.7088633958192,94512.780538776
2023-06-16,150655.44711836576,-1867.4541773564124,94190.8594314976
2023-06-17,,0.0,
2023-06-18,,0.0,
2023-06-19,,0.0,
2023-06-20,153597.15350220163,0.0,93702.19336148388
2023-06-21,149657.51626979455,-3939.6372324070835,93222.08402973611
2023-06-22,150247.25683108426,589.7405612897128,93558.57928159056
2023-06-23,148559.96311188876,-1687.2937191954989,92851.28753585118
2023-06-24,,0.0,
2023-06-25,,0.0,
2023-06-26,144052.13628357986,0.0,92471.92079661544
2023-06-27,147470.07698529944,3417.940701719577,93485.70180516786
2023-06-28,151492.33144412862,4022.2544588291785,93532.86179199576
2023-06-29,152229.81585744632,737.4844133176957,93901.51065938616
2023-06-30,154753.91276698222,2524.0969095359033,95009.62514867925
2023-07-01,,0.0,
2023-07-02,,0.0,
2023-07-03,165424.76252771454,0.0,95118.92447945722
2023-07-04,,0.0,
2023-07-05,166211.03667289647,0.0,94977.47153314328
2023-07-06,163166.9864539783,-3044.050218918186,94233.72416533645
2023-07-07,161928.25521451913,-1238.7312394591572,93995.81712595708
2023-07-08,,0.0,
2023-07-09,,0.0,
2023-07-10,161637.33379499003,0.0,94233.72416533645
2023-07-11,162838.98052695132,1201.6467319612857,94833.86420679238
2023-07-12,166516.70336817708,3677.722841225768,95596.88618471046
2023-07-13,171452.85495348324,4936.151585306157,96355.62641672436
2023-07-14,169264.0436746626,-2188.811278820649,96295.6144386415
2023-07-15,,0.0,
2023-07-16,,0.0,
2023-07-17,170218.25808276166,0.0,96629.96206400143
2023-07-18,170618.6295702515,400.3714874898433,97347.99869575589
2023-07-19,170642.686229403,24.05665915150894,97564.45648435976
2023-07-20,163406.4497204597,-7236.236508943315,96917.1767167032
2023-07-21,163406.4497204597,0.0,96917.1767167032
2023-07-22,,0.0,
2023-07-23,,0.0,
2023-07-24,163406.4497204597,0.0,97350.13956870798
2023-07-25,163406.4497204597,0.0,97615.91172417668
2023-07-26,161469.28427731706,-1937.1654431426432,97630.91134192618
2023-07-27,161469.28427731706,0.0,96983.63157426965
2023-07-28,164429.5490765242,2960.264799207158,97933.1121052926
2023-07-29,,0.0,
2023-07-30,,0.0,
2023-07-31,163303.65502262395,0.0,98119.58416548232
2023-08-01,163267.4011615765,-36.253861047443934,97838.81239226412
2023-08-02,159045.77108349284,-4221.630078083661,96477.80475292706
2023-08-03,159045.77108349284,0.0,96201.3079720706
2023-08-04,159045.77108349284,0.0,95766.19749357132
2023-08-05,,0.0,
2023-08-06,,0.0,
2023-08-07,159045.77108349284,0.0,96602.1172085394
2023-08-08,157705.04850095764,-1340.722582535207,96182.01310133204
2023-08-09,155627.09167189104,-2077.956829066592,95539.02858666456
2023-08-10,155627.09167189104,0.0,95573.31632161015
2023-08-11,155627.09167189104,0.0,95517.5860894315
2023-08-12,,0.0,
2023-08-13,,0.0,
2023-08-14,155627.09167189104,0.0,96044.84865446472
2023-08-15,155627.09167189104,0.0,94926.03655395364
2023-08-16,155627.09167189104,0.0,94229.43566588985
2023-08-17,155627.09167189104,0.0,93511.42604830512
2023-08-18,155627.09167189104,0.0,93556.42490155362
2023-08-19,,0.0,
2023-08-20,,0.0,
2023-08-21,155627.09167189104,0.0,94165.14194190278
2023-08-22,155627.09167189104,0.0,93910.09441182185
2023-08-23,155627.09167189104,0.0,94956.0290359102
2023-08-24,155627.09167189104,0.0,93640.03375690652
2023-08-25,155627.09167189104,0.0,94300.165515818
2023-08-26,,0.0,
2023-08-27,,0.0,
2023-08-28,155627.09167189104,0.0,94898.1714378643
2023-08-29,155627.09167189104,0.0,96269.89019550424
2023-08-30,155627.09167189104,0.0,96666.41093252644
2023-08-31,155911.68861046288,284.59693857183447,96524.95123267008
2023-09-01,153239.45219262605,-2672.23641783683,96704.98041337622
2023-09-02,,0.0,
2023-09-03,,0.0,
2023-09-04,,0.0,
2023-09-05,153239.45219262605,0.0,96287.0441932907
2023-09-06,153239.45219262605,0.0,95639.76442563416
2023-09-07,153239.45219262605,0.0,95346.11364699126
2023-09-08,153239.45219262605,0.0,95489.72097334216
2023-09-09,,0.0,
2023-09-10,,0.0,
2023-09-11,153239.45219262608,0.0,96117.72613088744
2023-09-12,151025.79898548147,-2213.6532071446127,95590.45681231176
2023-09-13,153171.67477194293,2145.87578646146,95701.9105231267
2023-09-14,155847.6810978064,2676.0063258634764,96527.09210562216
2023-09-15,154916.1674324266,-931.5136653798108,95364.11183758215
2023-09-16,,0.0,
2023-09-17,,0.0,
2023-09-18,149773.0549081846,0.0,95420.03792249148
2023-09-19,150461.8137037695,688.7587955849012,95222.15237558556
2023-09-20,148254.39836077913,-2207.415342990367,94346.73119091157
2023-09-21,144364.6090715028,-3889.7892892763193,92787.34499607078
2023-09-22,138256.1195251328,-6108.489546370023,92578.70105606494
2023-09-23,,0.0,
2023-09-24,,0.0,
2023-09-25,138256.1195251328,0.0,92968.02251685076
2023-09-26,138256.1195251328,0.0,91602.19284821468
2023-09-27,138256.1195251328,0.0,91638.76328050352
2023-09-28,138256.1195251328,0.0,92170.03069620108
2023-09-29,138256.1195251328,0.0,91946.33986364868
2023-09-30,,0.0,
2023-10-01,,0.0,
2023-10-02,138256.1195251328,0.0,91909.77618490226
2023-10-03,138256.1195251328,0.0,90679.46985232164
2023-10-04,138256.1195251328,0.0,91339.79071042134
2023-10-05,138256.1195251328,0.0,91305.367904627
2023-10-06,138256.1195251328,0.0,92389.41276867955
2023-10-07,,0.0,
2023-10-08,,0.0,
2023-10-09,138256.1195251328,0.0,92980.92178290278
2023-10-10,138256.1195251328,0.0,93464.88063383888
2023-10-11,138256.1195251328,0.0,93847.73220097138
2023-10-12,138256.1195251328,0.0,93275.59909999592
2023-10-13,138256.1195251328,0.0,92811.00265522274
2023-10-14,,0.0,
2023-10-15,,0.0,
2023-10-16,138256.1195251328,0.0,93787.50410953058
2023-10-17,138256.1195251328,0.0,93783.20210299909
2023-10-18,138256.1195251328,0.0,92533.53336425556
2023-10-19,138256.1195251328,0.0,91720.49465105931
2023-10-20,138256.1195251328,0.0,90593.42972169192
2023-10-21,,0.0,
2023-10-22,,0.0,
2023-10-23,138256.1195251328,0.0,90436.4098600639
2023-10-24,138256.1195251328,0.0,91118.24075082105
2023-10-25,138256.1195251328,0.0,89810.49154713123
2023-10-26,138256.1195251328,0.0,88735.05744968409
2023-10-27,138256.1195251328,0.0,88332.83672284623
2023-10-28,,0.0,
2023-10-29,,0.0,
2023-10-30,138256.1195251328,0.0,89388.9354283002
2023-10-31,138256.1195251328,0.0,89950.31688971816
2023-11-01,138256.1195251328,0.0,90909.6035643576
2023-11-02,138256.1195251328,0.0,92651.84192064263
2023-11-03,138256.1195251328,0.0,93497.12879896892
2023-11-04,,0.0,
2023-11-05,,0.0,
2023-11-06,138256.1195251328,0.0,93712.2223720008
2023-11-07,138256.1195251328,0.0,93978.93326986804
2023-11-08,138256.1195251328,0.0,94047.75862082938
2023-11-09,138256.1195251328,0.0,93314.3036516944
2023-11-10,138256.11952513276,-2.9103830456733704e-11,94770.46195040684
2023-11-11,,0.0,
2023-11-12,,0.0,
2023-11-13,137018.70546760585,0.0,94680.11981324563
2023-11-14,138307.02794384584,1288.3224762399914,96516.9752990536
2023-11-15,138407.04287576332,100.01493191748159,96721.317232528
2023-11-16,139870.4236436236,1463.3807678602752,96839.62578891506
2023-11-17,139879.78818869506,9.364545071468456,96960.06171116936
2023-11-18,,0.0,
2023-11-19,,0.0,
2023-11-20,141917.37544056607,0.0,97706.43620698364
2023-11-21,140286.08153568103,-1631.2939048850385,97493.49026044631
2023-11-22,141466.50210787443,1180.4205721933977,97869.88544101037
2023-11-23,,0.0,
2023-11-24,141165.51601118504,0.0,97930.12703953603
2023-11-25,,0.0,
2023-11-26,,0.0,
2023-11-27,140868.08137319548,0.0,97753.75827883
2023-11-28,140642.1886268494,-225.89274634607136,97850.53654193236
2023-11-29,140572.86429277837,-69.3243340710469,97781.711190971
2023-11-30,138516.709337282,-2056.1549554963713,98166.72389168292
2023-12-01,137797.00841378194,-719.7009235000587,98747.4542521789
2023-12-02,,0.0,
2023-12-03,,0.0,
2023-12-04,134619.82716564854,0.0,98229.0928560758
2023-12-05,134619.82716564854,0.0,98209.74395699776
2023-12-06,134619.82716564854,0.0,97813.97286318592
2023-12-07,134619.82716564854,0.0,98560.33385191536
2023-12-08,135190.83990537497,571.0127397264296,98984.0578578682
2023-12-09,,0.0,
2023-12-10,,0.0,
2023-12-11,138046.9542856337,0.0,99369.0705585801
2023-12-12,138928.31243367563,881.358148041938,99822.90861025332
2023-12-13,140318.33530380845,1390.022870132816,101199.47641136203
2023-12-14,141303.53656829352,985.2012644850765,101524.26102063314
2023-12-15,143376.80932648334,2073.2727581898216,101357.10409180926
2023-12-16,,0.0,
2023-12-17,,0.0,
2023-12-18,144343.26398114132,0.0,101927.2381442238
2023-12-19,144525.82140180533,182.55742066400126,102547.05800833712
2023-12-20,140275.44083171253,-4250.3805700927915,101126.03839091718
2023-12-21,143642.22152256028,3366.7806908477505,102084.89959238318
2023-12-22,143147.6802787573,-494.5412438029889,102290.06545803467
2023-12-23,,0.0,
2023-12-24,,0.0,
2023-12-25,,0.0,
2023-12-26,145732.44445662273,0.0,102721.98826450438
2023-12-27,146719.0971340505,986.6526774277736,102907.71068148376
2023-12-28,147828.02608312218,1108.9289490716765,102946.58407174316
2023-12-29,146756.02583681257,-1072.000246309617,102648.5637511444
2023-12-30,,0.0,
2023-12-31,,0.0,
2024-01-01,,0.0,
2024-01-02,140331.41799224642,0.0,102074.10743157109
2024-01-03,136964.807583845,-3366.610408401437,101240.48392103107
2024-01-04,136691.3930140713,-273.41456977368216,100914.3756174426
2024-01-05,137987.51149290302,1296.1184788317187,101052.6138775572
2024-01-06,,0.0,
2024-01-07,,0.0,
2024-01-08,142065.96214437485,0.0,102495.21781660132
2024-01-09,144192.64776354155,2126.685619166703,102339.74451619107
2024-01-10,144971.3269276727,778.6791641311429,102918.5095958383
2024-01-11,145117.49466447902,146.16773680632468,102873.15280484072
2024-01-12,145912.1500292544,794.6553647753899,102944.42293816376
2024-01-13,,0.0,
2024-01-14,,0.0,
2024-01-15,,0.0,
2024-01-16,146762.91747471984,0.0,102566.48794992438
2024-01-17,147034.89904798483,271.9815732649877,101996.34714396745
2024-01-18,149560.93379035298,2526.0347423681524,102903.38841432496
2024-01-19,157996.68422636238,8435.750436009403,104186.19003225764
2024-01-20,,0.0,
2024-01-21,,0.0,
2024-01-22,155466.9702166287,0.0,104406.49058650737
2024-01-23,155863.25582790186,396.2856112731679,104710.98755430186
2024-01-24,162368.36276492602,6505.10693702416,104825.44659150064
2024-01-25,163371.3859707225,1003.0232057964895,105395.5738903727
2024-01-26,162998.3727951685,-373.01317555399146,105261.68491158668
2024-01-27,,0.0,
2024-01-28,,0.0,
2024-01-29,165179.03513000242,0.0,106095.28816149935
2024-01-30,163016.6726402597,-2162.3624897427217,106013.23262090664
2024-01-31,160252.90420030127,-2763.768439958425,104283.38026144856
2024-02-01,162611.24495687394,2358.3407565726666,105648.26443414364
2024-02-02,172211.80542482622,9600.56046795228,106760.46481661026
2024-02-03,,0.0,
2024-02-04,,0.0,
2024-02-05,171610.44182381287,0.0,106371.73091401633
2024-02-06,168518.15313314815,-3092.288690664718,106680.55690251208
2024-02-07,172306.84307977094,3788.6899466227915,107570.31585777688
2024-02-08,172229.02773464695,-77.8153451239923,107617.8270288114
2024-02-09,174364.6343120475,2135.6065774005547,108239.79451941929
2024-02-10,,0.0,
2024-02-11,,0.0,
2024-02-12,173649.37613431583,0.0,108192.28334838474
2024-02-13,172294.87577819644,-1354.500356119388,106702.1412241363
2024-02-14,176422.48297095436,4127.607192757918,107671.8148470417
2024-02-15,177328.56634084624,906.0833698918868,108414.72477558654
2024-02-16,175348.2733965094,-1980.292944336834,107874.81957911384
2024-02-17,,0.0,
2024-02-18,,0.0,
2024-02-19,,0.0,
2024-02-20,171729.08732978313,0.0,107280.9198108684
2024-02-21,169490.2403318713,-2238.846997911838,107378.10328651688
2024-02-22,182198.03638424585,12707.796052374557,109600.34967141316
2024-02-23,182292.63339361016,94.59700936431182,109675.94207189496
2024-02-24,,0.0,
2024-02-25,,0.0,
2024-02-26,182126.88391760123,0.0,109274.2481213671
2024-02-27,182677.07320187177,550.189284270542,109477.2528534392
2024-02-28,180909.74481506436,-1767.3283868074068,109332.55145321376
2024-02-29,183733.29770115047,2823.5528860861086,109725.60762296648
2024-03-01,191135.1653351613,7401.867634010821,110755.7389577555
2024-03-02,,0.0,
2024-03-03,,0.0,
2024-03-04,192656.619220702,0.0,110636.96440694036
2024-03-05,190407.34964807157,-2249.2695726304373,109531.24067166953
2024-03-06,195981.65439714424,5574.304749072675,110086.26029611312
2024-03-07,200526.248760348,4544.594363203767,111179.0172299076
2024-03-08,190887.1660538843,-9639.082706463698,110511.71320892948
2024-03-09,,0.0,
2024-03-10,,0.0,
2024-03-11,184845.5933371492,0.0,110416.6908668604
2024-03-12,193495.97382470287,8650.380487553659,111604.4768962664
2024-03-13,188615.03116599208,-4880.942658710788,111429.53313301428
2024-03-14,181818.34203203663,-6796.689133955457,111209.27310001916
2024-03-15,181598.22393509228,-220.11809694435215,110445.63654973944
2024-03-16,,0.0,
2024-03-17,,0.0,
2024-03-18,182875.8496083408,0.0,111102.03359968404
2024-03-19,184825.35531602064,1949.5057076798403,111719.44244914784
2024-03-20,186838.9449849169,2013.589668896253,112752.7614559665
2024-03-21,189036.52170958195,2197.576724665065,113125.38140630904
2024-03-22,194878.00337339408,5841.4816638121265,112910.90915918128
2024-03-23,,0.0,
2024-03-24,,0.0,
2024-03-25,196351.49483502863,0.0,112598.96303408024
2024-03-26,191306.40194739288,-5045.09288763575,112390.9809412331
2024-03-27,186530.00475874887,-4776.397188644012,113335.5043721083
2024-03-28,186676.2672985838,146.26253983494826,113313.85251505973
2024-03-29,,0.0,
2024-03-30,,0.0,
2024-03-31,,0.0,
2024-04-01,186690.6491712602,0.0,113116.70985782173
2024-04-02,185585.1919642597,-1105.4572070004942,112397.51161676834
2024-04-03,186017.41286591472,432.22090165503323,112520.9731260338
2024-04-04,180746.20502299335,-5271.2078429213725,111147.52546153031
2024-04-05,183111.64632797873,2365.4413049853756,112308.66876602784
2024-04-06,,0.0,
2024-04-07,,0.0,
2024-04-08,185933.3712313976,0.0,112371.47671067908
2024-04-09,188034.65027641616,2101.279045018542,112501.45538839488
2024-04-10,187482.30600874932,-552.3442676668346,111374.9847707618
2024-04-11,191408.7011258026,3926.3951170532673,112215.52390875586
2024-04-12,189391.4637153012,-2017.2374105014023,110666.60570469029
2024-04-13,,0.0,
2024-04-14,,0.0,
2024-04-15,185945.37194441457,0.0,109280.15747099828
2024-04-16,185945.37194441457,0.0,109080.84692663842
2024-04-17,185945.37194441457,0.0,108435.2758052181
2024-04-18,185945.37194441457,0.0,108212.1522702303
2024-04-19,185945.37194441457,0.0,107267.64234643996
2024-04-20,,0.0,
2024-04-21,,0.0,
2024-04-22,185945.37194441457,0.0,108255.47624495476
2024-04-23,185945.37194441457,0.0,109540.11482642993
2024-04-24,185945.37194441457,0.0,109488.12605676056
2024-04-25,185945.37194441457,0.0,109072.1753781511
2024-04-26,185945.3719444146,2.9103830456733704e-11,110105.52815268192
2024-04-27,,0.0,
2024-04-28,,0.0,
2024-04-29,179736.01511719782,0.0,110495.45743228694
2024-04-30,169860.2096851881,-9875.805432009714,108745.0743038246
2024-05-01,169860.2096851881,0.0,108391.95858403608
2024-05-02,169860.2096851881,0.0,109405.80037447043
2024-05-03,170485.95656192003,625.7468767319224,110761.92520262652
2024-05-04,,0.0,
2024-05-05,,0.0,
2024-05-06,170485.95656192003,0.0,111905.73216369182
2024-05-07,170485.95656192003,0.0,112029.22068712702
2024-05-08,170485.95656192003,0.0,112040.0466156513
2024-05-09,170485.95656192003,0.0,112685.59747644432
2024-05-10,170485.95656192003,0.0,112830.76487109784
2024-05-11,,0.0,
2024-05-12,,0.0,
2024-05-13,170485.95656192003,0.0,112845.9265738658
2024-05-14,170485.95656192003,0.0,113363.68015114967
2024-05-15,170757.5457870697,271.58922514968435,114767.44446764662
2024-05-16,170605.46052446868,-152.085262601031,114531.32711701268
2024-05-17,170398.6075245151,-206.85299995358218,114695.95146742322
2024-05-18,,0.0,
2024-05-19,,0.0,
2024-05-20,171603.54235889902,0.0,114828.1047858033
2024-05-21,174502.89626033368,2899.3539014346607,115109.74101245326
2024-05-22,172044.47307031526,-2458.423190018424,114778.27714971334
2024-05-23,172499.76902163526,455.29595132000395,113939.91940592598
2024-05-24,175433.16489146606,2933.395869830798,114693.80384092868
2024-05-25,,0.0,
2024-05-26,,0.0,
2024-05-27,,0.0,
2024-05-28,179721.6761844533,0.0,114773.94137546969
2024-05-29,180039.31776205433,317.64157760102535,113970.24281146188
2024-05-30,177852.17699037475,-2187.14077167958,113214.20399642223
2024-05-31,177351.39700847224,-500.77998190250946,114245.35511611908
2024-06-01,,0.0,
2024-06-02,,0.0,
2024-06-03,178502.27878581564,0.0,114338.5269875608
2024-06-04,180716.28222028576,2214.003434470127,114466.31751752748
2024-06-05,190032.57961778573,9316.297397499962,115826.77811992726
2024-06-06,187794.52800736297,-2238.051610422757,115824.61698634786
2024-06-07,187623.80206152485,-170.72594583811588,115683.8056265653
2024-06-08,,0.0,
2024-06-09,,0.0,
2024-06-10,184157.8166877929,0.0,116041.21659934284
2024-06-11,182833.65633112963,-1324.1603566632548,116320.70519949828
2024-06-12,188663.62616738863,5829.969836258999,117276.03429827048
2024-06-13,192504.26040024115,3840.6342328525207,117512.17866307416
2024-06-14,195224.66722063356,2720.4068203924107,117583.6986774673
2024-06-15,,0.0,
2024-06-16,,0.0,
2024-06-17,199568.4726647173,0.0,118519.49653151567
2024-06-18,200177.67962624543,609.2069615281362,118820.63698871968
2024-06-19,,0.0,
2024-06-20,193864.56815024235,0.0,118497.85818155196
2024-06-21,186515.32201628565,-7349.246133956709,118338.97434221172
2024-06-22,,0.0,
2024-06-23,,0.0,
2024-06-24,176547.7689515238,0.0,117954.29256507916
2024-06-25,180226.4461617422,3678.6772102184186,118408.53582929852
2024-06-26,182001.1557993867,1774.709637644497,118556.33035195952
2024-06-27,181162.455521607,-838.700277779717,118743.21437823784
2024-06-28,181038.00897961715,-124.44654198983335,118275.95028420255
2024-06-29,,0.0,
2024-06-30,,0.0,
2024-07-01,186026.03216978695,0.0,118519.37496775184
2024-07-02,190837.4744440341,4811.442274247151,119316.96832939782
2024-07-03,194769.1479789212,3931.673534887086,119849.43112210649
2024-07-04,,0.0,
2024-07-05,196900.5970338263,0.0,120540.56164079744
2024-07-06,,0.0,
2024-07-07,,0.0,
2024-07-08,198092.6346113815,0.0,120679.64409371647
2024-07-09,200308.70779214712,2216.073180765612,120797.00715416257
2024-07-10,202223.8515904162,1915.1437982690695,121992.31662984184
2024-07-11,196447.8952176896,-5775.956372726592,120940.43888841014
2024-07-12,198082.9966732331,1635.1014555435104,121703.2650135976
2024-07-13,,0.0,
2024-07-14,,0.0,
2024-07-15,199130.23213620408,0.0,122037.9705767066
2024-07-16,199417.083113036,286.85097683192,122761.68018410698
2024-07-17,190536.3592006478,-8880.723912388203,121040.4048235421
2024-07-18,191092.3745808277,556.0153801798879,120110.239423885
2024-07-19,183402.57084162525,-7689.803739202442,119312.61904806927
2024-07-20,,0.0,
2024-07-21,,0.0,
2024-07-22,192746.6694027588,0.0,120542.73628146172
2024-07-23,188854.57544490372,-3892.093957855075,120353.66410743426
2024-07-24,165793.05496607904,-23061.520478824677,117626.1244310478
2024-07-25,169030.30998070937,3237.2550146303256,117013.2674691856
2024-07-26,168688.41444193418,-341.8955387751921,118323.76536464672
2024-07-27,,0.0,
2024-07-28,,0.0,
2024-07-29,178033.81618801132,0.0,118393.32685173354
2024-07-30,170834.82926803228,-7198.986919979041,117793.50422677206
2024-07-31,170834.82926803228,0.0,119708.16052143832
2024-08-01,170834.82926803228,0.0,118012.98084884464
2024-08-02,170834.82926803228,0.0,115815.78335284206
2024-08-03,,0.0,
2024-08-04,,0.0,
2024-08-05,170834.82926803228,0.0,112442.78061171426
2024-08-06,170834.82926803228,0.0,113479.46288266584
2024-08-07,170834.82926803228,0.0,112720.96577817964
2024-08-08,170834.82926803228,0.0,115326.75934507928
2024-08-09,170834.82926803228,0.0,115835.3416117356
2024-08-10,,0.0,
2024-08-11,,0.0,
2024-08-12,170834.82926803228,0.0,115896.20453616536
2024-08-13,170834.82926803228,0.0,117802.18928234428
2024-08-14,170834.82926803228,0.0,118173.80970840632
2024-08-15,174228.53438893583,3393.7051209035562,120199.3456627805
2024-08-16,171015.53422504806,-3213.000163887773,120468.83902013124
2024-08-17,,0.0,
2024-08-18,,0.0,
2024-08-19,171618.65226959428,0.0,121620.6826966949
2024-08-20,171618.65226959428,0.0,121422.92546709524
2024-08-21,171618.65226959428,0.0,121840.1863329372
2024-08-22,167927.3062735167,-3691.34599607758,120883.92524530891
2024-08-23,171105.20148081155,3177.895207294845,122168.36797405344
2024-08-24,,0.0,
2024-08-25,,0.0,
2024-08-26,167261.0624907177,0.0,121877.1417171449
2024-08-27,168154.77634683062,893.7138561129104,122044.48099161452
2024-08-28,165533.3901567164,-2621.3861901142227,121335.9668546943
2024-08-29,165533.39015671643,2.9103830456733704e-11,121346.85356510052
2024-08-30,167632.51220546354,2099.1220487471146,122505.23467074183
2024-08-31,,0.0,
2024-09-01,,0.0,
2024-09-02,,0.0,
2024-09-03,160061.46328930705,0.0,119984.17780078184
2024-09-04,161084.52890908602,1023.0656197789649,119738.59198365315
2024-09-05,162008.96660713718,924.4376980511588,119447.37923382952
2024-09-06,150493.0347235311,-11515.93188360607,117437.06576410524
2024-09-07,,0.0,
2024-09-08,,0.0,
2024-09-09,150493.0347235311,0.0,118751.89943381002
2024-09-10,150493.0347235311,0.0,119269.15324895366
2024-09-11,151784.17717048712,1291.1424469560152,120492.73305326844
2024-09-12,151784.17717048712,0.0,121507.6824246622
2024-09-13,152098.03296331866,313.8557928315422,122142.2722860822
2024-09-14,,0.0,
2024-09-15,,0.0,
2024-09-16,152098.03296331866,0.0,122322.6864187072
2024-09-17,152098.03296331866,0.0,122372.66263273076
2024-09-18,152098.03296331866,0.0,122009.713755156
2024-09-19,152098.03296331866,0.0,124091.7498455465
2024-09-20,152098.03296331866,0.0,123877.24383070652
2024-09-21,,0.0,
2024-09-22,,0.0,
2024-09-23,159524.1835129338,0.0,124186.78569470043
2024-09-24,162248.59950987782,2724.415996944008,124542.11657640782
2024-09-25,162533.85258948302,285.2530796052015,124267.45000555142
2024-09-26,161070.36186159338,-1463.4907278896426,124760.12092622944
2024-09-27,160631.4096067756,-438.952254817792,124579.18001729446
2024-09-28,,0.0,
2024-09-29,,0.0,
2024-09-30,160725.28776653385,0.0,125078.40187413504
2024-10-01,157502.83155082105,-3222.456215712795,123957.8946344726
2024-10-02,155511.55351194504,-1991.2780388760148,124010.20757417889
2024-10-03,156465.54318044308,953.9896684980486,123783.47764753044
2024-10-04,161019.5078756906,4553.964695247501,124908.36118269117
2024-10-05,,0.0,
2024-10-06,,0.0,
2024-10-07,160587.07476006236,0.0,123779.11485911703
2024-10-08,164200.80685323823,3613.732093175873,124949.77390490634
2024-10-09,164123.44988010795,-77.35697313028504,125815.24036803024
2024-10-10,162632.42078369088,-1491.0290964170708,125595.06137754436
2024-10-11,161966.1560157684,-666.264767922461,126347.1493702592
2024-10-12,,0.0,
2024-10-13,,0.0,
2024-10-14,162484.7417771971,0.0,127380.45486999296
2024-10-15,157699.8142825516,-4784.927494645497,126390.76374730836
2024-10-16,162603.70560555995,4903.891323008342,126940.11039610606
2024-10-17,164053.2801519812,1449.5745464212378,126950.9835994274
2024-10-18,165335.23521815863,1281.955066177441,127439.31874586176
2024-10-19,,0.0,
2024-10-20,,0.0,
2024-10-21,172176.28375032044,0.0,127230.03997286696
2024-10-22,172032.50164154905,-143.7821087713819,127162.4640272562
2024-10-23,167204.23810084804,-4828.263540701009,126000.51705120888
2024-10-24,168222.6139624144,1018.3758615663683,126273.03599557075
2024-10-25,169576.43266108775,1353.8186986733344,126229.42161852156
2024-10-26,,0.0,
2024-10-27,,0.0,
2024-10-28,168354.40356471995,0.0,126619.65480753618
2024-10-29,169228.9973175149,874.5937527949573,126824.5707921176
2024-10-30,166940.658896237,-2288.3384212779056,126440.88853926548
2024-10-31,159057.2860520968,-7883.372844140191,123962.25742288602
2024-11-01,159057.2860520968,0.0,124485.45435537302
2024-11-02,,0.0,
2024-11-03,,0.0,
2024-11-04,159057.2860520968,0.0,124217.29819942456
2024-11-05,159057.2860520968,0.0,125719.3130512748
2024-11-06,159057.2860520968,0.0,128845.39277387167
2024-11-07,162492.46156088644,3435.175508789631,129841.64833980368
2024-11-08,164910.88808661478,2418.4265257283405,130404.09686092648
2024-11-09,,0.0,
2024-11-10,,0.0,
2024-11-11,171770.53204486266,0.0,130528.34853465688
2024-11-12,168831.99363325734,-2938.5384116053174,130122.86584682263
2024-11-13,169730.07016200075,898.0765287434042,130186.09251110484
2024-11-14,166236.57264845015,-3493.4975135505956,129348.97741912566
2024-11-15,164720.04055905028,-1516.5320893998723,127692.18488173602
2024-11-16,,0.0,
2024-11-17,,0.0,
2024-11-18,173914.33978488037,0.0,128215.381814223
2024-11-19,177641.50944104703,3727.1696561666613,128684.09116633948
2024-11-20,176622.5345397189,-1018.9749013281253,128727.6920363038
2024-11-21,177361.472377843,738.9378381240822,129418.72800540068
2024-11-22,180765.1619397891,3403.689561946114,129819.8614119064
2024-11-23,,0.0,
2024-11-24,,0.0,
2024-11-25,174002.0909162248,0.0,130260.21939287816
2024-11-26,174615.101277759,613.0103615341941,130940.36865156882
2024-11-27,173711.14178211885,-903.9594956401561,130543.61154056138
2024-11-28,,0.0,
2024-11-29,177849.72098284803,0.0,131354.563409145
2024-11-30,,0.0,
2024-12-01,,0.0,
2024-12-02,181425.5682303153,0.0,131589.99189845048
2024-12-03,180437.50167421895,-988.0665560963389,131651.0169078987
2024-12-04,182997.5726887911,2560.0710145721387,132468.5197126449
2024-12-05,186633.796133838,3636.223445046926,132250.51536282327
2024-12-06,193310.87585609325,6677.0797222552355,132501.22036511812
2024-12-07,,0.0,
2024-12-08,,0.0,
2024-12-09,191313.07392613965,0.0,131818.86945159343
2024-12-10,194026.43959986937,2713.3656737297133,131409.0644966004
2024-12-11,199347.1630173917,5320.7234175223275,132424.9323497654
2024-12-12,197154.0351634115,-2193.1278539802006,131742.59494332562
2024-12-13,199574.26379481467,2420.2286314031808,131716.43171993006
2024-12-14,,0.0,
2024-12-15,,0.0,
2024-12-16,216869.36945095952,0.0,132278.86673396797
2024-12-17,216084.9034175655,-784.4660333940119,131733.88287358367
2024-12-18,204436.30859569536,-11648.594821870152,127807.75149989424
2024-12-19,201108.65203319967,-3327.6565624956856,127768.47289708872
2024-12-20,200029.2387887694,-1079.4132444302668,129303.12086598785
2024-12-21,,0.0,
2024-12-22,,0.0,
2024-12-23,203811.6517836013,0.0,130077.42801331585
2024-12-24,209589.8134494041,5778.161665802792,131523.226377932
2024-12-25,,0.0,
2024-12-26,209501.24493323697,0.0,131531.99247601343
2024-12-27,204686.72468941496,-4814.520243822015,130147.40822003366
2024-12-28,,0.0,
2024-12-29,,0.0,
2024-12-30,200156.29866416575,0.0,128662.22319593297
2024-12-31,196291.44043633016,-3864.85822783559,128194.13516972058
2025-01-01,,0.0,
2025-01-02,192396.20179883455,0.0,127879.16345760842
2025-01-03,193819.0666867689,1422.8648879343527,129478.09164340972
2025-01-04,,0.0,
2025-01-05,,0.0,
2025-01-06,195570.91082201072,0.0,130223.96637708378
2025-01-07,190328.98846693724,-5241.922355073475,128751.91023947792
2025-01-08,189860.62739296077,-468.3610739764699,128940.0234104795
2025-01-09,,0.0,
2025-01-10,186865.19787899603,0.0,126971.43332592244
2025-01-11,,0.0,
2025-01-12,,0.0,
2025-01-13,186865.19787899603,0.0,127168.29908792058
2025-01-14,186380.72325581597,-484.47462318005273,127343.28337242732
2025-01-15,189090.58704863992,2709.8637928239477,129659.65387824876
2025-01-16,189090.58704863992,0.0,129410.28607735616
2025-01-17,189090.58704863992,0.0,130709.55958528927
2025-01-18,,0.0,
2025-01-19,,0.0,
2025-01-20,,0.0,
2025-01-21,189090.58704863992,0.0,131906.00365609772
2025-01-22,189090.58704863992,0.0,132647.51560135838
2025-01-23,188942.23860791,-148.34844072992564,133371.52236462594
2025-01-24,188942.23860791,0.0,132982.16713612792
2025-01-25,,0.0,
2025-01-26,,0.0,
2025-01-27,188942.23860791,0.0,131101.08945445155
2025-01-28,188942.23860791,0.0,132227.55331854217
2025-01-29,189541.39488066756,599.1562727575656,131634.79489896836
2025-01-30,192485.83361806648,2944.4387373989157,132341.29648024277
2025-01-31,193096.63026375257,610.7966456860886,131636.9830467175
2025-02-01,,0.0,
2025-02-02,,0.0,
2025-02-03,195416.552792346,0.0,130751.12088543804
2025-02-04,196359.36638891837,942.8135965723777,131628.23045572094
2025-02-05,198033.18790187256,1673.8215129541932,132161.92239315287
2025-02-06,199480.8285184055,1447.640616532939,132621.27133545358
2025-02-07,199663.87422853004,183.04571012454107,131407.30857556715
2025-02-08,,0.0,
2025-02-09,,0.0,
2025-02-10,201408.6413500563,0.0,132299.72167300913
2025-02-11,199832.5638542102,-1576.0774958461116,132400.36296238468
2025-02-12,202491.66764019505,2659.1037859848584,131973.8092221513
2025-02-13,204549.81494403435,2058.1473038393015,133367.14606912763
2025-02-14,207149.30651084444,2599.4915668100875,133360.58162588024
2025-02-15,,0.0,
2025-02-16,,0.0,
2025-02-17,,0.0,
2025-02-18,202069.3180049804,0.0,133752.09798795762
2025-02-19,201021.89582350268,-1047.422181477712,134067.08320715465
2025-02-20,197949.12266610924,-3072.7731573934434,133509.32164448217
2025-02-21,194764.9296022354,-3184.1930638738268,131225.75984781297
2025-02-22,,0.0,
2025-02-23,,0.0,
2025-02-24,194764.9296022354,0.0,130628.62513274088
2025-02-25,194718.10035114095,-46.82925109445932,129978.98837877432
2025-02-26,194718.10035114095,0.0,130044.61930416364
2025-02-27,194718.10035114095,0.0,127968.85050115336
2025-02-28,194718.10035114095,0.0,129965.87299936436
2025-03-01,,0.0,
2025-03-02,,0.0,
2025-03-03,194718.10035114095,0.0,127688.87564594256
2025-03-04,194718.10035114095,0.0,126177.44635593708
2025-03-05,194718.10035114095,0.0,127533.5711840932
2025-03-06,194718.10035114095,0.0,125269.71622425113
2025-03-07,194718.10035114095,0.0,125971.82800294238
2025-03-08,,0.0,
2025-03-09,,0.0,
2025-03-10,194718.10035114095,0.0,122616.506035911
2025-03-11,194718.10035114095,0.0,121597.20738318872
2025-03-12,194718.10035114095,0.0,122242.46784165698
2025-03-13,194718.10035114095,0.0,120612.90558736774
2025-03-14,194718.10035114095,0.0,123104.2603776959
2025-03-15,,0.0,
2025-03-16,,0.0,
2025-03-17,194718.10035114095,0.0,124053.56531661554
2025-03-18,194718.10035114095,0.0,122712.74401561852
2025-03-19,194718.10035114095,0.0,124049.18902111726
2025-03-20,194718.10035114095,0.0,123690.46786110716
2025-03-21,194718.10035114095,0.0,123731.27276450316
2025-03-22,,0.0,
2025-03-23,,0.0,
2025-03-24,194718.10035114095,0.0,125947.11003762804
2025-03-25,194718.10035114095,0.0,126249.8713450166
2025-03-26,194718.10035114095,0.0,124742.65626549096
2025-03-27,194718.10035114095,0.0,124411.38150193922
2025-03-28,194718.10035114095,0.0,121905.95232917524
2025-03-29,,0.0,
2025-03-30,,0.0,
2025-03-31,194718.10035114095,0.0,122724.27906609856
2025-04-01,194718.10035114095,0.0,123070.89787806396
2025-04-02,194718.10035114095,0.0,123849.7569129936
2025-04-03,194718.10035114095,0.0,117746.32397931688
2025-04-04,194718.10035114095,0.0,110853.1115325922
2025-04-05,,0.0,
2025-04-06,,0.0,
2025-04-07,194718.10035114095,0.0,110655.65821240217
2025-04-08,194718.10035114095,0.0,108922.48986360816
2025-04-09,194718.10035114095,0.0,120361.45769540496
2025-04-10,194718.10035114095,0.0,115087.3327586519
2025-04-11,194718.10035114095,0.0,117140.80136453974
2025-04-12,,0.0,
2025-04-13,,0.0,
2025-04-14,194718.10035114095,0.0,118277.2469643502
2025-04-15,194718.10035114095,0.0,117945.9586937136
2025-04-16,194718.10035114095,0.0,115324.2605343781
2025-04-17,194718.10035114095,0.0,115488.8038422794
2025-04-18,,0.0,
2025-04-19,,0.0,
2025-04-20,,0.0,
2025-04-21,194718.10035114095,0.0,112739.85543637205
2025-04-22,194718.10035114095,0.0,115673.10801534729
2025-04-23,194718.10035114095,0.0,117465.49817775916
2025-04-24,194718.10035114095,0.0,119938.03759886172
2025-04-25,194718.10035114095,0.0,120804.62515002994
2025-04-26,,0.0,
2025-04-27,,0.0,
2025-04-28,194718.10035114095,0.0,120850.68430944084
2025-04-29,194718.10035114095,0.0,121611.97062695294
2025-04-30,194718.10035114095,0.0,121660.24494828272
2025-05-01,194718.10035114095,0.0,122522.42918978292
2025-05-02,194718.10035114095,0.0,124341.17167477855
2025-05-03,,0.0,
2025-05-04,,0.0,
2025-05-05,194718.10035114095,0.0,123628.14617151134
2025-05-06,194718.10035114095,0.0,122594.8271646927
2025-05-07,194718.10035114095,0.0,123110.40610131231
2025-05-08,194718.10035114095,0.0,123968.21404731424
2025-05-09,194718.10035114095,0.0,123810.24868974525
2025-05-10,,0.0,
2025-05-11,,0.0,
2025-05-12,194718.10035114095,0.0,127901.86886727696
2025-05-13,202104.48832695605,7386.3879758151015,128746.53441969916
2025-05-14,206240.30207862437,4135.81375166832,128911.07772760048
2025-05-15,203677.64865201173,-2562.65342661264,129540.71048887272
2025-05-16,204543.214214073,865.565562061267,130361.21186646032
2025-05-17,,0.0,
2025-05-18,,0.0,
2025-05-19,203183.37162800712,0.0,130503.81966853072
2025-05-20,202570.33142957915,-613.0401984279742,130065.04201648892
2025-05-21,199752.6209768729,-2817.710452706262,127873.3554111138
2025-05-22,200549.04511913436,796.4241422614723,127923.80437310782
2025-05-23,198562.71244665797,-1986.3326724763901,127050.63887160733
2025-05-24,,0.0,
2025-05-25,,0.0,
2025-05-26,,0.0,
2025-05-27,205686.48047340152,0.0,129692.09789610944
2025-05-28,204556.14021863337,-1130.3402547681471,128941.77933151276
2025-05-29,206649.79429817965,2093.654079546279,129450.75330363036
2025-05-30,203404.8350422262,-3244.959255953465,129305.97086089566
2025-05-31,,0.0,
2025-06-01,,0.0,
2025-06-02,207644.72140183632,0.0,130034.3404125766
2025-06-03,211074.50495872417,3429.783556887851,130775.879372007
2025-06-04,212273.62495750416,1199.1199987799919,130740.7609513418
2025-06-05,204275.618190092,-7998.006767412153,130108.91302815068
2025-06-06,204868.74576747787,593.1275773858652,131445.00684944273
2025-06-07,,0.0,
2025-06-08,,0.0,
2025-06-09,207007.86507813417,0.0,131563.47749084828
2025-06-10,209045.4564623239,2037.5913841897273,132309.39274577695
2025-06-11,209149.5891413323,104.1326790084131,131932.05882281435
2025-06-12,207218.35700270307,-1931.232138629246,132456.3903504305
2025-06-13,201313.99732157725,-5904.359681125818,130975.51408640374
2025-06-14,,0.0,
2025-06-15,,0.0,
2025-06-16,201313.99732157725,0.0,132221.63721536857
2025-06-17,199155.75251010255,-2158.244811474695,131091.79658006015
2025-06-18,198674.86801111576,-480.8844989867939,131072.0492219784
2025-06-19,,0.0,
2025-06-20,200946.73951771916,0.0,130764.20925067826
2025-06-21,,0.0,
2025-06-22,,0.0,
2025-06-23,203046.4558048584,0.0,132055.83774857427
2025-06-24,209980.23898719717,6933.783182338782,133514.68395717605
2025-06-25,214299.6280766906,4319.38908949343,133589.49970027778
2025-06-26,217051.74791681525,2752.119840124651,134634.67792761335
2025-06-27,218455.2333855854,1403.4854687701445,135303.58929169117
2025-06-28,,0.0,
2025-06-29,,0.0,
2025-06-30,219752.3395458733,0.0,135950.51112159865
2025-07-01,212296.9693226664,-7455.3702232069045,135906.50503908814
2025-07-02,216900.20476627396,4603.235443607555,136522.60370131946
2025-07-03,217864.07132621785,963.8665599438827,137598.5915892463
2025-07-04,,0.0,
2025-07-05,,0.0,
2025-07-06,,0.0,
2025-07-07,214655.7664616766,0.0,136573.21474833196
2025-07-08,218253.83754868107,3598.0710870044713,136498.4125123151
2025-07-09,220669.7622728292,2415.9247241481207,137316.94185551145
2025-07-10,223584.21768310835,2914.455410279159,137704.2169929393
2025-07-11,224853.86976930624,1269.6520861978934,137220.12307115452
2025-07-12,,0.0,
2025-07-13,,0.0,
2025-07-14,224136.6721898095,0.0,137481.95791138327
2025-07-15,235845.72886234263,11709.05667253313,136894.46725490922
2025-07-16,238395.16843841336,2549.4395760707266,137352.1413186859
2025-07-17,240874.4480758463,2479.279637432948,138192.6872102224
2025-07-18,238017.1892152854,-2857.2588605608908,138091.47862328225
2025-07-19,,0.0,
2025-07-20,,0.0,
2025-07-21,238911.92334640087,0.0,138353.32697059587
2025-07-22,234793.95744445713,-4117.965901943739,138373.12835701712
2025-07-23,238080.09945009268,3286.142005635542,139550.33833896896
2025-07-24,241993.52470216935,3913.425252076675,139596.53256922853
2025-07-25,244468.1293931068,2474.604690937442,140186.23838762144
2025-07-26,,0.0,
2025-07-27,,0.0,
2025-07-28,249254.31723532616,0.0,140151.03892444706
2025-07-29,251084.07802487427,1829.760789548105,139781.3635186064
2025-07-30,254013.05411572012,2928.9760908458557,139605.33918856457
2025-07-31,249516.41439854723,-4496.6397171728895,139081.65600102223
2025-08-01,243359.8473961008,-6156.56700244642,136802.0382731354
2025-08-02,,0.0,
2025-08-03,,0.0,
2025-08-04,250523.77837833264,0.0,138881.3999607214
2025-08-05,249345.2474159231,-1178.530962409539,138177.2756263843
2025-08-06,245156.25382746957,-4188.993588453537,139235.6772898088
2025-08-07,250597.12034316905,5440.866515699483,139119.0436119458
2025-08-08,253036.6855474926,2439.5652043235605,140203.83811920867
2025-08-09,,0.0,
2025-08-10,,0.0,
2025-08-11,252288.6481172378,0.0,139926.59169514186
2025-08-12,256225.0731351953,3936.4250179574883,141416.2610714198
2025-08-13,257652.85949377,1427.7863585746964,141900.34148611972
2025-08-14,257395.8057848077,-257.05370896231034,141913.5379080389
2025-08-15,256402.37130750256,-993.4344773051271,141581.29063437646
2025-08-16,,0.0,
2025-08-17,,0.0,
2025-08-18,253631.54475707145,0.0,141550.4674667003
2025-08-19,239960.58791658084,-13670.956840490602,140782.53566343154
2025-08-20,239960.58791658084,0.0,140408.47045500777
2025-08-21,239960.58791658084,0.0,139845.1709875381
2025-08-22,239960.58791658084,0.0,141992.75696080868
2025-08-23,,0.0,
2025-08-24,,0.0,
2025-08-25,239960.58791658084,0.0,141367.82466507156
2025-08-26,239960.58791658084,0.0,141959.74564538337
2025-08-27,239960.58791658087,2.9103830456733704e-11,142283.19980679467
2025-08-28,242094.08323591572,2133.4953193348483,142787.0816079158
2025-08-29,239603.15484011112,-2490.9283958046,141935.54094929414
2025-08-30,,0.0,
2025-08-31,,0.0,
2025-09-01,,0.0,
2025-09-02,237113.4789754302,0.0,140883.7577574565
2025-09-03,246054.7792571209,8941.300281690725,141647.28625105726
2025-09-04,247596.59199512273,1541.8127380018122,142831.08769042624
2025-09-05,248988.88873214624,1392.2967370235128,142417.41970916005
2025-09-06,,0.0,
2025-09-07,,0.0,
2025-09-08,252417.04457394328,0.0,142767.28022149458
2025-09-09,252152.09102647591,-264.9535474673612,143097.3393474079
2025-09-10,263925.1212482724,11773.030221796507,143511.02083575897
2025-09-11,261037.63265443745,-2887.488593834976,144703.62889446403
2025-09-12,261356.85715214323,319.2244977057853,144655.20599520067
2025-09-13,,0.0,
2025-09-14,,0.0,
2025-09-15,267822.4997510953,0.0,145425.33945330346
2025-09-16,269119.46923803625,1296.9694869409432,145225.11042717236
2025-09-17,265993.2266446031,-3126.242593433126,145044.6827874625
2025-09-18,264801.3221997983,-1191.9044448048226,145722.40077087635
2025-09-19,267562.4729708548,2761.1507710564765,146444.1383438855
2025-09-20,,0.0,
2025-09-21,,0.0,
2025-09-22,266908.97250971163,0.0,147136.97075527025
2025-09-23,265290.62822780386,-1618.3442819077754,146336.0276365762
2025-09-24,266250.2368294875,959.6086016836343,145870.438421065
2025-09-25,263547.3591907704,-2702.8776387170656,145197.47493152585
2025-09-26,265728.2387626574,2180.879571886966,146029.32226040526
2025-09-27,,0.0,
2025-09-28,,0.0,
2025-09-29,265240.8368875553,0.0,146439.7215271326
2025-09-30,265743.3114648919,502.4745773365721,146991.33736618867
2025-10-01,269347.01582059474,3603.704355702852,147492.22059446844
2025-10-02,264439.235161484,-4907.780659110751,147662.09920089383
2025-10-03,262914.3912963577,-1524.8438651263132,147659.91105314472
2025-10-04,,0.0,
2025-10-05,,0.0,
2025-10-06,268595.41344946425,0.0,148189.45631552118
2025-10-07,267765.7364002208,-829.6770492434734,147640.04213129912
2025-10-08,284672.6156447426,16906.879244521842,148520.43392320574
2025-10-09,281826.4057865882,-2846.2098581544124,148090.16573463278
2025-10-10,266591.33610483014,-15235.069681758061,144087.61127474194
2025-10-11,,0.0,
2025-10-12,,0.0,
2025-10-13,268464.23235190817,0.0,146298.50495480394
2025-10-14,270535.68940759,2071.4570556818508,146119.77920778788
2025-10-15,295977.87398734817,25442.184579758148,146768.4839728983
2025-10-16,290966.3384357672,-5011.53555158095,145768.95969242748
2025-10-17,289130.43855528976,-1835.89988047746,146596.390204554
2025-10-18,,0.0,
2025-10-19,,0.0,
2025-10-20,298409.1972750836,0.0,148121.0564377333
2025-10-21,295270.7933120921,-3138.4039629915496,148118.8412758144
2025-10-22,285595.07303534687,-9675.72027674521,147348.78886022084
2025-10-23,291440.71004299686,5845.637007649988,148222.56218054055
2025-10-24,313675.7736737803,22235.063630783465,149433.91807304684
2025-10-25,,0.0,
2025-10-26,,0.0,
2025-10-27,322047.25218939007,0.0,151196.8898046092
2025-10-28,321360.9970830858,-686.2551063042483,151598.4689449157
2025-10-29,330548.61324521026,9187.61616212444,151671.28563945647
2025-10-30,327613.1353251784,-2935.4779200318735,150003.1876720296
2025-10-31,326063.5364691724,-1549.5988560059923,150495.23726680357
2025-11-01,,0.0,
2025-11-02,,0.0,
2025-11-03,332848.42571371986,0.0,150777.67041146092
2025-11-04,326383.5185424886,-6464.907171231287,148990.4129413001
2025-11-05,332152.72938383714,5769.210841348569,149506.73476758765
2025-11-06,327673.48459881346,-4479.244785023679,147902.6198611958
2025-11-07,320894.62569347856,-6778.858905334899,148048.2397431925
2025-11-08,,0.0,
2025-11-09,,0.0,
2025-11-10,329972.84741173004,0.0,150358.43751122776
2025-11-11,330699.5198380612,726.672426331148,150702.63855500126
2025-11-12,326086.56187024654,-4612.95796781464,150786.49053788185
2025-11-13,317052.5785008606,-9033.98336938594,148284.33007965668
2025-11-14,315148.91904366424,-1903.659457196365,148260.07135522796
2025-11-15,,0.0,
2025-11-16,,0.0,
2025-11-17,312729.39711446717,0.0,146878.8098421265
2025-11-18,311925.5849549732,-803.812159493973,145645.39688002548
2025-11-19,321284.168436695,9358.583481721813,146208.04800742134
2025-11-20,317597.4464740885,-3686.7219626065344,143979.50056743264
2025-11-21,328800.2928549387,11202.846380850242,145413.70985322932
2025-11-22,,0.0,
2025-11-23,,0.0,
2025-11-24,349560.1204222156,0.0,147553.98849358453
2025-11-25,354892.7410644589,5332.620642243302,148941.8684782729
2025-11-26,351063.37209403486,-3829.3689704240533,149970.09531409512
2025-11-27,,0.0,
2025-11-28,351315.71665997675,0.0,150788.69219271583
2025-11-29,,0.0,
2025-11-30,,0.0,
2025-12-01,345511.3228503296,0.0,150100.276598084
2025-12-02,346520.76808452344,1009.4452341938158,150378.29292598847
2025-12-03,350712.24614944,4191.478064916562,150899.01806194402
2025-12-04,348506.77607364417,-2205.4700757958344,151009.34393117222
2025-12-05,352511.70801636565,4004.9319427214796,151296.1803854976
2025-12-06,,0.0,
2025-12-07,,0.0,
2025-12-08,344227.5332651855,0.0,150841.6534724959
2025-12-09,346070.8959211767,1843.3626559912227,150711.45868142217
2025-12-10,351703.90065036126,5633.004729184555,151711.00997606275
2025-12-11,346083.59051388793,-5620.31013647333,152064.03114625716
2025-12-12,306533.16378460266,-39550.426729285275,150429.03904384968
2025-12-13,,0.0,
2025-12-14,,0.0,
2025-12-15,311468.2050519605,0.0,150201.76883380642
2025-12-16,315416.67627093906,3948.4712189785787,149791.369567079
2025-12-17,300923.97753841867,-14492.698732520395,148143.12701441286
2025-12-18,311298.5681539156,10374.590615496913,149261.7972905328
2025-12-19,309282.5663295876,-2016.0018243279774,150614.62638998037
2025-12-20,,0.0,
2025-12-21,,0.0,
2025-12-22,312336.8851513046,0.0,151552.93656181477
2025-12-23,312127.94375651376,-208.94139479083242,152245.60688818106
2025-12-24,312025.6073765875,-102.33637992624426,152781.14929624036
2025-12-25,,0.0,
2025-12-26,305462.73437204515,0.0,152765.65666989307
2025-12-27,,0.0,
2025-12-28,,0.0,
2025-12-29,295466.8604576771,0.0,152221.25361415822
2025-12-30,295466.8604576771,0.0,152035.3691121604
2025-12-31,295466.8604576771,0.0,
