date,us_total,us_pnl_daily,us_pnl_cum,us_benchmark
2022-01-03,"$100,000.00",$0.00,$0.00,"$100,000.00"
2022-01-04,"$100,000.00",$0.00,$0.00,"$99,966.51"
2022-01-05,"$100,000.00",$0.00,$0.00,"$98,046.95"
2022-01-06,"$100,000.00",$0.00,$0.00,"$97,954.85"
2022-01-07,"$100,000.00",$0.00,$0.00,"$97,567.56"
2022-01-08,"$100,000.00",$0.00,$0.00,"$97,567.56"
2022-01-09,"$100,000.00",$0.00,$0.00,"$97,567.56"
2022-01-10,"$100,000.00",$0.00,$0.00,"$97,446.16"
2022-01-11,"$100,000.00",$0.00,$0.00,"$98,333.73"
2022-01-12,"$100,000.00",$0.00,$0.00,"$98,599.57"
2022-01-13,"$100,000.00",$0.00,$0.00,"$97,241.02"
2022-01-14,"$100,000.00",$0.00,$0.00,"$97,280.79"
2022-01-15,"$100,000.00",$0.00,$0.00,"$97,280.79"
2022-01-16,"$100,000.00",$0.00,$0.00,"$97,280.79"
2022-01-17,"$100,000.00",$0.00,$0.00,"$97,280.79"
2022-01-18,"$100,000.00",$0.00,$0.00,"$95,557.98"
2022-01-19,"$100,000.00",$0.00,$0.00,"$94,565.74"
2022-01-20,"$100,000.00",$0.00,$0.00,"$93,519.09"
2022-01-21,"$100,000.00",$0.00,$0.00,"$91,683.26"
2022-01-22,"$100,000.00",$0.00,$0.00,"$91,683.26"
2022-01-23,"$100,000.00",$0.00,$0.00,"$91,683.26"
2022-01-24,"$100,000.00",$0.00,$0.00,"$92,072.60"
2022-01-25,"$100,000.00",$0.00,$0.00,"$90,948.49"
2022-01-26,"$100,000.00",$0.00,$0.00,"$90,720.32"
2022-01-27,"$100,000.00",$0.00,$0.00,"$90,272.35"
2022-01-28,"$100,000.00",$0.00,$0.00,"$92,514.30"
2022-01-29,"$100,000.00",$0.00,$0.00,"$92,514.30"
2022-01-30,"$100,000.00",$0.00,$0.00,"$92,514.30"
2022-01-31,"$100,000.00",$0.00,$0.00,"$94,180.57"
2022-02-01,"$100,000.00",$0.00,$0.00,"$94,816.96"
2022-02-02,"$100,000.00",$0.00,$0.00,"$95,738.00"
2022-02-03,"$100,000.00",$0.00,$0.00,"$93,487.69"
2022-02-04,"$100,000.00",$0.00,$0.00,"$93,927.28"
2022-02-05,"$100,000.00",$0.00,$0.00,"$93,927.28"
2022-02-06,"$100,000.00",$0.00,$0.00,"$93,927.28"
2022-02-07,"$100,000.00",$0.00,$0.00,"$93,625.84"
2022-02-08,"$100,000.00",$0.00,$0.00,"$94,396.20"
2022-02-09,"$100,000.00",$0.00,$0.00,"$95,777.78"
2022-02-10,"$100,000.00",$0.00,$0.00,"$94,057.08"
2022-02-11,"$100,000.00",$0.00,$0.00,"$92,202.39"
2022-02-12,"$100,000.00",$0.00,$0.00,"$92,202.39"
2022-02-13,"$100,000.00",$0.00,$0.00,"$92,202.39"
2022-02-14,"$100,000.00",$0.00,$0.00,"$91,900.94"
2022-02-15,"$100,000.00",$0.00,$0.00,"$93,383.03"
2022-02-16,"$100,000.00",$0.00,$0.00,"$93,487.69"
2022-02-17,"$100,000.00",$0.00,$0.00,"$91,490.66"
2022-02-18,"$100,000.00",$0.00,$0.00,"$90,898.26"
2022-02-19,"$100,000.00",$0.00,$0.00,"$90,898.26"
2022-02-20,"$100,000.00",$0.00,$0.00,"$90,898.26"
2022-02-21,"$100,000.00",$0.00,$0.00,"$90,898.26"
2022-02-22,"$100,000.00",$0.00,$0.00,"$89,922.77"
2022-02-23,"$100,000.00",$0.00,$0.00,"$88,327.66"
2022-02-24,"$100,000.00",$0.00,$0.00,"$89,656.90"
2022-02-25,"$100,000.00",$0.00,$0.00,"$91,635.12"
2022-02-26,"$100,000.00",$0.00,$0.00,"$91,635.12"
2022-02-27,"$100,000.00",$0.00,$0.00,"$91,635.12"
2022-02-28,"$100,000.00",$0.00,$0.00,"$91,400.65"
2022-03-01,"$100,000.00",$0.00,$0.00,"$90,008.59"
2022-03-02,"$100,000.00",$0.00,$0.00,"$91,664.40"
2022-03-03,"$100,000.00",$0.00,$0.00,"$91,208.05"
2022-03-04,"$100,000.00",$0.00,$0.00,"$90,467.02"
2022-03-05,"$100,000.00",$0.00,$0.00,"$90,467.02"
2022-03-06,"$100,000.00",$0.00,$0.00,"$90,467.02"
2022-03-07,"$100,000.00",$0.00,$0.00,"$87,800.14"
2022-03-08,"$100,000.00",$0.00,$0.00,"$87,134.46"
2022-03-09,"$100,000.00",$0.00,$0.00,"$89,470.61"
2022-03-10,"$100,000.00",$0.00,$0.00,"$89,066.60"
2022-03-11,"$100,000.00",$0.00,$0.00,"$87,934.11"
2022-03-12,"$100,000.00",$0.00,$0.00,"$87,934.11"
2022-03-13,"$100,000.00",$0.00,$0.00,"$87,934.11"
2022-03-14,"$100,000.00",$0.00,$0.00,"$87,291.46"
2022-03-15,"$100,000.00",$0.00,$0.00,"$89,211.03"
2022-03-16,"$100,000.00",$0.00,$0.00,"$91,189.22"
2022-03-17,"$100,000.00",$0.00,$0.00,"$92,330.10"
2022-03-18,"$100,000.00",$0.00,$0.00,"$93,341.35"
2022-03-19,"$100,000.00",$0.00,$0.00,"$93,341.35"
2022-03-20,"$100,000.00",$0.00,$0.00,"$93,341.35"
2022-03-21,"$100,000.00",$0.00,$0.00,"$93,314.07"
2022-03-22,"$100,000.00",$0.00,$0.00,"$94,405.97"
2022-03-23,"$100,000.00",$0.00,$0.00,"$93,190.17"
2022-03-24,"$100,000.00",$0.00,$0.00,"$94,594.94"
2022-03-25,"$100,000.00",$0.00,$0.00,"$95,056.91"
2022-03-26,"$100,000.00",$0.00,$0.00,"$95,056.91"
2022-03-27,"$100,000.00",$0.00,$0.00,"$95,056.91"
2022-03-28,"$100,000.00",$0.00,$0.00,"$95,733.05"
2022-03-29,"$100,000.00",$0.00,$0.00,"$96,917.35"
2022-03-30,"$100,000.00",$0.00,$0.00,"$96,318.91"
2022-03-31,"$100,000.00",$0.00,$0.00,"$94,836.44"
2022-04-01,"$100,000.00",$0.00,$0.00,"$95,105.21"
2022-04-02,"$100,000.00",$0.00,$0.00,"$95,105.21"
2022-04-03,"$100,000.00",$0.00,$0.00,"$95,105.21"
2022-04-04,"$100,000.00",$0.00,$0.00,"$95,919.95"
2022-04-05,"$100,000.00",$0.00,$0.00,"$94,708.34"
2022-04-06,"$100,000.00",$0.00,$0.00,"$93,761.31"
2022-04-07,"$100,000.00",$0.00,$0.00,"$94,233.77"
2022-04-08,"$100,000.00",$0.00,$0.00,"$93,981.80"
2022-04-09,"$100,000.00",$0.00,$0.00,"$93,981.80"
2022-04-10,"$100,000.00",$0.00,$0.00,"$93,981.80"
2022-04-11,"$100,000.00",$0.00,$0.00,"$92,375.43"
2022-04-12,"$100,000.00",$0.00,$0.00,"$92,033.17"
2022-04-13,"$100,000.00",$0.00,$0.00,"$93,087.28"
2022-04-14,"$100,000.00",$0.00,$0.00,"$91,928.18"
2022-04-15,"$100,000.00",$0.00,$0.00,"$91,928.18"
2022-04-16,"$100,000.00",$0.00,$0.00,"$91,928.18"
2022-04-17,"$100,000.00",$0.00,$0.00,"$91,928.18"
2022-04-18,"$100,000.00",$0.00,$0.00,"$91,965.97"
2022-04-19,"$100,000.00",$0.00,$0.00,"$93,450.54"
2022-04-20,"$100,000.00",$0.00,$0.00,"$93,381.24"
2022-04-21,"$100,000.00",$0.00,$0.00,"$91,984.87"
2022-04-22,"$100,000.00",$0.00,$0.00,"$89,460.87"
2022-04-23,"$100,000.00",$0.00,$0.00,"$89,460.87"
2022-04-24,"$100,000.00",$0.00,$0.00,"$89,460.87"
2022-04-25,"$100,000.00",$0.00,$0.00,"$89,979.54"
2022-04-26,"$100,000.00",$0.00,$0.00,"$87,373.66"
2022-04-27,"$100,000.00",$0.00,$0.00,"$87,619.33"
2022-04-28,"$100,000.00",$0.00,$0.00,"$89,832.55"
2022-04-29,"$100,000.00",$0.00,$0.00,"$86,512.75"
2022-04-30,"$100,000.00",$0.00,$0.00,"$86,512.75"
2022-05-01,"$100,000.00",$0.00,$0.00,"$86,512.75"
2022-05-02,"$100,000.00",$0.00,$0.00,"$87,033.48"
2022-05-03,"$100,000.00",$0.00,$0.00,"$87,432.45"
2022-05-04,"$100,000.00",$0.00,$0.00,"$90,095.02"
2022-05-05,"$100,000.00",$0.00,$0.00,"$86,892.80"
2022-05-06,"$100,000.00",$0.00,$0.00,"$86,374.14"
2022-05-07,"$100,000.00",$0.00,$0.00,"$86,374.14"
2022-05-08,"$100,000.00",$0.00,$0.00,"$86,374.14"
2022-05-09,"$100,000.00",$0.00,$0.00,"$83,608.68"
2022-05-10,"$100,000.00",$0.00,$0.00,"$83,801.87"
2022-05-11,"$100,000.00",$0.00,$0.00,"$82,470.57"
2022-05-12,"$100,000.00",$0.00,$0.00,"$82,384.48"
2022-05-13,"$100,000.00",$0.00,$0.00,"$84,354.12"
2022-05-14,"$100,000.00",$0.00,$0.00,"$84,354.12"
2022-05-15,"$100,000.00",$0.00,$0.00,"$84,354.12"
2022-05-16,"$100,000.00",$0.00,$0.00,"$84,011.85"
2022-05-17,"$100,000.00",$0.00,$0.00,"$85,740.00"
2022-05-18,"$100,000.00",$0.00,$0.00,"$82,283.68"
2022-05-19,"$100,000.00",$0.00,$0.00,"$81,779.73"
2022-05-20,"$100,000.00",$0.00,$0.00,"$81,815.43"
2022-05-21,"$100,000.00",$0.00,$0.00,"$81,815.43"
2022-05-22,"$100,000.00",$0.00,$0.00,"$81,815.43"
2022-05-23,"$100,000.00",$0.00,$0.00,"$83,346.21"
2022-05-24,"$100,000.00",$0.00,$0.00,"$82,709.96"
2022-05-25,"$100,000.00",$0.00,$0.00,"$83,440.68"
2022-05-26,"$100,000.00",$0.00,$0.00,"$85,107.95"
2022-05-27,"$100,000.00",$0.00,$0.00,"$87,197.28"
2022-05-28,"$100,000.00",$0.00,$0.00,"$87,197.28"
2022-05-29,"$100,000.00",$0.00,$0.00,"$87,197.28"
2022-05-30,"$100,000.00",$0.00,$0.00,"$87,197.28"
2022-05-31,"$100,000.00",$0.00,$0.00,"$86,708.02"
2022-06-01,"$100,000.00",$0.00,$0.00,"$86,006.67"
2022-06-02,"$100,000.00",$0.00,$0.00,"$87,644.54"
2022-06-03,"$100,000.00",$0.00,$0.00,"$86,206.16"
2022-06-04,"$100,000.00",$0.00,$0.00,"$86,206.16"
2022-06-05,"$100,000.00",$0.00,$0.00,"$86,206.16"
2022-06-06,"$100,000.00",$0.00,$0.00,"$86,468.64"
2022-06-07,"$100,000.00",$0.00,$0.00,"$87,298.07"
2022-06-08,"$100,000.00",$0.00,$0.00,"$86,348.95"
2022-06-09,"$100,000.00",$0.00,$0.00,"$84,295.31"
2022-06-10,"$100,000.00",$0.00,$0.00,"$81,851.12"
2022-06-11,"$100,000.00",$0.00,$0.00,"$81,851.12"
2022-06-12,"$100,000.00",$0.00,$0.00,"$81,851.12"
2022-06-13,"$100,000.00",$0.00,$0.00,"$78,743.39"
2022-06-14,"$100,000.00",$0.00,$0.00,"$78,506.09"
2022-06-15,"$100,000.00",$0.00,$0.00,"$79,625.33"
2022-06-16,"$100,000.00",$0.00,$0.00,"$76,990.04"
2022-06-17,"$100,000.00",$0.00,$0.00,"$77,156.00"
2022-06-18,"$100,000.00",$0.00,$0.00,"$77,156.00"
2022-06-19,"$100,000.00",$0.00,$0.00,"$77,156.00"
2022-06-20,"$100,000.00",$0.00,$0.00,"$77,156.00"
2022-06-21,"$100,000.00",$0.00,$0.00,"$79,098.29"
2022-06-22,"$100,000.00",$0.00,$0.00,"$78,954.89"
2022-06-23,"$100,000.00",$0.00,$0.00,"$79,728.85"
2022-06-24,"$100,000.00",$0.00,$0.00,"$82,263.75"
2022-06-25,"$100,000.00",$0.00,$0.00,"$82,263.75"
2022-06-26,"$100,000.00",$0.00,$0.00,"$82,263.75"
2022-06-27,"$100,000.00",$0.00,$0.00,"$81,949.53"
2022-06-28,"$100,000.00",$0.00,$0.00,"$80,275.05"
2022-06-29,"$100,000.00",$0.00,$0.00,"$80,209.68"
2022-06-30,"$100,000.00",$0.00,$0.00,"$79,558.05"
2022-07-01,"$100,000.00",$0.00,$0.00,"$80,399.49"
2022-07-02,"$100,000.00",$0.00,$0.00,"$80,399.49"
2022-07-03,"$100,000.00",$0.00,$0.00,"$80,399.49"
2022-07-04,"$100,000.00",$0.00,$0.00,"$80,399.49"
2022-07-05,"$100,000.00",$0.00,$0.00,"$80,551.32"
2022-07-06,"$100,000.00",$0.00,$0.00,"$80,823.35"
2022-07-07,"$100,000.00",$0.00,$0.00,"$82,033.88"
2022-07-08,"$100,000.00",$0.00,$0.00,"$81,966.38"
2022-07-09,"$100,000.00",$0.00,$0.00,"$81,966.38"
2022-07-10,"$100,000.00",$0.00,$0.00,"$81,966.38"
2022-07-11,"$100,000.00",$0.00,$0.00,"$81,030.04"
2022-07-12,"$100,000.00",$0.00,$0.00,"$80,313.01"
2022-07-13,"$100,000.00",$0.00,$0.00,"$79,891.24"
2022-07-14,"$100,000.00",$0.00,$0.00,"$79,697.21"
2022-07-15,"$100,000.00",$0.00,$0.00,"$81,219.84"
2022-07-16,"$100,000.00",$0.00,$0.00,"$81,219.84"
2022-07-17,"$100,000.00",$0.00,$0.00,"$81,219.84"
2022-07-18,"$100,000.00",$0.00,$0.00,"$80,549.22"
2022-07-19,"$100,000.00",$0.00,$0.00,"$82,725.59"
2022-07-20,"$100,000.00",$0.00,$0.00,"$83,252.82"
2022-07-21,"$100,000.00",$0.00,$0.00,"$84,100.59"
2022-07-22,"$100,000.00",$0.00,$0.00,"$83,320.30"
2022-07-23,"$100,000.00",$0.00,$0.00,"$83,320.30"
2022-07-24,"$100,000.00",$0.00,$0.00,"$83,320.30"
2022-07-25,"$100,000.00",$0.00,$0.00,"$83,421.52"
2022-07-26,"$100,000.00",$0.00,$0.00,"$82,434.58"
2022-07-27,"$100,000.00",$0.00,$0.00,"$84,575.10"
2022-07-28,"$100,000.00",$0.00,$0.00,"$85,635.86"
2022-07-29,"$100,000.00",$0.00,$0.00,"$86,884.34"
2022-07-30,"$100,000.00",$0.00,$0.00,"$86,884.34"
2022-07-31,"$100,000.00",$0.00,$0.00,"$86,884.34"
2022-08-01,"$100,984.23",$0.00,$0.00,"$86,627.05"
2022-08-02,"$101,228.00",$243.77,$243.77,"$86,055.52"
2022-08-03,"$103,098.28","$1,870.28","$2,114.05","$87,403.11"
2022-08-04,"$105,495.96","$2,397.68","$4,511.73","$87,344.08"
2022-08-05,"$103,002.94","$-2,493.02","$2,018.71","$87,196.46"
2022-08-06,"$103,002.94",$0.00,"$2,018.71","$87,196.46"
2022-08-07,"$103,002.94",$0.00,"$2,018.71","$87,196.46"
2022-08-08,"$101,816.96",$0.00,"$2,018.71","$87,095.23"
2022-08-09,"$99,079.95","$-2,737.01",$-718.30,"$86,749.37"
2022-08-10,"$103,662.45","$4,582.50","$3,864.21","$88,571.44"
2022-08-11,"$102,331.26","$-1,331.19","$2,533.02","$88,571.44"
2022-08-12,"$105,704.20","$3,372.93","$5,905.95","$90,070.87"
2022-08-13,"$105,704.20",$0.00,"$5,905.95","$90,070.87"
2022-08-14,"$105,704.20",$0.00,"$5,905.95","$90,070.87"
2022-08-15,"$106,690.91",$0.00,"$5,905.95","$90,442.03"
2022-08-16,"$106,103.63",$-587.29,"$5,318.66","$90,619.18"
2022-08-17,"$104,916.37","$-1,187.25","$4,131.41","$89,975.97"
2022-08-18,"$105,086.99",$170.61,"$4,302.03","$90,237.47"
2022-08-19,"$102,238.04","$-2,848.95","$1,453.08","$89,024.87"
2022-08-20,"$102,238.04",$0.00,"$1,453.08","$89,024.87"
2022-08-21,"$102,238.04",$0.00,"$1,453.08","$89,024.87"
2022-08-22,"$99,226.57",$0.00,"$1,453.08","$87,171.14"
2022-08-23,"$99,226.57",$-0.00,"$1,453.08","$86,960.25"
2022-08-24,"$99,401.80",$175.23,"$1,628.30","$87,238.63"
2022-08-25,"$101,961.28","$2,559.48","$4,187.78","$88,470.22"
2022-08-26,"$97,159.79","$-4,801.49",$-613.71,"$85,475.60"
2022-08-27,"$97,159.79",$0.00,$-613.71,"$85,475.60"
2022-08-28,"$97,159.79",$0.00,$-613.71,"$85,475.60"
2022-08-29,"$97,159.79",$0.00,$-613.71,"$84,910.41"
2022-08-30,"$97,159.79",$0.00,$-613.71,"$83,978.28"
2022-08-31,"$97,159.79",$0.00,$-613.71,"$83,339.28"
2022-09-01,"$97,159.79",$0.00,$-613.71,"$83,600.79"
2022-09-02,"$97,159.79",$0.00,$-613.71,"$82,719.26"
2022-09-03,"$97,159.79",$0.00,$-613.71,"$82,719.26"
2022-09-04,"$97,159.79",$0.00,$-613.71,"$82,719.26"
2022-09-05,"$97,159.79",$0.00,$-613.71,"$82,719.26"
2022-09-06,"$97,159.79",$0.00,$-613.71,"$82,407.14"
2022-09-07,"$97,159.79",$0.00,$-613.71,"$83,887.59"
2022-09-08,"$97,159.79",$0.00,$-613.71,"$84,435.91"
2022-09-09,"$97,159.79",$0.00,$-613.71,"$85,747.63"
2022-09-10,"$97,159.79",$0.00,$-613.71,"$85,747.63"
2022-09-11,"$97,159.79",$0.00,$-613.71,"$85,747.63"
2022-09-12,"$97,159.79",$0.00,$-613.71,"$86,669.22"
2022-09-13,"$97,159.79",$0.00,$-613.71,"$82,900.62"
2022-09-14,"$97,159.79",$0.00,$-613.71,"$83,216.96"
2022-09-15,"$97,159.79",$0.00,$-613.71,"$82,272.17"
2022-09-16,"$97,159.79",$0.00,$-613.71,"$81,644.53"
2022-09-17,"$97,159.79",$0.00,$-613.71,"$81,644.53"
2022-09-18,"$97,159.79",$0.00,$-613.71,"$81,644.53"
2022-09-19,"$97,159.79",$0.00,$-613.71,"$82,277.69"
2022-09-20,"$97,159.79",$0.00,$-613.71,"$81,333.25"
2022-09-21,"$97,159.79",$0.00,$-613.71,"$79,914.50"
2022-09-22,"$97,159.79",$0.00,$-613.71,"$79,243.22"
2022-09-23,"$97,159.79",$0.00,$-613.71,"$77,915.51"
2022-09-24,"$97,159.79",$0.00,$-613.71,"$77,915.51"
2022-09-25,"$97,159.79",$0.00,$-613.71,"$77,915.51"
2022-09-26,"$97,159.79",$0.00,$-613.71,"$77,144.73"
2022-09-27,"$97,159.79",$0.00,$-613.71,"$76,947.80"
2022-09-28,"$97,159.79",$0.00,$-613.71,"$78,461.85"
2022-09-29,"$97,159.79",$0.00,$-613.71,"$76,822.86"
2022-09-30,"$97,159.79",$0.00,$-613.71,"$75,634.91"
2022-10-01,"$97,159.79",$0.00,$-613.71,"$75,634.91"
2022-10-02,"$97,159.79",$0.00,$-613.71,"$75,634.91"
2022-10-03,"$97,159.79",$0.00,$-613.71,"$77,631.77"
2022-10-04,"$97,159.79",$0.00,$-613.71,"$80,037.31"
2022-10-05,"$97,159.79",$0.00,$-613.71,"$79,850.97"
2022-10-06,"$97,159.79",$0.00,$-613.71,"$79,027.23"
2022-10-07,"$97,159.79",$0.00,$-613.71,"$76,822.86"
2022-10-08,"$97,159.79",$0.00,$-613.71,"$76,822.86"
2022-10-09,"$97,159.79",$0.00,$-613.71,"$76,822.86"
2022-10-10,"$97,159.79",$0.00,$-613.71,"$76,236.30"
2022-10-11,"$97,159.79",$0.00,$-613.71,"$75,753.49"
2022-10-12,"$97,159.79",$0.00,$-613.71,"$75,503.63"
2022-10-13,"$97,159.79",$0.00,$-613.71,"$77,496.24"
2022-10-14,"$97,159.79",$0.00,$-613.71,"$75,730.19"
2022-10-15,"$97,159.79",$0.00,$-613.71,"$75,730.19"
2022-10-16,"$97,159.79",$0.00,$-613.71,"$75,730.19"
2022-10-17,"$97,159.79",$0.00,$-613.71,"$77,676.23"
2022-10-18,"$97,159.79",$0.00,$-613.71,"$78,588.90"
2022-10-19,"$97,159.79",$0.00,$-613.71,"$78,031.98"
2022-10-20,"$97,159.79",$0.00,$-613.71,"$77,377.67"
2022-10-21,"$97,159.79",$0.00,$-613.71,"$79,258.05"
2022-10-22,"$97,159.79",$0.00,$-613.71,"$79,258.05"
2022-10-23,"$97,159.79",$0.00,$-613.71,"$79,258.05"
2022-10-24,"$97,159.79",$0.00,$-613.71,"$80,227.88"
2022-10-25,"$97,159.79",$0.00,$-613.71,"$81,509.02"
2022-10-26,"$97,159.79",$0.00,$-613.71,"$80,894.91"
2022-10-27,"$97,159.79",$0.00,$-613.71,"$80,462.95"
2022-10-28,"$97,159.79",$0.00,$-613.71,"$82,377.19"
2022-10-29,"$97,159.79",$0.00,$-613.71,"$82,377.19"
2022-10-30,"$97,159.79",$0.00,$-613.71,"$82,377.19"
2022-10-31,"$97,159.79",$0.00,$-613.71,"$81,782.18"
2022-11-01,"$97,159.79",$0.00,$-613.71,"$81,424.31"
2022-11-02,"$97,159.79",$0.00,$-613.71,"$79,380.86"
2022-11-03,"$97,159.79",$0.00,$-613.71,"$78,563.51"
2022-11-04,"$97,159.79",$0.00,$-613.71,"$79,694.26"
2022-11-05,"$97,159.79",$0.00,$-613.71,"$79,694.26"
2022-11-06,"$97,159.79",$0.00,$-613.71,"$79,694.26"
2022-11-07,"$97,159.79",$0.00,$-613.71,"$80,456.59"
2022-11-08,"$97,159.79",$0.00,$-613.71,"$80,890.68"
2022-11-09,"$97,159.79",$0.00,$-613.71,"$79,224.17"
2022-11-10,"$97,159.79",$0.00,$-613.71,"$83,577.88"
2022-11-11,"$101,310.92","$4,151.13","$3,537.42","$84,386.78"
2022-11-12,"$101,310.92",$0.00,"$3,537.42","$84,386.78"
2022-11-13,"$101,310.92",$0.00,"$3,537.42","$84,386.78"
2022-11-14,"$102,227.94",$0.00,"$3,537.42","$83,668.91"
2022-11-15,"$105,283.80","$3,055.86","$6,593.28","$84,382.54"
2022-11-16,"$101,842.79","$-3,441.01","$3,152.26","$83,738.79"
2022-11-17,"$101,019.78",$-823.01,"$2,329.26","$83,482.56"
2022-11-18,"$100,021.16",$-998.62,"$1,330.64","$83,861.62"
2022-11-19,"$100,021.16",$0.00,"$1,330.64","$83,861.62"
2022-11-20,"$100,021.16",$0.00,"$1,330.64","$83,861.62"
2022-11-21,"$99,467.87",$0.00,"$1,330.64","$83,556.68"
2022-11-22,"$103,113.08","$3,645.21","$4,975.85","$84,681.12"
2022-11-23,"$104,901.56","$1,788.48","$6,764.32","$85,214.73"
2022-11-24,"$104,901.56",$0.00,"$6,764.32","$85,214.73"
2022-11-25,"$103,553.40",$0.00,"$6,764.32","$85,195.68"
2022-11-26,"$103,553.40",$0.00,"$6,764.32","$85,195.68"
2022-11-27,"$103,553.40",$0.00,"$6,764.32","$85,195.68"
2022-11-28,"$101,394.15",$0.00,"$6,764.32","$83,836.20"
2022-11-29,"$101,031.73",$-362.42,"$6,401.91","$83,692.21"
2022-11-30,"$107,979.66","$6,947.93","$13,349.84","$86,328.57"
2022-12-01,"$108,624.96",$645.29,"$13,995.13","$86,265.04"
2022-12-02,"$107,636.82",$-988.13,"$13,007.00","$86,165.52"
2022-12-03,"$107,636.82",$0.00,"$13,007.00","$86,165.52"
2022-12-04,"$107,636.82",$0.00,"$13,007.00","$86,165.52"
2022-12-05,"$106,116.52",$0.00,"$13,007.00","$84,615.46"
2022-12-06,"$101,908.31","$-4,208.21","$8,798.79","$83,395.76"
2022-12-07,"$101,913.93",$5.62,"$8,804.41","$83,253.88"
2022-12-08,"$104,743.04","$2,829.11","$11,633.52","$83,906.09"
2022-12-09,"$105,335.31",$592.27,"$12,225.79","$83,279.28"
2022-12-10,"$105,335.31",$0.00,"$12,225.79","$83,279.28"
2022-12-11,"$105,335.31",$0.00,"$12,225.79","$83,279.28"
2022-12-12,"$103,758.10",$0.00,"$12,225.79","$84,479.94"
2022-12-13,"$103,758.10",$0.00,"$12,225.79","$85,119.44"
2022-12-14,"$102,921.36",$-836.73,"$11,389.06","$84,575.23"
2022-12-15,"$102,921.36",$0.00,"$11,389.06","$82,506.37"
2022-12-16,"$102,921.36",$0.00,"$11,389.06","$81,532.28"
2022-12-17,"$102,921.36",$0.00,"$11,389.06","$81,532.28"
2022-12-18,"$102,921.36",$0.00,"$11,389.06","$81,532.28"
2022-12-19,"$102,921.36",$0.00,"$11,389.06","$80,840.93"
2022-12-20,"$102,921.36",$0.00,"$11,389.06","$80,951.55"
2022-12-21,"$102,921.36",$0.00,"$11,389.06","$82,161.98"
2022-12-22,"$102,921.36",$0.00,"$11,389.06","$80,989.85"
2022-12-23,"$102,921.36",$0.00,"$11,389.06","$81,455.71"
2022-12-24,"$102,921.36",$0.00,"$11,389.06","$81,455.71"
2022-12-25,"$102,921.36",$0.00,"$11,389.06","$81,455.71"
2022-12-26,"$102,921.36",$0.00,"$11,389.06","$81,455.71"
2022-12-27,"$102,921.36",$0.00,"$11,389.06","$81,134.49"
2022-12-28,"$102,921.36",$0.00,"$11,389.06","$80,126.17"
2022-12-29,"$102,921.36",$0.00,"$11,389.06","$81,568.47"
2022-12-30,"$102,921.36",$0.00,"$11,389.06","$81,353.60"
2022-12-31,"$102,921.36",$0.00,"$11,389.06","$81,353.60"
2023-01-01,"$102,921.36",$0.00,"$11,389.06","$81,353.60"
2023-01-02,"$102,921.36",$0.00,"$11,389.06","$81,353.60"
2023-01-03,"$102,921.36",$0.00,"$11,389.06","$81,011.12"
2023-01-04,"$102,921.36",$0.00,"$11,389.06","$81,636.53"
2023-01-05,"$102,921.36",$0.00,"$11,389.06","$80,704.78"
2023-01-06,"$102,921.36",$0.00,"$11,389.06","$82,555.51"
2023-01-07,"$102,921.36",$0.00,"$11,389.06","$82,555.51"
2023-01-08,"$102,921.36",$0.00,"$11,389.06","$82,555.51"
2023-01-09,"$101,696.63",$0.00,"$11,389.06","$82,508.72"
2023-01-10,"$104,447.68","$2,751.05","$14,140.11","$83,087.34"
2023-01-11,"$104,369.15",$-78.54,"$14,061.57","$84,138.20"
2023-01-12,"$107,369.16","$3,000.01","$17,061.58","$84,444.54"
2023-01-13,"$107,581.19",$212.03,"$17,273.62","$84,772.15"
2023-01-14,"$107,581.19",$0.00,"$17,273.62","$84,772.15"
2023-01-15,"$107,581.19",$0.00,"$17,273.62","$84,772.15"
2023-01-16,"$107,581.19",$0.00,"$17,273.62","$84,772.15"
2023-01-17,"$106,308.94",$0.00,"$17,273.62","$84,616.86"
2023-01-18,"$105,390.05",$-918.89,"$16,354.72","$83,280.92"
2023-01-19,"$104,928.71",$-461.33,"$15,893.39","$82,674.66"
2023-01-20,"$108,148.86","$3,220.14","$19,113.54","$84,214.80"
2023-01-21,"$108,148.86",$0.00,"$19,113.54","$84,214.80"
2023-01-22,"$108,148.86",$0.00,"$19,113.54","$84,214.80"
2023-01-23,"$109,765.79",$0.00,"$19,113.54","$85,225.27"
2023-01-24,"$109,441.13",$-324.67,"$18,788.87","$85,133.78"
2023-01-25,"$109,758.81",$317.68,"$19,106.55","$85,165.71"
2023-01-26,"$113,498.62","$3,739.81","$22,846.36","$86,101.71"
2023-01-27,"$117,761.19","$4,262.58","$27,108.93","$86,299.54"
2023-01-28,"$117,761.19",$0.00,"$27,108.93","$86,299.54"
2023-01-29,"$117,761.19",$0.00,"$27,108.93","$86,299.54"
2023-01-30,"$113,278.30",$0.00,"$27,108.93","$85,216.75"
2023-01-31,"$115,504.36","$2,226.06","$29,334.99","$86,469.72"
2023-02-01,"$119,885.74","$4,381.38","$33,716.37","$87,388.69"
2023-02-02,"$128,616.03","$8,730.29","$42,446.66","$88,660.82"
2023-02-03,"$125,029.00","$-3,587.03","$38,859.63","$87,718.43"
2023-02-04,"$125,029.00",$0.00,"$38,859.63","$87,718.43"
2023-02-05,"$125,029.00",$0.00,"$38,859.63","$87,718.43"
2023-02-06,"$124,589.61",$0.00,"$38,859.63","$87,182.36"
2023-02-07,"$127,524.29","$2,934.68","$41,794.32","$88,322.58"
2023-02-08,"$124,795.37","$-2,728.92","$39,065.40","$87,356.79"
2023-02-09,"$124,232.98",$-562.39,"$38,503.01","$86,599.48"
2023-02-10,"$120,770.40","$-3,462.59","$35,040.42","$86,801.57"
2023-02-11,"$120,770.40",$0.00,"$35,040.42","$86,801.57"
2023-02-12,"$120,770.40",$0.00,"$35,040.42","$86,801.57"
2023-02-13,"$122,755.46",$0.00,"$35,040.42","$87,820.53"
2023-02-14,"$126,635.02","$3,879.56","$38,919.98","$87,780.13"
2023-02-15,"$126,198.59",$-436.43,"$38,483.55","$88,065.17"
2023-02-16,"$121,475.41","$-4,723.18","$33,760.37","$86,852.62"
2023-02-17,"$120,955.47",$-519.94,"$33,240.43","$86,635.64"
2023-02-18,"$120,955.47",$0.00,"$33,240.43","$86,635.64"
2023-02-19,"$120,955.47",$0.00,"$33,240.43","$86,635.64"
2023-02-20,"$120,955.47",$0.00,"$33,240.43","$86,635.64"
2023-02-21,"$117,570.78",$0.00,"$33,240.43","$84,897.65"
2023-02-22,"$118,285.58",$714.80,"$33,955.23","$84,780.66"
2023-02-23,"$118,956.66",$671.08,"$34,626.31","$85,231.64"
2023-02-24,"$116,928.34","$-2,028.32","$32,597.99","$84,321.16"
2023-02-25,"$116,928.34",$0.00,"$32,597.99","$84,321.16"
2023-02-26,"$116,928.34",$0.00,"$32,597.99","$84,321.16"
2023-02-27,"$119,223.88",$0.00,"$32,597.99","$84,608.34"
2023-02-28,"$119,627.58",$403.70,"$33,001.69","$84,295.63"
2023-03-01,"$117,824.95","$-1,802.63","$31,199.06","$83,972.29"
2023-03-02,"$116,840.57",$-984.38,"$30,214.68","$84,625.36"
2023-03-03,"$121,836.33","$4,995.76","$35,210.44","$85,982.56"
2023-03-04,"$121,836.33",$0.00,"$35,210.44","$85,982.56"
2023-03-05,"$121,836.33",$0.00,"$35,210.44","$85,982.56"
2023-03-06,"$120,131.49",$0.00,"$35,210.44","$86,042.12"
2023-03-07,"$118,774.89","$-1,356.60","$33,853.84","$84,723.22"
2023-03-08,"$123,329.18","$4,554.29","$38,408.13","$84,861.49"
2023-03-09,"$123,329.18",$0.00,"$38,408.13","$83,295.82"
2023-03-10,"$123,329.18",$0.00,"$38,408.13","$82,093.90"
2023-03-11,"$123,329.18",$0.00,"$38,408.13","$82,093.90"
2023-03-12,"$123,329.18",$0.00,"$38,408.13","$82,093.90"
2023-03-13,"$123,329.18",$0.00,"$38,408.13","$81,976.89"
2023-03-14,"$123,329.18",$0.00,"$38,408.13","$83,331.98"
2023-03-15,"$123,329.18",$0.00,"$38,408.13","$82,810.80"
2023-03-16,"$123,329.18",$0.00,"$38,408.13","$84,263.72"
2023-03-17,"$122,278.14","$-1,051.04","$37,357.09","$83,278.45"
2023-03-18,"$122,278.14",$0.00,"$37,357.09","$83,278.45"
2023-03-19,"$122,278.14",$0.00,"$37,357.09","$83,278.45"
2023-03-20,"$122,567.19",$0.00,"$37,357.09","$84,079.22"
2023-03-21,"$123,550.32",$983.13,"$38,340.22","$85,183.24"
2023-03-22,"$123,587.94",$37.61,"$38,377.84","$83,731.16"
2023-03-23,"$126,642.56","$3,054.62","$41,432.46","$83,957.52"
2023-03-24,"$125,624.31","$-1,018.26","$40,414.20","$84,508.44"
2023-03-25,"$125,624.31",$0.00,"$40,414.20","$84,508.44"
2023-03-26,"$125,624.31",$0.00,"$40,414.20","$84,508.44"
2023-03-27,"$123,946.64",$0.00,"$40,414.20","$84,666.47"
2023-03-28,"$122,595.29","$-1,351.34","$39,062.86","$84,476.41"
2023-03-29,"$124,653.24","$2,057.95","$41,120.81","$85,704.27"
2023-03-30,"$125,981.57","$1,328.33","$42,449.14","$86,206.09"
2023-03-31,"$127,638.20","$1,656.63","$44,105.77","$87,421.14"
2023-04-01,"$127,638.20",$0.00,"$44,105.77","$87,421.14"
2023-04-02,"$127,638.20",$0.00,"$44,105.77","$87,421.14"
2023-04-03,"$127,628.77",$0.00,"$44,105.77","$87,754.26"
2023-04-04,"$127,061.24",$-567.53,"$43,538.23","$87,267.38"
2023-04-05,"$124,697.28","$-2,363.95","$41,174.28","$87,038.89"
2023-04-06,"$127,522.12","$2,824.83","$43,999.11","$87,378.42"
2023-04-07,"$127,522.12",$0.00,"$43,999.11","$87,378.42"
2023-04-08,"$127,522.12",$0.00,"$43,999.11","$87,378.42"
2023-04-09,"$127,522.12",$0.00,"$43,999.11","$87,378.42"
2023-04-10,"$127,189.70",$0.00,"$43,999.11","$87,468.11"
2023-04-11,"$125,812.04","$-1,377.66","$42,621.45","$87,491.60"
2023-04-12,"$124,055.22","$-1,756.82","$40,864.63","$87,134.97"
2023-04-13,"$127,185.35","$3,130.13","$43,994.76","$88,292.38"
2023-04-14,"$127,045.72",$-139.62,"$43,855.14","$88,076.70"
2023-04-15,"$127,045.72",$0.00,"$43,855.14","$88,076.70"
2023-04-16,"$127,045.72",$0.00,"$43,855.14","$88,076.70"
2023-04-17,"$127,045.72",$0.00,"$43,855.14","$88,392.73"
2023-04-18,"$126,488.28",$-557.44,"$43,297.69","$88,450.40"
2023-04-19,"$125,217.08","$-1,271.20","$42,026.49","$88,435.44"
2023-04-20,"$125,217.08",$0.00,"$42,026.49","$87,952.85"
2023-04-21,"$126,219.17","$1,002.08","$43,028.58","$88,021.17"
2023-04-22,"$126,219.17",$0.00,"$43,028.58","$88,021.17"
2023-04-23,"$126,219.17",$0.00,"$43,028.58","$88,021.17"
2023-04-24,"$126,219.17",$0.00,"$43,028.58","$88,113.01"
2023-04-25,"$126,219.17",$0.00,"$43,028.58","$86,714.30"
2023-04-26,"$126,219.17",$0.00,"$43,028.58","$86,347.02"
2023-04-27,"$126,219.17",$0.00,"$43,028.58","$88,066.03"
2023-04-28,"$127,141.05",$921.89,"$43,950.46","$88,817.68"
2023-04-29,"$127,141.05",$0.00,"$43,950.46","$88,817.68"
2023-04-30,"$127,141.05",$0.00,"$43,950.46","$88,817.68"
2023-05-01,"$128,653.98",$0.00,"$43,950.46","$88,727.99"
2023-05-02,"$126,569.53","$-2,084.44","$41,866.02","$87,730.77"
2023-05-03,"$125,400.33","$-1,169.20","$40,696.82","$87,128.57"
2023-05-04,"$123,543.38","$-1,856.95","$38,839.87","$86,511.45"
2023-05-05,"$123,151.88",$-391.50,"$38,448.37","$88,113.01"
2023-05-06,"$123,151.88",$0.00,"$38,448.37","$88,113.01"
2023-05-07,"$123,151.88",$0.00,"$38,448.37","$88,113.01"
2023-05-08,"$123,151.88",$0.00,"$38,448.37","$88,136.48"
2023-05-09,"$123,151.88",$0.00,"$38,448.37","$87,749.98"
2023-05-10,"$123,151.88",$0.00,"$38,448.37","$88,159.97"
2023-05-11,"$123,819.04",$667.16,"$39,115.53","$88,006.23"
2023-05-12,"$123,819.04",$0.00,"$39,115.53","$87,890.93"
2023-05-13,"$123,819.04",$0.00,"$39,115.53","$87,890.93"
2023-05-14,"$123,819.04",$0.00,"$39,115.53","$87,890.93"
2023-05-15,"$123,819.04",$0.00,"$39,115.53","$88,194.15"
2023-05-16,"$123,819.04",$0.00,"$39,115.53","$87,604.78"
2023-05-17,"$125,958.26","$2,139.22","$41,254.75","$88,668.20"
2023-05-18,"$128,475.36","$2,517.10","$43,771.85","$89,522.37"
2023-05-19,"$127,090.34","$-1,385.02","$42,386.83","$89,392.10"
2023-05-20,"$127,090.34",$0.00,"$42,386.83","$89,392.10"
2023-05-21,"$127,090.34",$0.00,"$42,386.83","$89,392.10"
2023-05-22,"$128,517.26",$0.00,"$42,386.83","$89,428.40"
2023-05-23,"$127,054.26","$-1,463.00","$40,923.83","$88,424.77"
2023-05-24,"$126,489.79",$-564.47,"$40,359.36","$87,784.14"
2023-05-25,"$130,021.06","$3,531.28","$43,890.63","$88,544.36"
2023-05-26,"$136,313.68","$6,292.61","$50,183.24","$89,691.06"
2023-05-27,"$136,313.68",$0.00,"$50,183.24","$89,691.06"
2023-05-28,"$136,313.68",$0.00,"$50,183.24","$89,691.06"
2023-05-29,"$136,313.68",$0.00,"$50,183.24","$89,691.06"
2023-05-30,"$137,360.70",$0.00,"$50,183.24","$89,725.23"
2023-05-31,"$134,944.89","$-2,415.80","$47,767.44","$89,227.67"
2023-06-01,"$136,985.44","$2,040.55","$49,807.99","$90,075.44"
2023-06-02,"$137,744.72",$759.28,"$50,567.27","$91,378.03"
2023-06-03,"$137,744.72",$0.00,"$50,567.27","$91,378.03"
2023-06-04,"$137,744.72",$0.00,"$50,567.27","$91,378.03"
2023-06-05,"$138,003.85",$0.00,"$50,567.27","$91,202.92"
2023-06-06,"$138,877.49",$873.64,"$51,440.91","$91,401.51"
2023-06-07,"$137,136.07","$-1,741.42","$49,699.49","$91,085.48"
2023-06-08,"$140,948.95","$3,812.88","$53,512.36","$91,636.41"
2023-06-09,"$143,933.61","$2,984.67","$56,497.03","$91,800.83"
2023-06-10,"$143,933.61",$0.00,"$56,497.03","$91,800.83"
2023-06-11,"$143,933.61",$0.00,"$56,497.03","$91,800.83"
2023-06-12,"$148,125.93",$0.00,"$56,497.03","$92,633.64"
2023-06-13,"$149,940.59","$1,814.66","$58,311.69","$93,244.37"
2023-06-14,"$153,407.61","$3,467.02","$61,778.71","$93,355.41"
2023-06-15,"$152,522.90",$-884.71,"$60,894.00","$94,512.78"
2023-06-16,"$150,655.45","$-1,867.45","$59,026.54","$94,190.86"
2023-06-17,"$150,655.45",$0.00,"$59,026.54","$94,190.86"
2023-06-18,"$150,655.45",$0.00,"$59,026.54","$94,190.86"
2023-06-19,"$150,655.45",$0.00,"$59,026.54","$94,190.86"
2023-06-20,"$153,597.15",$0.00,"$59,026.54","$93,702.19"
2023-06-21,"$149,657.52","$-3,939.64","$55,086.91","$93,222.08"
2023-06-22,"$150,247.26",$589.74,"$55,676.65","$93,558.58"
2023-06-23,"$148,559.96","$-1,687.29","$53,989.35","$92,851.29"
2023-06-24,"$148,559.96",$0.00,"$53,989.35","$92,851.29"
2023-06-25,"$148,559.96",$0.00,"$53,989.35","$92,851.29"
2023-06-26,"$144,052.14",$0.00,"$53,989.35","$92,471.92"
2023-06-27,"$147,470.08","$3,417.94","$57,407.29","$93,485.70"
2023-06-28,"$151,492.33","$4,022.25","$61,429.55","$93,532.86"
2023-06-29,"$152,229.82",$737.48,"$62,167.03","$93,901.51"
2023-06-30,"$154,753.91","$2,524.10","$64,691.13","$95,009.63"
2023-07-01,"$154,753.91",$0.00,"$64,691.13","$95,009.63"
2023-07-02,"$154,753.91",$0.00,"$64,691.13","$95,009.63"
2023-07-03,"$165,424.76",$0.00,"$64,691.13","$95,118.92"
2023-07-04,"$165,424.76",$0.00,"$64,691.13","$95,118.92"
2023-07-05,"$166,211.04",$0.00,"$64,691.13","$94,977.47"
2023-07-06,"$163,166.99","$-3,044.05","$61,647.08","$94,233.72"
2023-07-07,"$161,928.26","$-1,238.73","$60,408.35","$93,995.82"
2023-07-08,"$161,928.26",$0.00,"$60,408.35","$93,995.82"
2023-07-09,"$161,928.26",$0.00,"$60,408.35","$93,995.82"
2023-07-10,"$161,637.33",$0.00,"$60,408.35","$94,233.72"
2023-07-11,"$162,838.98","$1,201.65","$61,610.00","$94,833.86"
2023-07-12,"$166,516.70","$3,677.72","$65,287.72","$95,596.89"
2023-07-13,"$171,452.85","$4,936.15","$70,223.87","$96,355.63"
2023-07-14,"$169,264.04","$-2,188.81","$68,035.06","$96,295.61"
2023-07-15,"$169,264.04",$0.00,"$68,035.06","$96,295.61"
2023-07-16,"$169,264.04",$0.00,"$68,035.06","$96,295.61"
2023-07-17,"$170,218.26",$0.00,"$68,035.06","$96,629.96"
2023-07-18,"$170,618.63",$400.37,"$68,435.43","$97,348.00"
2023-07-19,"$170,642.69",$24.06,"$68,459.49","$97,564.46"
2023-07-20,"$163,406.45","$-7,236.24","$61,223.25","$96,917.18"
2023-07-21,"$163,406.45",$0.00,"$61,223.25","$96,917.18"
2023-07-22,"$163,406.45",$0.00,"$61,223.25","$96,917.18"
2023-07-23,"$163,406.45",$0.00,"$61,223.25","$96,917.18"
2023-07-24,"$163,406.45",$0.00,"$61,223.25","$97,350.14"
2023-07-25,"$163,406.45",$0.00,"$61,223.25","$97,615.91"
2023-07-26,"$161,469.28","$-1,937.17","$59,286.08","$97,630.91"
2023-07-27,"$161,469.28",$0.00,"$59,286.08","$96,983.63"
2023-07-28,"$164,429.55","$2,960.26","$62,246.35","$97,933.11"
2023-07-29,"$164,429.55",$0.00,"$62,246.35","$97,933.11"
2023-07-30,"$164,429.55",$0.00,"$62,246.35","$97,933.11"
2023-07-31,"$163,303.66",$0.00,"$62,246.35","$98,119.58"
2023-08-01,"$163,267.40",$-36.25,"$62,210.10","$97,838.81"
2023-08-02,"$159,045.77","$-4,221.63","$57,988.47","$96,477.80"
2023-08-03,"$159,045.77",$0.00,"$57,988.47","$96,201.31"
2023-08-04,"$159,045.77",$0.00,"$57,988.47","$95,766.20"
2023-08-05,"$159,045.77",$0.00,"$57,988.47","$95,766.20"
2023-08-06,"$159,045.77",$0.00,"$57,988.47","$95,766.20"
2023-08-07,"$159,045.77",$0.00,"$57,988.47","$96,602.12"
2023-08-08,"$157,705.05","$-1,340.72","$56,647.74","$96,182.01"
2023-08-09,"$155,627.09","$-2,077.96","$54,569.79","$95,539.03"
2023-08-10,"$155,627.09",$0.00,"$54,569.79","$95,573.32"
2023-08-11,"$155,627.09",$0.00,"$54,569.79","$95,517.59"
2023-08-12,"$155,627.09",$0.00,"$54,569.79","$95,517.59"
2023-08-13,"$155,627.09",$0.00,"$54,569.79","$95,517.59"
2023-08-14,"$155,627.09",$0.00,"$54,569.79","$96,044.85"
2023-08-15,"$155,627.09",$0.00,"$54,569.79","$94,926.04"
2023-08-16,"$155,627.09",$0.00,"$54,569.79","$94,229.44"
2023-08-17,"$155,627.09",$0.00,"$54,569.79","$93,511.43"
2023-08-18,"$155,627.09",$0.00,"$54,569.79","$93,556.42"
2023-08-19,"$155,627.09",$0.00,"$54,569.79","$93,556.42"
2023-08-20,"$155,627.09",$0.00,"$54,569.79","$93,556.42"
2023-08-21,"$155,627.09",$0.00,"$54,569.79","$94,165.14"
2023-08-22,"$155,627.09",$0.00,"$54,569.79","$93,910.09"
2023-08-23,"$155,627.09",$0.00,"$54,569.79","$94,956.03"
2023-08-24,"$155,627.09",$0.00,"$54,569.79","$93,640.03"
2023-08-25,"$155,627.09",$0.00,"$54,569.79","$94,300.17"
2023-08-26,"$155,627.09",$0.00,"$54,569.79","$94,300.17"
2023-08-27,"$155,627.09",$0.00,"$54,569.79","$94,300.17"
2023-08-28,"$155,627.09",$0.00,"$54,569.79","$94,898.17"
2023-08-29,"$155,627.09",$0.00,"$54,569.79","$96,269.89"
2023-08-30,"$155,627.09",$0.00,"$54,569.79","$96,666.41"
2023-08-31,"$155,911.69",$284.60,"$54,854.38","$96,524.95"
2023-09-01,"$153,239.45","$-2,672.24","$52,182.15","$96,704.98"
2023-09-02,"$153,239.45",$0.00,"$52,182.15","$96,704.98"
2023-09-03,"$153,239.45",$0.00,"$52,182.15","$96,704.98"
2023-09-04,"$153,239.45",$0.00,"$52,182.15","$96,704.98"
2023-09-05,"$153,239.45",$0.00,"$52,182.15","$96,287.04"
2023-09-06,"$153,239.45",$0.00,"$52,182.15","$95,639.76"
2023-09-07,"$153,239.45",$0.00,"$52,182.15","$95,346.11"
2023-09-08,"$153,239.45",$0.00,"$52,182.15","$95,489.72"
2023-09-09,"$153,239.45",$0.00,"$52,182.15","$95,489.72"
2023-09-10,"$153,239.45",$0.00,"$52,182.15","$95,489.72"
2023-09-11,"$153,239.45",$0.00,"$52,182.15","$96,117.73"
2023-09-12,"$151,025.80","$-2,213.65","$49,968.49","$95,590.46"
2023-09-13,"$153,171.67","$2,145.88","$52,114.37","$95,701.91"
2023-09-14,"$155,847.68","$2,676.01","$54,790.38","$96,527.09"
2023-09-15,"$154,916.17",$-931.51,"$53,858.86","$95,364.11"
2023-09-16,"$154,916.17",$0.00,"$53,858.86","$95,364.11"
2023-09-17,"$154,916.17",$0.00,"$53,858.86","$95,364.11"
2023-09-18,"$149,773.05",$0.00,"$53,858.86","$95,420.04"
2023-09-19,"$150,461.81",$688.76,"$54,547.62","$95,222.15"
2023-09-20,"$148,254.40","$-2,207.42","$52,340.21","$94,346.73"
2023-09-21,"$144,364.61","$-3,889.79","$48,450.42","$92,787.34"
2023-09-22,"$138,256.12","$-6,108.49","$42,341.93","$92,578.70"
2023-09-23,"$138,256.12",$0.00,"$42,341.93","$92,578.70"
2023-09-24,"$138,256.12",$0.00,"$42,341.93","$92,578.70"
2023-09-25,"$138,256.12",$0.00,"$42,341.93","$92,968.02"
2023-09-26,"$138,256.12",$0.00,"$42,341.93","$91,602.19"
2023-09-27,"$138,256.12",$0.00,"$42,341.93","$91,638.76"
2023-09-28,"$138,256.12",$0.00,"$42,341.93","$92,170.03"
2023-09-29,"$138,256.12",$0.00,"$42,341.93","$91,946.34"
2023-09-30,"$138,256.12",$0.00,"$42,341.93","$91,946.34"
2023-10-01,"$138,256.12",$0.00,"$42,341.93","$91,946.34"
2023-10-02,"$138,256.12",$0.00,"$42,341.93","$91,909.78"
2023-10-03,"$138,256.12",$0.00,"$42,341.93","$90,679.47"
2023-10-04,"$138,256.12",$0.00,"$42,341.93","$91,339.79"
2023-10-05,"$138,256.12",$0.00,"$42,341.93","$91,305.37"
2023-10-06,"$138,256.12",$0.00,"$42,341.93","$92,389.41"
2023-10-07,"$138,256.12",$0.00,"$42,341.93","$92,389.41"
2023-10-08,"$138,256.12",$0.00,"$42,341.93","$92,389.41"
2023-10-09,"$138,256.12",$0.00,"$42,341.93","$92,980.92"
2023-10-10,"$138,256.12",$0.00,"$42,341.93","$93,464.88"
2023-10-11,"$138,256.12",$0.00,"$42,341.93","$93,847.73"
2023-10-12,"$138,256.12",$0.00,"$42,341.93","$93,275.60"
2023-10-13,"$138,256.12",$0.00,"$42,341.93","$92,811.00"
2023-10-14,"$138,256.12",$0.00,"$42,341.93","$92,811.00"
2023-10-15,"$138,256.12",$0.00,"$42,341.93","$92,811.00"
2023-10-16,"$138,256.12",$0.00,"$42,341.93","$93,787.50"
2023-10-17,"$138,256.12",$0.00,"$42,341.93","$93,783.20"
2023-10-18,"$138,256.12",$0.00,"$42,341.93","$92,533.53"
2023-10-19,"$138,256.12",$0.00,"$42,341.93","$91,720.49"
2023-10-20,"$138,256.12",$0.00,"$42,341.93","$90,593.43"
2023-10-21,"$138,256.12",$0.00,"$42,341.93","$90,593.43"
2023-10-22,"$138,256.12",$0.00,"$42,341.93","$90,593.43"
2023-10-23,"$138,256.12",$0.00,"$42,341.93","$90,436.41"
2023-10-24,"$138,256.12",$0.00,"$42,341.93","$91,118.24"
2023-10-25,"$138,256.12",$0.00,"$42,341.93","$89,810.49"
2023-10-26,"$138,256.12",$0.00,"$42,341.93","$88,735.06"
2023-10-27,"$138,256.12",$0.00,"$42,341.93","$88,332.84"
2023-10-28,"$138,256.12",$0.00,"$42,341.93","$88,332.84"
2023-10-29,"$138,256.12",$0.00,"$42,341.93","$88,332.84"
2023-10-30,"$138,256.12",$0.00,"$42,341.93","$89,388.94"
2023-10-31,"$138,256.12",$0.00,"$42,341.93","$89,950.32"
2023-11-01,"$138,256.12",$0.00,"$42,341.93","$90,909.60"
2023-11-02,"$138,256.12",$0.00,"$42,341.93","$92,651.84"
2023-11-03,"$138,256.12",$0.00,"$42,341.93","$93,497.13"
2023-11-04,"$138,256.12",$0.00,"$42,341.93","$93,497.13"
2023-11-05,"$138,256.12",$0.00,"$42,341.93","$93,497.13"
2023-11-06,"$138,256.12",$0.00,"$42,341.93","$93,712.22"
2023-11-07,"$138,256.12",$0.00,"$42,341.93","$93,978.93"
2023-11-08,"$138,256.12",$0.00,"$42,341.93","$94,047.76"
2023-11-09,"$138,256.12",$0.00,"$42,341.93","$93,314.30"
2023-11-10,"$138,256.12",$-0.00,"$42,341.93","$94,770.46"
2023-11-11,"$138,256.12",$0.00,"$42,341.93","$94,770.46"
2023-11-12,"$138,256.12",$0.00,"$42,341.93","$94,770.46"
2023-11-13,"$137,018.71",$0.00,"$42,341.93","$94,680.12"
2023-11-14,"$138,307.03","$1,288.32","$43,630.25","$96,516.98"
2023-11-15,"$138,407.04",$100.01,"$43,730.26","$96,721.32"
2023-11-16,"$139,870.42","$1,463.38","$45,193.64","$96,839.63"
2023-11-17,"$139,879.79",$9.36,"$45,203.01","$96,960.06"
2023-11-18,"$139,879.79",$0.00,"$45,203.01","$96,960.06"
2023-11-19,"$139,879.79",$0.00,"$45,203.01","$96,960.06"
2023-11-20,"$141,917.38",$0.00,"$45,203.01","$97,706.44"
2023-11-21,"$140,286.08","$-1,631.29","$43,571.72","$97,493.49"
2023-11-22,"$141,466.50","$1,180.42","$44,752.14","$97,869.89"
2023-11-23,"$141,466.50",$0.00,"$44,752.14","$97,869.89"
2023-11-24,"$141,165.52",$0.00,"$44,752.14","$97,930.13"
2023-11-25,"$141,165.52",$0.00,"$44,752.14","$97,930.13"
2023-11-26,"$141,165.52",$0.00,"$44,752.14","$97,930.13"
2023-11-27,"$140,868.08",$0.00,"$44,752.14","$97,753.76"
2023-11-28,"$140,642.19",$-225.89,"$44,526.24","$97,850.54"
2023-11-29,"$140,572.86",$-69.32,"$44,456.92","$97,781.71"
2023-11-30,"$138,516.71","$-2,056.15","$42,400.76","$98,166.72"
2023-12-01,"$137,797.01",$-719.70,"$41,681.06","$98,747.45"
2023-12-02,"$137,797.01",$0.00,"$41,681.06","$98,747.45"
2023-12-03,"$137,797.01",$0.00,"$41,681.06","$98,747.45"
2023-12-04,"$134,619.83",$0.00,"$41,681.06","$98,229.09"
2023-12-05,"$134,619.83",$0.00,"$41,681.06","$98,209.74"
2023-12-06,"$134,619.83",$0.00,"$41,681.06","$97,813.97"
2023-12-07,"$134,619.83",$0.00,"$41,681.06","$98,560.33"
2023-12-08,"$135,190.84",$571.01,"$42,252.08","$98,984.06"
2023-12-09,"$135,190.84",$0.00,"$42,252.08","$98,984.06"
2023-12-10,"$135,190.84",$0.00,"$42,252.08","$98,984.06"
2023-12-11,"$138,046.95",$0.00,"$42,252.08","$99,369.07"
2023-12-12,"$138,928.31",$881.36,"$43,133.43","$99,822.91"
2023-12-13,"$140,318.34","$1,390.02","$44,523.46","$101,199.48"
2023-12-14,"$141,303.54",$985.20,"$45,508.66","$101,524.26"
2023-12-15,"$143,376.81","$2,073.27","$47,581.93","$101,357.10"
2023-12-16,"$143,376.81",$0.00,"$47,581.93","$101,357.10"
2023-12-17,"$143,376.81",$0.00,"$47,581.93","$101,357.10"
2023-12-18,"$144,343.26",$0.00,"$47,581.93","$101,927.24"
2023-12-19,"$144,525.82",$182.56,"$47,764.49","$102,547.06"
2023-12-20,"$140,275.44","$-4,250.38","$43,514.11","$101,126.04"
2023-12-21,"$143,642.22","$3,366.78","$46,880.89","$102,084.90"
2023-12-22,"$143,147.68",$-494.54,"$46,386.35","$102,290.07"
2023-12-23,"$143,147.68",$0.00,"$46,386.35","$102,290.07"
2023-12-24,"$143,147.68",$0.00,"$46,386.35","$102,290.07"
2023-12-25,"$143,147.68",$0.00,"$46,386.35","$102,290.07"
2023-12-26,"$145,732.44",$0.00,"$46,386.35","$102,721.99"
2023-12-27,"$146,719.10",$986.65,"$47,373.00","$102,907.71"
2023-12-28,"$147,828.03","$1,108.93","$48,481.93","$102,946.58"
2023-12-29,"$146,756.03","$-1,072.00","$47,409.93","$102,648.56"
2023-12-30,"$146,756.03",$0.00,"$47,409.93","$102,648.56"
2023-12-31,"$146,756.03",$0.00,"$47,409.93","$102,648.56"
2024-01-01,"$146,756.03",$0.00,"$47,409.93","$102,648.56"
2024-01-02,"$140,331.42",$0.00,"$47,409.93","$102,074.11"
2024-01-03,"$136,964.81","$-3,366.61","$44,043.32","$101,240.48"
2024-01-04,"$136,691.39",$-273.41,"$43,769.90","$100,914.38"
2024-01-05,"$137,987.51","$1,296.12","$45,066.02","$101,052.61"
2024-01-06,"$137,987.51",$0.00,"$45,066.02","$101,052.61"
2024-01-07,"$137,987.51",$0.00,"$45,066.02","$101,052.61"
2024-01-08,"$142,065.96",$0.00,"$45,066.02","$102,495.22"
2024-01-09,"$144,192.65","$2,126.69","$47,192.71","$102,339.74"
2024-01-10,"$144,971.33",$778.68,"$47,971.39","$102,918.51"
2024-01-11,"$145,117.49",$146.17,"$48,117.55","$102,873.15"
2024-01-12,"$145,912.15",$794.66,"$48,912.21","$102,944.42"
2024-01-13,"$145,912.15",$0.00,"$48,912.21","$102,944.42"
2024-01-14,"$145,912.15",$0.00,"$48,912.21","$102,944.42"
2024-01-15,"$145,912.15",$0.00,"$48,912.21","$102,944.42"
2024-01-16,"$146,762.92",$0.00,"$48,912.21","$102,566.49"
2024-01-17,"$147,034.90",$271.98,"$49,184.19","$101,996.35"
2024-01-18,"$149,560.93","$2,526.03","$51,710.23","$102,903.39"
2024-01-19,"$157,996.68","$8,435.75","$60,145.98","$104,186.19"
2024-01-20,"$157,996.68",$0.00,"$60,145.98","$104,186.19"
2024-01-21,"$157,996.68",$0.00,"$60,145.98","$104,186.19"
2024-01-22,"$155,466.97",$0.00,"$60,145.98","$104,406.49"
2024-01-23,"$155,863.26",$396.29,"$60,542.26","$104,710.99"
2024-01-24,"$162,368.36","$6,505.11","$67,047.37","$104,825.45"
2024-01-25,"$163,371.39","$1,003.02","$68,050.39","$105,395.57"
2024-01-26,"$162,998.37",$-373.01,"$67,677.38","$105,261.68"
2024-01-27,"$162,998.37",$0.00,"$67,677.38","$105,261.68"
2024-01-28,"$162,998.37",$0.00,"$67,677.38","$105,261.68"
2024-01-29,"$165,179.04",$0.00,"$67,677.38","$106,095.29"
2024-01-30,"$163,016.67","$-2,162.36","$65,515.02","$106,013.23"
2024-01-31,"$160,252.90","$-2,763.77","$62,751.25","$104,283.38"
2024-02-01,"$162,611.24","$2,358.34","$65,109.59","$105,648.26"
2024-02-02,"$172,211.81","$9,600.56","$74,710.15","$106,760.46"
2024-02-03,"$172,211.81",$0.00,"$74,710.15","$106,760.46"
2024-02-04,"$172,211.81",$0.00,"$74,710.15","$106,760.46"
2024-02-05,"$171,610.44",$0.00,"$74,710.15","$106,371.73"
2024-02-06,"$168,518.15","$-3,092.29","$71,617.86","$106,680.56"
2024-02-07,"$172,306.84","$3,788.69","$75,406.55","$107,570.32"
2024-02-08,"$172,229.03",$-77.82,"$75,328.74","$107,617.83"
2024-02-09,"$174,364.63","$2,135.61","$77,464.34","$108,239.79"
2024-02-10,"$174,364.63",$0.00,"$77,464.34","$108,239.79"
2024-02-11,"$174,364.63",$0.00,"$77,464.34","$108,239.79"
2024-02-12,"$173,649.38",$0.00,"$77,464.34","$108,192.28"
2024-02-13,"$172,294.88","$-1,354.50","$76,109.84","$106,702.14"
2024-02-14,"$176,422.48","$4,127.61","$80,237.45","$107,671.81"
2024-02-15,"$177,328.57",$906.08,"$81,143.53","$108,414.72"
2024-02-16,"$175,348.27","$-1,980.29","$79,163.24","$107,874.82"
2024-02-17,"$175,348.27",$0.00,"$79,163.24","$107,874.82"
2024-02-18,"$175,348.27",$0.00,"$79,163.24","$107,874.82"
2024-02-19,"$175,348.27",$0.00,"$79,163.24","$107,874.82"
2024-02-20,"$171,729.09",$0.00,"$79,163.24","$107,280.92"
2024-02-21,"$169,490.24","$-2,238.85","$76,924.39","$107,378.10"
2024-02-22,"$182,198.04","$12,707.80","$89,632.19","$109,600.35"
2024-02-23,"$182,292.63",$94.60,"$89,726.78","$109,675.94"
2024-02-24,"$182,292.63",$0.00,"$89,726.78","$109,675.94"
2024-02-25,"$182,292.63",$0.00,"$89,726.78","$109,675.94"
2024-02-26,"$182,126.88",$0.00,"$89,726.78","$109,274.25"
2024-02-27,"$182,677.07",$550.19,"$90,276.97","$109,477.25"
2024-02-28,"$180,909.74","$-1,767.33","$88,509.65","$109,332.55"
2024-02-29,"$183,733.30","$2,823.55","$91,333.20","$109,725.61"
2024-03-01,"$191,135.17","$7,401.87","$98,735.07","$110,755.74"
2024-03-02,"$191,135.17",$0.00,"$98,735.07","$110,755.74"
2024-03-03,"$191,135.17",$0.00,"$98,735.07","$110,755.74"
2024-03-04,"$192,656.62",$0.00,"$98,735.07","$110,636.96"
2024-03-05,"$190,407.35","$-2,249.27","$96,485.80","$109,531.24"
2024-03-06,"$195,981.65","$5,574.30","$102,060.10","$110,086.26"
2024-03-07,"$200,526.25","$4,544.59","$106,604.70","$111,179.02"
2024-03-08,"$190,887.17","$-9,639.08","$96,965.61","$110,511.71"
2024-03-09,"$190,887.17",$0.00,"$96,965.61","$110,511.71"
2024-03-10,"$190,887.17",$0.00,"$96,965.61","$110,511.71"
2024-03-11,"$184,845.59",$0.00,"$96,965.61","$110,416.69"
2024-03-12,"$193,495.97","$8,650.38","$105,615.99","$111,604.48"
2024-03-13,"$188,615.03","$-4,880.94","$100,735.05","$111,429.53"
2024-03-14,"$181,818.34","$-6,796.69","$93,938.36","$111,209.27"
2024-03-15,"$181,598.22",$-220.12,"$93,718.24","$110,445.64"
2024-03-16,"$181,598.22",$0.00,"$93,718.24","$110,445.64"
2024-03-17,"$181,598.22",$0.00,"$93,718.24","$110,445.64"
2024-03-18,"$182,875.85",$0.00,"$93,718.24","$111,102.03"
2024-03-19,"$184,825.36","$1,949.51","$95,667.75","$111,719.44"
2024-03-20,"$186,838.94","$2,013.59","$97,681.34","$112,752.76"
2024-03-21,"$189,036.52","$2,197.58","$99,878.92","$113,125.38"
2024-03-22,"$194,878.00","$5,841.48","$105,720.40","$112,910.91"
2024-03-23,"$194,878.00",$0.00,"$105,720.40","$112,910.91"
2024-03-24,"$194,878.00",$0.00,"$105,720.40","$112,910.91"
2024-03-25,"$196,351.49",$0.00,"$105,720.40","$112,598.96"
2024-03-26,"$191,306.40","$-5,045.09","$100,675.30","$112,390.98"
2024-03-27,"$186,530.00","$-4,776.40","$95,898.91","$113,335.50"
2024-03-28,"$186,676.27",$146.26,"$96,045.17","$113,313.85"
2024-03-29,"$186,676.27",$0.00,"$96,045.17","$113,313.85"
2024-03-30,"$186,676.27",$0.00,"$96,045.17","$113,313.85"
2024-03-31,"$186,676.27",$0.00,"$96,045.17","$113,313.85"
2024-04-01,"$186,690.65",$0.00,"$96,045.17","$113,116.71"
2024-04-02,"$185,585.19","$-1,105.46","$94,939.71","$112,397.51"
2024-04-03,"$186,017.41",$432.22,"$95,371.93","$112,520.97"
2024-04-04,"$180,746.21","$-5,271.21","$90,100.73","$111,147.53"
2024-04-05,"$183,111.65","$2,365.44","$92,466.17","$112,308.67"
2024-04-06,"$183,111.65",$0.00,"$92,466.17","$112,308.67"
2024-04-07,"$183,111.65",$0.00,"$92,466.17","$112,308.67"
2024-04-08,"$185,933.37",$0.00,"$92,466.17","$112,371.48"
2024-04-09,"$188,034.65","$2,101.28","$94,567.45","$112,501.46"
2024-04-10,"$187,482.31",$-552.34,"$94,015.10","$111,374.98"
2024-04-11,"$191,408.70","$3,926.40","$97,941.50","$112,215.52"
2024-04-12,"$189,391.46","$-2,017.24","$95,924.26","$110,666.61"
2024-04-13,"$189,391.46",$0.00,"$95,924.26","$110,666.61"
2024-04-14,"$189,391.46",$0.00,"$95,924.26","$110,666.61"
2024-04-15,"$185,945.37",$0.00,"$95,924.26","$109,280.16"
2024-04-16,"$185,945.37",$0.00,"$95,924.26","$109,080.85"
2024-04-17,"$185,945.37",$0.00,"$95,924.26","$108,435.28"
2024-04-18,"$185,945.37",$0.00,"$95,924.26","$108,212.15"
2024-04-19,"$185,945.37",$0.00,"$95,924.26","$107,267.64"
2024-04-20,"$185,945.37",$0.00,"$95,924.26","$107,267.64"
2024-04-21,"$185,945.37",$0.00,"$95,924.26","$107,267.64"
2024-04-22,"$185,945.37",$0.00,"$95,924.26","$108,255.48"
2024-04-23,"$185,945.37",$0.00,"$95,924.26","$109,540.11"
2024-04-24,"$185,945.37",$0.00,"$95,924.26","$109,488.13"
2024-04-25,"$185,945.37",$0.00,"$95,924.26","$109,072.18"
2024-04-26,"$185,945.37",$0.00,"$95,924.26","$110,105.53"
2024-04-27,"$185,945.37",$0.00,"$95,924.26","$110,105.53"
2024-04-28,"$185,945.37",$0.00,"$95,924.26","$110,105.53"
2024-04-29,"$179,736.02",$0.00,"$95,924.26","$110,495.46"
2024-04-30,"$169,860.21","$-9,875.81","$86,048.45","$108,745.07"
2024-05-01,"$169,860.21",$0.00,"$86,048.45","$108,391.96"
2024-05-02,"$169,860.21",$0.00,"$86,048.45","$109,405.80"
2024-05-03,"$170,485.96",$625.75,"$86,674.20","$110,761.93"
2024-05-04,"$170,485.96",$0.00,"$86,674.20","$110,761.93"
2024-05-05,"$170,485.96",$0.00,"$86,674.20","$110,761.93"
2024-05-06,"$170,485.96",$0.00,"$86,674.20","$111,905.73"
2024-05-07,"$170,485.96",$0.00,"$86,674.20","$112,029.22"
2024-05-08,"$170,485.96",$0.00,"$86,674.20","$112,040.05"
2024-05-09,"$170,485.96",$0.00,"$86,674.20","$112,685.60"
2024-05-10,"$170,485.96",$0.00,"$86,674.20","$112,830.76"
2024-05-11,"$170,485.96",$0.00,"$86,674.20","$112,830.76"
2024-05-12,"$170,485.96",$0.00,"$86,674.20","$112,830.76"
2024-05-13,"$170,485.96",$0.00,"$86,674.20","$112,845.93"
2024-05-14,"$170,485.96",$0.00,"$86,674.20","$113,363.68"
2024-05-15,"$170,757.55",$271.59,"$86,945.79","$114,767.44"
2024-05-16,"$170,605.46",$-152.09,"$86,793.71","$114,531.33"
2024-05-17,"$170,398.61",$-206.85,"$86,586.85","$114,695.95"
2024-05-18,"$170,398.61",$0.00,"$86,586.85","$114,695.95"
2024-05-19,"$170,398.61",$0.00,"$86,586.85","$114,695.95"
2024-05-20,"$171,603.54",$0.00,"$86,586.85","$114,828.10"
2024-05-21,"$174,502.90","$2,899.35","$89,486.21","$115,109.74"
2024-05-22,"$172,044.47","$-2,458.42","$87,027.78","$114,778.28"
2024-05-23,"$172,499.77",$455.30,"$87,483.08","$113,939.92"
2024-05-24,"$175,433.16","$2,933.40","$90,416.47","$114,693.80"
2024-05-25,"$175,433.16",$0.00,"$90,416.47","$114,693.80"
2024-05-26,"$175,433.16",$0.00,"$90,416.47","$114,693.80"
2024-05-27,"$175,433.16",$0.00,"$90,416.47","$114,693.80"
2024-05-28,"$179,721.68",$0.00,"$90,416.47","$114,773.94"
2024-05-29,"$180,039.32",$317.64,"$90,734.12","$113,970.24"
2024-05-30,"$177,852.18","$-2,187.14","$88,546.98","$113,214.20"
2024-05-31,"$177,351.40",$-500.78,"$88,046.20","$114,245.36"
2024-06-01,"$177,351.40",$0.00,"$88,046.20","$114,245.36"
2024-06-02,"$177,351.40",$0.00,"$88,046.20","$114,245.36"
2024-06-03,"$178,502.28",$0.00,"$88,046.20","$114,338.53"
2024-06-04,"$180,716.28","$2,214.00","$90,260.20","$114,466.32"
2024-06-05,"$190,032.58","$9,316.30","$99,576.50","$115,826.78"
2024-06-06,"$187,794.53","$-2,238.05","$97,338.44","$115,824.62"
2024-06-07,"$187,623.80",$-170.73,"$97,167.72","$115,683.81"
2024-06-08,"$187,623.80",$0.00,"$97,167.72","$115,683.81"
2024-06-09,"$187,623.80",$0.00,"$97,167.72","$115,683.81"
2024-06-10,"$184,157.82",$0.00,"$97,167.72","$116,041.22"
2024-06-11,"$182,833.66","$-1,324.16","$95,843.56","$116,320.71"
2024-06-12,"$188,663.63","$5,829.97","$101,673.53","$117,276.03"
2024-06-13,"$192,504.26","$3,840.63","$105,514.16","$117,512.18"
2024-06-14,"$195,224.67","$2,720.41","$108,234.57","$117,583.70"
2024-06-15,"$195,224.67",$0.00,"$108,234.57","$117,583.70"
2024-06-16,"$195,224.67",$0.00,"$108,234.57","$117,583.70"
2024-06-17,"$199,568.47",$0.00,"$108,234.57","$118,519.50"
2024-06-18,"$200,177.68",$609.21,"$108,843.78","$118,820.64"
2024-06-19,"$200,177.68",$0.00,"$108,843.78","$118,820.64"
2024-06-20,"$193,864.57",$0.00,"$108,843.78","$118,497.86"
2024-06-21,"$186,515.32","$-7,349.25","$101,494.53","$118,338.97"
2024-06-22,"$186,515.32",$0.00,"$101,494.53","$118,338.97"
2024-06-23,"$186,515.32",$0.00,"$101,494.53","$118,338.97"
2024-06-24,"$176,547.77",$0.00,"$101,494.53","$117,954.29"
2024-06-25,"$180,226.45","$3,678.68","$105,173.21","$118,408.54"
2024-06-26,"$182,001.16","$1,774.71","$106,947.92","$118,556.33"
2024-06-27,"$181,162.46",$-838.70,"$106,109.22","$118,743.21"
2024-06-28,"$181,038.01",$-124.45,"$105,984.77","$118,275.95"
2024-06-29,"$181,038.01",$0.00,"$105,984.77","$118,275.95"
2024-06-30,"$181,038.01",$0.00,"$105,984.77","$118,275.95"
2024-07-01,"$186,026.03",$0.00,"$105,984.77","$118,519.37"
2024-07-02,"$190,837.47","$4,811.44","$110,796.21","$119,316.97"
2024-07-03,"$194,769.15","$3,931.67","$114,727.89","$119,849.43"
2024-07-04,"$194,769.15",$0.00,"$114,727.89","$119,849.43"
2024-07-05,"$196,900.60",$0.00,"$114,727.89","$120,540.56"
2024-07-06,"$196,900.60",$0.00,"$114,727.89","$120,540.56"
2024-07-07,"$196,900.60",$0.00,"$114,727.89","$120,540.56"
2024-07-08,"$198,092.63",$0.00,"$114,727.89","$120,679.64"
2024-07-09,"$200,308.71","$2,216.07","$116,943.96","$120,797.01"
2024-07-10,"$202,223.85","$1,915.14","$118,859.10","$121,992.32"
2024-07-11,"$196,447.90","$-5,775.96","$113,083.15","$120,940.44"
2024-07-12,"$198,083.00","$1,635.10","$114,718.25","$121,703.27"
2024-07-13,"$198,083.00",$0.00,"$114,718.25","$121,703.27"
2024-07-14,"$198,083.00",$0.00,"$114,718.25","$121,703.27"
2024-07-15,"$199,130.23",$0.00,"$114,718.25","$122,037.97"
2024-07-16,"$199,417.08",$286.85,"$115,005.10","$122,761.68"
2024-07-17,"$190,536.36","$-8,880.72","$106,124.38","$121,040.40"
2024-07-18,"$191,092.37",$556.02,"$106,680.39","$120,110.24"
2024-07-19,"$183,402.57","$-7,689.80","$98,990.59","$119,312.62"
2024-07-20,"$183,402.57",$0.00,"$98,990.59","$119,312.62"
2024-07-21,"$183,402.57",$0.00,"$98,990.59","$119,312.62"
2024-07-22,"$192,746.67",$0.00,"$98,990.59","$120,542.74"
2024-07-23,"$188,854.58","$-3,892.09","$95,098.49","$120,353.66"
2024-07-24,"$165,793.05","$-23,061.52","$72,036.97","$117,626.12"
2024-07-25,"$169,030.31","$3,237.26","$75,274.23","$117,013.27"
2024-07-26,"$168,688.41",$-341.90,"$74,932.33","$118,323.77"
2024-07-27,"$168,688.41",$0.00,"$74,932.33","$118,323.77"
2024-07-28,"$168,688.41",$0.00,"$74,932.33","$118,323.77"
2024-07-29,"$178,033.82",$0.00,"$74,932.33","$118,393.33"
2024-07-30,"$170,834.83","$-7,198.99","$67,733.34","$117,793.50"
2024-07-31,"$170,834.83",$0.00,"$67,733.34","$119,708.16"
2024-08-01,"$170,834.83",$0.00,"$67,733.34","$118,012.98"
2024-08-02,"$170,834.83",$0.00,"$67,733.34","$115,815.78"
2024-08-03,"$170,834.83",$0.00,"$67,733.34","$115,815.78"
2024-08-04,"$170,834.83",$0.00,"$67,733.34","$115,815.78"
2024-08-05,"$170,834.83",$0.00,"$67,733.34","$112,442.78"
2024-08-06,"$170,834.83",$0.00,"$67,733.34","$113,479.46"
2024-08-07,"$170,834.83",$0.00,"$67,733.34","$112,720.97"
2024-08-08,"$170,834.83",$0.00,"$67,733.34","$115,326.76"
2024-08-09,"$170,834.83",$0.00,"$67,733.34","$115,835.34"
2024-08-10,"$170,834.83",$0.00,"$67,733.34","$115,835.34"
2024-08-11,"$170,834.83",$0.00,"$67,733.34","$115,835.34"
2024-08-12,"$170,834.83",$0.00,"$67,733.34","$115,896.20"
2024-08-13,"$170,834.83",$0.00,"$67,733.34","$117,802.19"
2024-08-14,"$170,834.83",$0.00,"$67,733.34","$118,173.81"
2024-08-15,"$174,228.53","$3,393.71","$71,127.05","$120,199.35"
2024-08-16,"$171,015.53","$-3,213.00","$67,914.05","$120,468.84"
2024-08-17,"$171,015.53",$0.00,"$67,914.05","$120,468.84"
2024-08-18,"$171,015.53",$0.00,"$67,914.05","$120,468.84"
2024-08-19,"$171,618.65",$0.00,"$67,914.05","$121,620.68"
2024-08-20,"$171,618.65",$0.00,"$67,914.05","$121,422.93"
2024-08-21,"$171,618.65",$0.00,"$67,914.05","$121,840.19"
2024-08-22,"$167,927.31","$-3,691.35","$64,222.70","$120,883.93"
2024-08-23,"$171,105.20","$3,177.90","$67,400.60","$122,168.37"
2024-08-24,"$171,105.20",$0.00,"$67,400.60","$122,168.37"
2024-08-25,"$171,105.20",$0.00,"$67,400.60","$122,168.37"
2024-08-26,"$167,261.06",$0.00,"$67,400.60","$121,877.14"
2024-08-27,"$168,154.78",$893.71,"$68,294.31","$122,044.48"
2024-08-28,"$165,533.39","$-2,621.39","$65,672.93","$121,335.97"
2024-08-29,"$165,533.39",$0.00,"$65,672.93","$121,346.85"
2024-08-30,"$167,632.51","$2,099.12","$67,772.05","$122,505.23"
2024-08-31,"$167,632.51",$0.00,"$67,772.05","$122,505.23"
2024-09-01,"$167,632.51",$0.00,"$67,772.05","$122,505.23"
2024-09-02,"$167,632.51",$0.00,"$67,772.05","$122,505.23"
2024-09-03,"$160,061.46",$0.00,"$67,772.05","$119,984.18"
2024-09-04,"$161,084.53","$1,023.07","$68,795.11","$119,738.59"
2024-09-05,"$162,008.97",$924.44,"$69,719.55","$119,447.38"
2024-09-06,"$150,493.03","$-11,515.93","$58,203.62","$117,437.07"
2024-09-07,"$150,493.03",$0.00,"$58,203.62","$117,437.07"
2024-09-08,"$150,493.03",$0.00,"$58,203.62","$117,437.07"
2024-09-09,"$150,493.03",$0.00,"$58,203.62","$118,751.90"
2024-09-10,"$150,493.03",$0.00,"$58,203.62","$119,269.15"
2024-09-11,"$151,784.18","$1,291.14","$59,494.76","$120,492.73"
2024-09-12,"$151,784.18",$0.00,"$59,494.76","$121,507.68"
2024-09-13,"$152,098.03",$313.86,"$59,808.62","$122,142.27"
2024-09-14,"$152,098.03",$0.00,"$59,808.62","$122,142.27"
2024-09-15,"$152,098.03",$0.00,"$59,808.62","$122,142.27"
2024-09-16,"$152,098.03",$0.00,"$59,808.62","$122,322.69"
2024-09-17,"$152,098.03",$0.00,"$59,808.62","$122,372.66"
2024-09-18,"$152,098.03",$0.00,"$59,808.62","$122,009.71"
2024-09-19,"$152,098.03",$0.00,"$59,808.62","$124,091.75"
2024-09-20,"$152,098.03",$0.00,"$59,808.62","$123,877.24"
2024-09-21,"$152,098.03",$0.00,"$59,808.62","$123,877.24"
2024-09-22,"$152,098.03",$0.00,"$59,808.62","$123,877.24"
2024-09-23,"$159,524.18",$0.00,"$59,808.62","$124,186.79"
2024-09-24,"$162,248.60","$2,724.42","$62,533.03","$124,542.12"
2024-09-25,"$162,533.85",$285.25,"$62,818.29","$124,267.45"
2024-09-26,"$161,070.36","$-1,463.49","$61,354.80","$124,760.12"
2024-09-27,"$160,631.41",$-438.95,"$60,915.84","$124,579.18"
2024-09-28,"$160,631.41",$0.00,"$60,915.84","$124,579.18"
2024-09-29,"$160,631.41",$0.00,"$60,915.84","$124,579.18"
2024-09-30,"$160,725.29",$0.00,"$60,915.84","$125,078.40"
2024-10-01,"$157,502.83","$-3,222.46","$57,693.39","$123,957.89"
2024-10-02,"$155,511.55","$-1,991.28","$55,702.11","$124,010.21"
2024-10-03,"$156,465.54",$953.99,"$56,656.10","$123,783.48"
2024-10-04,"$161,019.51","$4,553.96","$61,210.06","$124,908.36"
2024-10-05,"$161,019.51",$0.00,"$61,210.06","$124,908.36"
2024-10-06,"$161,019.51",$0.00,"$61,210.06","$124,908.36"
2024-10-07,"$160,587.07",$0.00,"$61,210.06","$123,779.11"
2024-10-08,"$164,200.81","$3,613.73","$64,823.80","$124,949.77"
2024-10-09,"$164,123.45",$-77.36,"$64,746.44","$125,815.24"
2024-10-10,"$162,632.42","$-1,491.03","$63,255.41","$125,595.06"
2024-10-11,"$161,966.16",$-666.26,"$62,589.15","$126,347.15"
2024-10-12,"$161,966.16",$0.00,"$62,589.15","$126,347.15"
2024-10-13,"$161,966.16",$0.00,"$62,589.15","$126,347.15"
2024-10-14,"$162,484.74",$0.00,"$62,589.15","$127,380.45"
2024-10-15,"$157,699.81","$-4,784.93","$57,804.22","$126,390.76"
2024-10-16,"$162,603.71","$4,903.89","$62,708.11","$126,940.11"
2024-10-17,"$164,053.28","$1,449.57","$64,157.68","$126,950.98"
2024-10-18,"$165,335.24","$1,281.96","$65,439.64","$127,439.32"
2024-10-19,"$165,335.24",$0.00,"$65,439.64","$127,439.32"
2024-10-20,"$165,335.24",$0.00,"$65,439.64","$127,439.32"
2024-10-21,"$172,176.28",$0.00,"$65,439.64","$127,230.04"
2024-10-22,"$172,032.50",$-143.78,"$65,295.86","$127,162.46"
2024-10-23,"$167,204.24","$-4,828.26","$60,467.59","$126,000.52"
2024-10-24,"$168,222.61","$1,018.38","$61,485.97","$126,273.04"
2024-10-25,"$169,576.43","$1,353.82","$62,839.79","$126,229.42"
2024-10-26,"$169,576.43",$0.00,"$62,839.79","$126,229.42"
2024-10-27,"$169,576.43",$0.00,"$62,839.79","$126,229.42"
2024-10-28,"$168,354.40",$0.00,"$62,839.79","$126,619.65"
2024-10-29,"$169,229.00",$874.59,"$63,714.38","$126,824.57"
2024-10-30,"$166,940.66","$-2,288.34","$61,426.04","$126,440.89"
2024-10-31,"$159,057.29","$-7,883.37","$53,542.67","$123,962.26"
2024-11-01,"$159,057.29",$0.00,"$53,542.67","$124,485.45"
2024-11-02,"$159,057.29",$0.00,"$53,542.67","$124,485.45"
2024-11-03,"$159,057.29",$0.00,"$53,542.67","$124,485.45"
2024-11-04,"$159,057.29",$0.00,"$53,542.67","$124,217.30"
2024-11-05,"$159,057.29",$0.00,"$53,542.67","$125,719.31"
2024-11-06,"$159,057.29",$0.00,"$53,542.67","$128,845.39"
2024-11-07,"$162,492.46","$3,435.18","$56,977.85","$129,841.65"
2024-11-08,"$164,910.89","$2,418.43","$59,396.27","$130,404.10"
2024-11-09,"$164,910.89",$0.00,"$59,396.27","$130,404.10"
2024-11-10,"$164,910.89",$0.00,"$59,396.27","$130,404.10"
2024-11-11,"$171,770.53",$0.00,"$59,396.27","$130,528.35"
2024-11-12,"$168,831.99","$-2,938.54","$56,457.73","$130,122.87"
2024-11-13,"$169,730.07",$898.08,"$57,355.81","$130,186.09"
2024-11-14,"$166,236.57","$-3,493.50","$53,862.31","$129,348.98"
2024-11-15,"$164,720.04","$-1,516.53","$52,345.78","$127,692.18"
2024-11-16,"$164,720.04",$0.00,"$52,345.78","$127,692.18"
2024-11-17,"$164,720.04",$0.00,"$52,345.78","$127,692.18"
2024-11-18,"$173,914.34",$0.00,"$52,345.78","$128,215.38"
2024-11-19,"$177,641.51","$3,727.17","$56,072.95","$128,684.09"
2024-11-20,"$176,622.53","$-1,018.97","$55,053.98","$128,727.69"
2024-11-21,"$177,361.47",$738.94,"$55,792.91","$129,418.73"
2024-11-22,"$180,765.16","$3,403.69","$59,196.60","$129,819.86"
2024-11-23,"$180,765.16",$0.00,"$59,196.60","$129,819.86"
2024-11-24,"$180,765.16",$0.00,"$59,196.60","$129,819.86"
2024-11-25,"$174,002.09",$0.00,"$59,196.60","$130,260.22"
2024-11-26,"$174,615.10",$613.01,"$59,809.61","$130,940.37"
2024-11-27,"$173,711.14",$-903.96,"$58,905.65","$130,543.61"
2024-11-28,"$173,711.14",$0.00,"$58,905.65","$130,543.61"
2024-11-29,"$177,849.72",$0.00,"$58,905.65","$131,354.56"
2024-11-30,"$177,849.72",$0.00,"$58,905.65","$131,354.56"
2024-12-01,"$177,849.72",$0.00,"$58,905.65","$131,354.56"
2024-12-02,"$181,425.57",$0.00,"$58,905.65","$131,589.99"
2024-12-03,"$180,437.50",$-988.07,"$57,917.59","$131,651.02"
2024-12-04,"$182,997.57","$2,560.07","$60,477.66","$132,468.52"
2024-12-05,"$186,633.80","$3,636.22","$64,113.88","$132,250.52"
2024-12-06,"$193,310.88","$6,677.08","$70,790.96","$132,501.22"
2024-12-07,"$193,310.88",$0.00,"$70,790.96","$132,501.22"
2024-12-08,"$193,310.88",$0.00,"$70,790.96","$132,501.22"
2024-12-09,"$191,313.07",$0.00,"$70,790.96","$131,818.87"
2024-12-10,"$194,026.44","$2,713.37","$73,504.33","$131,409.06"
2024-12-11,"$199,347.16","$5,320.72","$78,825.05","$132,424.93"
2024-12-12,"$197,154.04","$-2,193.13","$76,631.92","$131,742.59"
2024-12-13,"$199,574.26","$2,420.23","$79,052.15","$131,716.43"
2024-12-14,"$199,574.26",$0.00,"$79,052.15","$131,716.43"
2024-12-15,"$199,574.26",$0.00,"$79,052.15","$131,716.43"
2024-12-16,"$216,869.37",$0.00,"$79,052.15","$132,278.87"
2024-12-17,"$216,084.90",$-784.47,"$78,267.69","$131,733.88"
2024-12-18,"$204,436.31","$-11,648.59","$66,619.09","$127,807.75"
2024-12-19,"$201,108.65","$-3,327.66","$63,291.43","$127,768.47"
2024-12-20,"$200,029.24","$-1,079.41","$62,212.02","$129,303.12"
2024-12-21,"$200,029.24",$0.00,"$62,212.02","$129,303.12"
2024-12-22,"$200,029.24",$0.00,"$62,212.02","$129,303.12"
2024-12-23,"$203,811.65",$0.00,"$62,212.02","$130,077.43"
2024-12-24,"$209,589.81","$5,778.16","$67,990.18","$131,523.23"
2024-12-25,"$209,589.81",$0.00,"$67,990.18","$131,523.23"
2024-12-26,"$209,501.24",$0.00,"$67,990.18","$131,531.99"
2024-12-27,"$204,686.72","$-4,814.52","$63,175.66","$130,147.41"
2024-12-28,"$204,686.72",$0.00,"$63,175.66","$130,147.41"
2024-12-29,"$204,686.72",$0.00,"$63,175.66","$130,147.41"
2024-12-30,"$200,156.30",$0.00,"$63,175.66","$128,662.22"
2024-12-31,"$196,291.44","$-3,864.86","$59,310.80","$128,194.14"
2025-01-01,"$196,291.44",$0.00,"$59,310.80","$128,194.14"
2025-01-02,"$192,396.20",$0.00,"$59,310.80","$127,879.16"
2025-01-03,"$193,819.07","$1,422.86","$60,733.67","$129,478.09"
2025-01-04,"$193,819.07",$0.00,"$60,733.67","$129,478.09"
2025-01-05,"$193,819.07",$0.00,"$60,733.67","$129,478.09"
2025-01-06,"$195,570.91",$0.00,"$60,733.67","$130,223.97"
2025-01-07,"$190,328.99","$-5,241.92","$55,491.75","$128,751.91"
2025-01-08,"$189,860.63",$-468.36,"$55,023.39","$128,940.02"
2025-01-09,"$189,860.63",$0.00,"$55,023.39","$128,940.02"
2025-01-10,"$186,865.20",$0.00,"$55,023.39","$126,971.43"
2025-01-11,"$186,865.20",$0.00,"$55,023.39","$126,971.43"
2025-01-12,"$186,865.20",$0.00,"$55,023.39","$126,971.43"
2025-01-13,"$186,865.20",$0.00,"$55,023.39","$127,168.30"
2025-01-14,"$186,380.72",$-484.47,"$54,538.91","$127,343.28"
2025-01-15,"$189,090.59","$2,709.86","$57,248.77","$129,659.65"
2025-01-16,"$189,090.59",$0.00,"$57,248.77","$129,410.29"
2025-01-17,"$189,090.59",$0.00,"$57,248.77","$130,709.56"
2025-01-18,"$189,090.59",$0.00,"$57,248.77","$130,709.56"
2025-01-19,"$189,090.59",$0.00,"$57,248.77","$130,709.56"
2025-01-20,"$189,090.59",$0.00,"$57,248.77","$130,709.56"
2025-01-21,"$189,090.59",$0.00,"$57,248.77","$131,906.00"
2025-01-22,"$189,090.59",$0.00,"$57,248.77","$132,647.52"
2025-01-23,"$188,942.24",$-148.35,"$57,100.43","$133,371.52"
2025-01-24,"$188,942.24",$0.00,"$57,100.43","$132,982.17"
2025-01-25,"$188,942.24",$0.00,"$57,100.43","$132,982.17"
2025-01-26,"$188,942.24",$0.00,"$57,100.43","$132,982.17"
2025-01-27,"$188,942.24",$0.00,"$57,100.43","$131,101.09"
2025-01-28,"$188,942.24",$0.00,"$57,100.43","$132,227.55"
2025-01-29,"$189,541.39",$599.16,"$57,699.58","$131,634.79"
2025-01-30,"$192,485.83","$2,944.44","$60,644.02","$132,341.30"
2025-01-31,"$193,096.63",$610.80,"$61,254.82","$131,636.98"
2025-02-01,"$193,096.63",$0.00,"$61,254.82","$131,636.98"
2025-02-02,"$193,096.63",$0.00,"$61,254.82","$131,636.98"
2025-02-03,"$195,416.55",$0.00,"$61,254.82","$130,751.12"
2025-02-04,"$196,359.37",$942.81,"$62,197.63","$131,628.23"
2025-02-05,"$198,033.19","$1,673.82","$63,871.45","$132,161.92"
2025-02-06,"$199,480.83","$1,447.64","$65,319.09","$132,621.27"
2025-02-07,"$199,663.87",$183.05,"$65,502.14","$131,407.31"
2025-02-08,"$199,663.87",$0.00,"$65,502.14","$131,407.31"
2025-02-09,"$199,663.87",$0.00,"$65,502.14","$131,407.31"
2025-02-10,"$201,408.64",$0.00,"$65,502.14","$132,299.72"
2025-02-11,"$199,832.56","$-1,576.08","$63,926.06","$132,400.36"
2025-02-12,"$202,491.67","$2,659.10","$66,585.17","$131,973.81"
2025-02-13,"$204,549.81","$2,058.15","$68,643.31","$133,367.15"
2025-02-14,"$207,149.31","$2,599.49","$71,242.80","$133,360.58"
2025-02-15,"$207,149.31",$0.00,"$71,242.80","$133,360.58"
2025-02-16,"$207,149.31",$0.00,"$71,242.80","$133,360.58"
2025-02-17,"$207,149.31",$0.00,"$71,242.80","$133,360.58"
2025-02-18,"$202,069.32",$0.00,"$71,242.80","$133,752.10"
2025-02-19,"$201,021.90","$-1,047.42","$70,195.38","$134,067.08"
2025-02-20,"$197,949.12","$-3,072.77","$67,122.61","$133,509.32"
2025-02-21,"$194,764.93","$-3,184.19","$63,938.42","$131,225.76"
2025-02-22,"$194,764.93",$0.00,"$63,938.42","$131,225.76"
2025-02-23,"$194,764.93",$0.00,"$63,938.42","$131,225.76"
2025-02-24,"$194,764.93",$0.00,"$63,938.42","$130,628.63"
2025-02-25,"$194,718.10",$-46.83,"$63,891.59","$129,978.99"
2025-02-26,"$194,718.10",$0.00,"$63,891.59","$130,044.62"
2025-02-27,"$194,718.10",$0.00,"$63,891.59","$127,968.85"
2025-02-28,"$194,718.10",$0.00,"$63,891.59","$129,965.87"
2025-03-01,"$194,718.10",$0.00,"$63,891.59","$129,965.87"
2025-03-02,"$194,718.10",$0.00,"$63,891.59","$129,965.87"
2025-03-03,"$194,718.10",$0.00,"$63,891.59","$127,688.88"
2025-03-04,"$194,718.10",$0.00,"$63,891.59","$126,177.45"
2025-03-05,"$194,718.10",$0.00,"$63,891.59","$127,533.57"
2025-03-06,"$194,718.10",$0.00,"$63,891.59","$125,269.72"
2025-03-07,"$194,718.10",$0.00,"$63,891.59","$125,971.83"
2025-03-08,"$194,718.10",$0.00,"$63,891.59","$125,971.83"
2025-03-09,"$194,718.10",$0.00,"$63,891.59","$125,971.83"
2025-03-10,"$194,718.10",$0.00,"$63,891.59","$122,616.51"
2025-03-11,"$194,718.10",$0.00,"$63,891.59","$121,597.21"
2025-03-12,"$194,718.10",$0.00,"$63,891.59","$122,242.47"
2025-03-13,"$194,718.10",$0.00,"$63,891.59","$120,612.91"
2025-03-14,"$194,718.10",$0.00,"$63,891.59","$123,104.26"
2025-03-15,"$194,718.10",$0.00,"$63,891.59","$123,104.26"
2025-03-16,"$194,718.10",$0.00,"$63,891.59","$123,104.26"
2025-03-17,"$194,718.10",$0.00,"$63,891.59","$124,053.57"
2025-03-18,"$194,718.10",$0.00,"$63,891.59","$122,712.74"
2025-03-19,"$194,718.10",$0.00,"$63,891.59","$124,049.19"
2025-03-20,"$194,718.10",$0.00,"$63,891.59","$123,690.47"
2025-03-21,"$194,718.10",$0.00,"$63,891.59","$123,731.27"
2025-03-22,"$194,718.10",$0.00,"$63,891.59","$123,731.27"
2025-03-23,"$194,718.10",$0.00,"$63,891.59","$123,731.27"
2025-03-24,"$194,718.10",$0.00,"$63,891.59","$125,947.11"
2025-03-25,"$194,718.10",$0.00,"$63,891.59","$126,249.87"
2025-03-26,"$194,718.10",$0.00,"$63,891.59","$124,742.66"
2025-03-27,"$194,718.10",$0.00,"$63,891.59","$124,411.38"
2025-03-28,"$194,718.10",$0.00,"$63,891.59","$121,905.95"
2025-03-29,"$194,718.10",$0.00,"$63,891.59","$121,905.95"
2025-03-30,"$194,718.10",$0.00,"$63,891.59","$121,905.95"
2025-03-31,"$194,718.10",$0.00,"$63,891.59","$122,724.28"
2025-04-01,"$194,718.10",$0.00,"$63,891.59","$123,070.90"
2025-04-02,"$194,718.10",$0.00,"$63,891.59","$123,849.76"
2025-04-03,"$194,718.10",$0.00,"$63,891.59","$117,746.32"
2025-04-04,"$194,718.10",$0.00,"$63,891.59","$110,853.11"
2025-04-05,"$194,718.10",$0.00,"$63,891.59","$110,853.11"
2025-04-06,"$194,718.10",$0.00,"$63,891.59","$110,853.11"
2025-04-07,"$194,718.10",$0.00,"$63,891.59","$110,655.66"
2025-04-08,"$194,718.10",$0.00,"$63,891.59","$108,922.49"
2025-04-09,"$194,718.10",$0.00,"$63,891.59","$120,361.46"
2025-04-10,"$194,718.10",$0.00,"$63,891.59","$115,087.33"
2025-04-11,"$194,718.10",$0.00,"$63,891.59","$117,140.80"
2025-04-12,"$194,718.10",$0.00,"$63,891.59","$117,140.80"
2025-04-13,"$194,718.10",$0.00,"$63,891.59","$117,140.80"
2025-04-14,"$194,718.10",$0.00,"$63,891.59","$118,277.25"
2025-04-15,"$194,718.10",$0.00,"$63,891.59","$117,945.96"
2025-04-16,"$194,718.10",$0.00,"$63,891.59","$115,324.26"
2025-04-17,"$194,718.10",$0.00,"$63,891.59","$115,488.80"
2025-04-18,"$194,718.10",$0.00,"$63,891.59","$115,488.80"
2025-04-19,"$194,718.10",$0.00,"$63,891.59","$115,488.80"
2025-04-20,"$194,718.10",$0.00,"$63,891.59","$115,488.80"
2025-04-21,"$194,718.10",$0.00,"$63,891.59","$112,739.86"
2025-04-22,"$194,718.10",$0.00,"$63,891.59","$115,673.11"
2025-04-23,"$194,718.10",$0.00,"$63,891.59","$117,465.50"
2025-04-24,"$194,718.10",$0.00,"$63,891.59","$119,938.04"
2025-04-25,"$194,718.10",$0.00,"$63,891.59","$120,804.63"
2025-04-26,"$194,718.10",$0.00,"$63,891.59","$120,804.63"
2025-04-27,"$194,718.10",$0.00,"$63,891.59","$120,804.63"
2025-04-28,"$194,718.10",$0.00,"$63,891.59","$120,850.68"
2025-04-29,"$194,718.10",$0.00,"$63,891.59","$121,611.97"
2025-04-30,"$194,718.10",$0.00,"$63,891.59","$121,660.24"
2025-05-01,"$194,718.10",$0.00,"$63,891.59","$122,522.43"
2025-05-02,"$194,718.10",$0.00,"$63,891.59","$124,341.17"
2025-05-03,"$194,718.10",$0.00,"$63,891.59","$124,341.17"
2025-05-04,"$194,718.10",$0.00,"$63,891.59","$124,341.17"
2025-05-05,"$194,718.10",$0.00,"$63,891.59","$123,628.15"
2025-05-06,"$194,718.10",$0.00,"$63,891.59","$122,594.83"
2025-05-07,"$194,718.10",$0.00,"$63,891.59","$123,110.41"
2025-05-08,"$194,718.10",$0.00,"$63,891.59","$123,968.21"
2025-05-09,"$194,718.10",$0.00,"$63,891.59","$123,810.25"
2025-05-10,"$194,718.10",$0.00,"$63,891.59","$123,810.25"
2025-05-11,"$194,718.10",$0.00,"$63,891.59","$123,810.25"
2025-05-12,"$194,718.10",$0.00,"$63,891.59","$127,901.87"
2025-05-13,"$202,104.49","$7,386.39","$71,277.98","$128,746.53"
2025-05-14,"$206,240.30","$4,135.81","$75,413.79","$128,911.08"
2025-05-15,"$203,677.65","$-2,562.65","$72,851.14","$129,540.71"
2025-05-16,"$204,543.21",$865.57,"$73,716.70","$130,361.21"
2025-05-17,"$204,543.21",$0.00,"$73,716.70","$130,361.21"
2025-05-18,"$204,543.21",$0.00,"$73,716.70","$130,361.21"
2025-05-19,"$203,183.37",$0.00,"$73,716.70","$130,503.82"
2025-05-20,"$202,570.33",$-613.04,"$73,103.66","$130,065.04"
2025-05-21,"$199,752.62","$-2,817.71","$70,285.95","$127,873.36"
2025-05-22,"$200,549.05",$796.42,"$71,082.37","$127,923.80"
2025-05-23,"$198,562.71","$-1,986.33","$69,096.04","$127,050.64"
2025-05-24,"$198,562.71",$0.00,"$69,096.04","$127,050.64"
2025-05-25,"$198,562.71",$0.00,"$69,096.04","$127,050.64"
2025-05-26,"$198,562.71",$0.00,"$69,096.04","$127,050.64"
2025-05-27,"$205,686.48",$0.00,"$69,096.04","$129,692.10"
2025-05-28,"$204,556.14","$-1,130.34","$67,965.70","$128,941.78"
2025-05-29,"$206,649.79","$2,093.65","$70,059.36","$129,450.75"
2025-05-30,"$203,404.84","$-3,244.96","$66,814.40","$129,305.97"
2025-05-31,"$203,404.84",$0.00,"$66,814.40","$129,305.97"
2025-06-01,"$203,404.84",$0.00,"$66,814.40","$129,305.97"
2025-06-02,"$207,644.72",$0.00,"$66,814.40","$130,034.34"
2025-06-03,"$211,074.50","$3,429.78","$70,244.18","$130,775.88"
2025-06-04,"$212,273.62","$1,199.12","$71,443.30","$130,740.76"
2025-06-05,"$204,275.62","$-7,998.01","$63,445.29","$130,108.91"
2025-06-06,"$204,868.75",$593.13,"$64,038.42","$131,445.01"
2025-06-07,"$204,868.75",$0.00,"$64,038.42","$131,445.01"
2025-06-08,"$204,868.75",$0.00,"$64,038.42","$131,445.01"
2025-06-09,"$207,007.87",$0.00,"$64,038.42","$131,563.48"
2025-06-10,"$209,045.46","$2,037.59","$66,076.01","$132,309.39"
2025-06-11,"$209,149.59",$104.13,"$66,180.14","$131,932.06"
2025-06-12,"$207,218.36","$-1,931.23","$64,248.91","$132,456.39"
2025-06-13,"$201,314.00","$-5,904.36","$58,344.55","$130,975.51"
2025-06-14,"$201,314.00",$0.00,"$58,344.55","$130,975.51"
2025-06-15,"$201,314.00",$0.00,"$58,344.55","$130,975.51"
2025-06-16,"$201,314.00",$0.00,"$58,344.55","$132,221.64"
2025-06-17,"$199,155.75","$-2,158.24","$56,186.31","$131,091.80"
2025-06-18,"$198,674.87",$-480.88,"$55,705.42","$131,072.05"
2025-06-19,"$198,674.87",$0.00,"$55,705.42","$131,072.05"
2025-06-20,"$200,946.74",$0.00,"$55,705.42","$130,764.21"
2025-06-21,"$200,946.74",$0.00,"$55,705.42","$130,764.21"
2025-06-22,"$200,946.74",$0.00,"$55,705.42","$130,764.21"
2025-06-23,"$203,046.46",$0.00,"$55,705.42","$132,055.84"
2025-06-24,"$209,980.24","$6,933.78","$62,639.21","$133,514.68"
2025-06-25,"$214,299.63","$4,319.39","$66,958.60","$133,589.50"
2025-06-26,"$217,051.75","$2,752.12","$69,710.72","$134,634.68"
2025-06-27,"$218,455.23","$1,403.49","$71,114.20","$135,303.59"
2025-06-28,"$218,455.23",$0.00,"$71,114.20","$135,303.59"
2025-06-29,"$218,455.23",$0.00,"$71,114.20","$135,303.59"
2025-06-30,"$219,752.34",$0.00,"$71,114.20","$135,950.51"
2025-07-01,"$212,296.97","$-7,455.37","$63,658.83","$135,906.51"
2025-07-02,"$216,900.20","$4,603.24","$68,262.07","$136,522.60"
2025-07-03,"$217,864.07",$963.87,"$69,225.93","$137,598.59"
2025-07-04,"$217,864.07",$0.00,"$69,225.93","$137,598.59"
2025-07-05,"$217,864.07",$0.00,"$69,225.93","$137,598.59"
2025-07-06,"$217,864.07",$0.00,"$69,225.93","$137,598.59"
2025-07-07,"$214,655.77",$0.00,"$69,225.93","$136,573.21"
2025-07-08,"$218,253.84","$3,598.07","$72,824.00","$136,498.41"
2025-07-09,"$220,669.76","$2,415.92","$75,239.93","$137,316.94"
2025-07-10,"$223,584.22","$2,914.46","$78,154.38","$137,704.22"
2025-07-11,"$224,853.87","$1,269.65","$79,424.04","$137,220.12"
2025-07-12,"$224,853.87",$0.00,"$79,424.04","$137,220.12"
2025-07-13,"$224,853.87",$0.00,"$79,424.04","$137,220.12"
2025-07-14,"$224,136.67",$0.00,"$79,424.04","$137,481.96"
2025-07-15,"$235,845.73","$11,709.06","$91,133.09","$136,894.47"
2025-07-16,"$238,395.17","$2,549.44","$93,682.53","$137,352.14"
2025-07-17,"$240,874.45","$2,479.28","$96,161.81","$138,192.69"
2025-07-18,"$238,017.19","$-2,857.26","$93,304.55","$138,091.48"
2025-07-19,"$238,017.19",$0.00,"$93,304.55","$138,091.48"
2025-07-20,"$238,017.19",$0.00,"$93,304.55","$138,091.48"
2025-07-21,"$238,911.92",$0.00,"$93,304.55","$138,353.33"
2025-07-22,"$234,793.96","$-4,117.97","$89,186.59","$138,373.13"
2025-07-23,"$238,080.10","$3,286.14","$92,472.73","$139,550.34"
2025-07-24,"$241,993.52","$3,913.43","$96,386.15","$139,596.53"
2025-07-25,"$244,468.13","$2,474.60","$98,860.76","$140,186.24"
2025-07-26,"$244,468.13",$0.00,"$98,860.76","$140,186.24"
2025-07-27,"$244,468.13",$0.00,"$98,860.76","$140,186.24"
2025-07-28,"$249,254.32",$0.00,"$98,860.76","$140,151.04"
2025-07-29,"$251,084.08","$1,829.76","$100,690.52","$139,781.36"
2025-07-30,"$254,013.05","$2,928.98","$103,619.50","$139,605.34"
2025-07-31,"$249,516.41","$-4,496.64","$99,122.86","$139,081.66"
2025-08-01,"$243,359.85","$-6,156.57","$92,966.29","$136,802.04"
2025-08-02,"$243,359.85",$0.00,"$92,966.29","$136,802.04"
2025-08-03,"$243,359.85",$0.00,"$92,966.29","$136,802.04"
2025-08-04,"$250,523.78",$0.00,"$92,966.29","$138,881.40"
2025-08-05,"$249,345.25","$-1,178.53","$91,787.76","$138,177.28"
2025-08-06,"$245,156.25","$-4,188.99","$87,598.76","$139,235.68"
2025-08-07,"$250,597.12","$5,440.87","$93,039.63","$139,119.04"
2025-08-08,"$253,036.69","$2,439.57","$95,479.20","$140,203.84"
2025-08-09,"$253,036.69",$0.00,"$95,479.20","$140,203.84"
2025-08-10,"$253,036.69",$0.00,"$95,479.20","$140,203.84"
2025-08-11,"$252,288.65",$0.00,"$95,479.20","$139,926.59"
2025-08-12,"$256,225.07","$3,936.43","$99,415.62","$141,416.26"
2025-08-13,"$257,652.86","$1,427.79","$100,843.41","$141,900.34"
2025-08-14,"$257,395.81",$-257.05,"$100,586.35","$141,913.54"
2025-08-15,"$256,402.37",$-993.43,"$99,592.92","$141,581.29"
2025-08-16,"$256,402.37",$0.00,"$99,592.92","$141,581.29"
2025-08-17,"$256,402.37",$0.00,"$99,592.92","$141,581.29"
2025-08-18,"$253,631.54",$0.00,"$99,592.92","$141,550.47"
2025-08-19,"$239,960.59","$-13,670.96","$85,921.96","$140,782.54"
2025-08-20,"$239,960.59",$0.00,"$85,921.96","$140,408.47"
2025-08-21,"$239,960.59",$0.00,"$85,921.96","$139,845.17"
2025-08-22,"$239,960.59",$0.00,"$85,921.96","$141,992.76"
2025-08-23,"$239,960.59",$0.00,"$85,921.96","$141,992.76"
2025-08-24,"$239,960.59",$0.00,"$85,921.96","$141,992.76"
2025-08-25,"$239,960.59",$0.00,"$85,921.96","$141,367.82"
2025-08-26,"$239,960.59",$0.00,"$85,921.96","$141,959.75"
2025-08-27,"$239,960.59",$0.00,"$85,921.96","$142,283.20"
2025-08-28,"$242,094.08","$2,133.50","$88,055.46","$142,787.08"
2025-08-29,"$239,603.15","$-2,490.93","$85,564.53","$141,935.54"
2025-08-30,"$239,603.15",$0.00,"$85,564.53","$141,935.54"
2025-08-31,"$239,603.15",$0.00,"$85,564.53","$141,935.54"
2025-09-01,"$239,603.15",$0.00,"$85,564.53","$141,935.54"
2025-09-02,"$237,113.48",$0.00,"$85,564.53","$140,883.76"
2025-09-03,"$246,054.78","$8,941.30","$94,505.83","$141,647.29"
2025-09-04,"$247,596.59","$1,541.81","$96,047.64","$142,831.09"
2025-09-05,"$248,988.89","$1,392.30","$97,439.94","$142,417.42"
2025-09-06,"$248,988.89",$0.00,"$97,439.94","$142,417.42"
2025-09-07,"$248,988.89",$0.00,"$97,439.94","$142,417.42"
2025-09-08,"$252,417.04",$0.00,"$97,439.94","$142,767.28"
2025-09-09,"$252,152.09",$-264.95,"$97,174.99","$143,097.34"
2025-09-10,"$263,925.12","$11,773.03","$108,948.02","$143,511.02"
2025-09-11,"$261,037.63","$-2,887.49","$106,060.53","$144,703.63"
2025-09-12,"$261,356.86",$319.22,"$106,379.75","$144,655.21"
2025-09-13,"$261,356.86",$0.00,"$106,379.75","$144,655.21"
2025-09-14,"$261,356.86",$0.00,"$106,379.75","$144,655.21"
2025-09-15,"$267,822.50",$0.00,"$106,379.75","$145,425.34"
2025-09-16,"$269,119.47","$1,296.97","$107,676.72","$145,225.11"
2025-09-17,"$265,993.23","$-3,126.24","$104,550.48","$145,044.68"
2025-09-18,"$264,801.32","$-1,191.90","$103,358.57","$145,722.40"
2025-09-19,"$267,562.47","$2,761.15","$106,119.73","$146,444.14"
2025-09-20,"$267,562.47",$0.00,"$106,119.73","$146,444.14"
2025-09-21,"$267,562.47",$0.00,"$106,119.73","$146,444.14"
2025-09-22,"$266,908.97",$0.00,"$106,119.73","$147,136.97"
2025-09-23,"$265,290.63","$-1,618.34","$104,501.38","$146,336.03"
2025-09-24,"$266,250.24",$959.61,"$105,460.99","$145,870.44"
2025-09-25,"$263,547.36","$-2,702.88","$102,758.11","$145,197.47"
2025-09-26,"$265,728.24","$2,180.88","$104,938.99","$146,029.32"
2025-09-27,"$265,728.24",$0.00,"$104,938.99","$146,029.32"
2025-09-28,"$265,728.24",$0.00,"$104,938.99","$146,029.32"
2025-09-29,"$265,240.84",$0.00,"$104,938.99","$146,439.72"
2025-09-30,"$265,743.31",$502.47,"$105,441.47","$146,991.34"
2025-10-01,"$269,347.02","$3,603.70","$109,045.17","$147,492.22"
2025-10-02,"$264,439.24","$-4,907.78","$104,137.39","$147,662.10"
2025-10-03,"$262,914.39","$-1,524.84","$102,612.55","$147,659.91"
2025-10-04,"$262,914.39",$0.00,"$102,612.55","$147,659.91"
2025-10-05,"$262,914.39",$0.00,"$102,612.55","$147,659.91"
2025-10-06,"$268,595.41",$0.00,"$102,612.55","$148,189.46"
2025-10-07,"$267,765.74",$-829.68,"$101,782.87","$147,640.04"
2025-10-08,"$284,672.62","$16,906.88","$118,689.75","$148,520.43"
2025-10-09,"$281,826.41","$-2,846.21","$115,843.54","$148,090.17"
2025-10-10,"$266,591.34","$-15,235.07","$100,608.47","$144,087.61"
2025-10-11,"$266,591.34",$0.00,"$100,608.47","$144,087.61"
2025-10-12,"$266,591.34",$0.00,"$100,608.47","$144,087.61"
2025-10-13,"$268,464.23",$0.00,"$100,608.47","$146,298.50"
2025-10-14,"$270,535.69","$2,071.46","$102,679.93","$146,119.78"
2025-10-15,"$295,977.87","$25,442.18","$128,122.11","$146,768.48"
2025-10-16,"$290,966.34","$-5,011.54","$123,110.57","$145,768.96"
2025-10-17,"$289,130.44","$-1,835.90","$121,274.68","$146,596.39"
2025-10-18,"$289,130.44",$0.00,"$121,274.68","$146,596.39"
2025-10-19,"$289,130.44",$0.00,"$121,274.68","$146,596.39"
2025-10-20,"$298,409.20",$0.00,"$121,274.68","$148,121.06"
2025-10-21,"$295,270.79","$-3,138.40","$118,136.27","$148,118.84"
2025-10-22,"$285,595.07","$-9,675.72","$108,460.55","$147,348.79"
2025-10-23,"$291,440.71","$5,845.64","$114,306.19","$148,222.56"
2025-10-24,"$313,675.77","$22,235.06","$136,541.25","$149,433.92"
2025-10-25,"$313,675.77",$0.00,"$136,541.25","$149,433.92"
2025-10-26,"$313,675.77",$0.00,"$136,541.25","$149,433.92"
2025-10-27,"$322,047.25",$0.00,"$136,541.25","$151,196.89"
2025-10-28,"$321,361.00",$-686.26,"$135,855.00","$151,598.47"
2025-10-29,"$330,548.61","$9,187.62","$145,042.61","$151,671.29"
2025-10-30,"$327,613.14","$-2,935.48","$142,107.13","$150,003.19"
2025-10-31,"$326,063.54","$-1,549.60","$140,557.54","$150,495.24"
2025-11-01,"$326,063.54",$0.00,"$140,557.54","$150,495.24"
2025-11-02,"$326,063.54",$0.00,"$140,557.54","$150,495.24"
2025-11-03,"$332,848.43",$0.00,"$140,557.54","$150,777.67"
2025-11-04,"$326,383.52","$-6,464.91","$134,092.63","$148,990.41"
2025-11-05,"$332,152.73","$5,769.21","$139,861.84","$149,506.73"
2025-11-06,"$327,673.48","$-4,479.24","$135,382.59","$147,902.62"
2025-11-07,"$320,894.63","$-6,778.86","$128,603.74","$148,048.24"
2025-11-08,"$320,894.63",$0.00,"$128,603.74","$148,048.24"
2025-11-09,"$320,894.63",$0.00,"$128,603.74","$148,048.24"
2025-11-10,"$329,972.85",$0.00,"$128,603.74","$150,358.44"
2025-11-11,"$330,699.52",$726.67,"$129,330.41","$150,702.64"
2025-11-12,"$326,086.56","$-4,612.96","$124,717.45","$150,786.49"
2025-11-13,"$317,052.58","$-9,033.98","$115,683.47","$148,284.33"
2025-11-14,"$315,148.92","$-1,903.66","$113,779.81","$148,260.07"
2025-11-15,"$315,148.92",$0.00,"$113,779.81","$148,260.07"
2025-11-16,"$315,148.92",$0.00,"$113,779.81","$148,260.07"
2025-11-17,"$312,729.40",$0.00,"$113,779.81","$146,878.81"
2025-11-18,"$311,925.58",$-803.81,"$112,976.00","$145,645.40"
2025-11-19,"$321,284.17","$9,358.58","$122,334.58","$146,208.05"
2025-11-20,"$317,597.45","$-3,686.72","$118,647.86","$143,979.50"
2025-11-21,"$328,800.29","$11,202.85","$129,850.70","$145,413.71"
2025-11-22,"$328,800.29",$0.00,"$129,850.70","$145,413.71"
2025-11-23,"$328,800.29",$0.00,"$129,850.70","$145,413.71"
2025-11-24,"$349,560.12",$0.00,"$129,850.70","$147,553.99"
2025-11-25,"$354,892.74","$5,332.62","$135,183.32","$148,941.87"
2025-11-26,"$351,063.37","$-3,829.37","$131,353.95","$149,970.10"
2025-11-27,"$351,063.37",$0.00,"$131,353.95","$149,970.10"
2025-11-28,"$351,315.72",$0.00,"$131,353.95","$150,788.69"
2025-11-29,"$351,315.72",$0.00,"$131,353.95","$150,788.69"
2025-11-30,"$351,315.72",$0.00,"$131,353.95","$150,788.69"
2025-12-01,"$345,511.32",$0.00,"$131,353.95","$150,100.28"
2025-12-02,"$346,520.77","$1,009.45","$132,363.40","$150,378.29"
2025-12-03,"$350,712.25","$4,191.48","$136,554.88","$150,899.02"
2025-12-04,"$348,506.78","$-2,205.47","$134,349.41","$151,009.34"
2025-12-05,"$352,511.71","$4,004.93","$138,354.34","$151,296.18"
2025-12-06,"$352,511.71",$0.00,"$138,354.34","$151,296.18"
2025-12-07,"$352,511.71",$0.00,"$138,354.34","$151,296.18"
2025-12-08,"$344,227.53",$0.00,"$138,354.34","$150,841.65"
2025-12-09,"$346,070.90","$1,843.36","$140,197.70","$150,711.46"
2025-12-10,"$351,703.90","$5,633.00","$145,830.71","$151,711.01"
2025-12-11,"$346,083.59","$-5,620.31","$140,210.40","$152,064.03"
2025-12-12,"$306,533.16","$-39,550.43","$100,659.97","$150,429.04"
2025-12-13,"$306,533.16",$0.00,"$100,659.97","$150,429.04"
2025-12-14,"$306,533.16",$0.00,"$100,659.97","$150,429.04"
2025-12-15,"$311,468.21",$0.00,"$100,659.97","$150,201.77"
2025-12-16,"$315,416.68","$3,948.47","$104,608.44","$149,791.37"
2025-12-17,"$300,923.98","$-14,492.70","$90,115.74","$148,143.13"
2025-12-18,"$311,298.57","$10,374.59","$100,490.33","$149,261.80"
2025-12-19,"$309,282.57","$-2,016.00","$98,474.33","$150,614.63"
2025-12-20,"$309,282.57",$0.00,"$98,474.33","$150,614.63"
2025-12-21,"$309,282.57",$0.00,"$98,474.33","$150,614.63"
2025-12-22,"$312,336.89",$0.00,"$98,474.33","$151,552.94"
2025-12-23,"$312,127.94",$-208.94,"$98,265.39","$152,245.61"
2025-12-24,"$312,025.61",$-102.34,"$98,163.05","$152,781.15"
2025-12-25,"$312,025.61",$0.00,"$98,163.05","$152,781.15"
2025-12-26,"$305,462.73",$0.00,"$98,163.05","$152,765.66"
2025-12-27,"$305,462.73",$0.00,"$98,163.05","$152,765.66"
2025-12-28,"$305,462.73",$0.00,"$98,163.05","$152,765.66"
2025-12-29,"$295,466.86",$0.00,"$98,163.05","$152,221.25"
2025-12-30,"$295,466.86",$0.00,"$98,163.05","$152,035.37"
2025-12-31,"$295,466.86",$0.00,"$98,163.05","$152,035.37"
